order_id,customer_id,order_date,country,currency,category,item_price,vat_gst_amount,payment_method,digital_root,account_age_days,previous_orders,previous_returns,device_type,is_festive_period,is_fraud_or_return
DHAN-ORD-100000,CUST-2309,2026-07-15,NP,NPR,Kitchen,23128.99,3006.77,KHALTI,7,99,2,0,Mobile_App,0,0
DHAN-ORD-100001,CUST-1228,2026-07-01,NP,NPR,Kitchen,3282.65,426.74,KHALTI,6,44,2,0,Mobile_App,0,0
DHAN-ORD-100002,CUST-1051,2026-08-09,IN,INR,Electronics,6204.15,1116.75,UPI,3,28,2,1,Mobile_Web,0,1
DHAN-ORD-100003,CUST-1563,2026-07-28,NP,NPR,Apparel,13817.96,1796.33,COD,2,196,4,0,Mobile_App,0,0
DHAN-ORD-100004,CUST-1501,2026-07-06,IN,INR,Beauty,3093.02,556.74,RAZORPAY,6,139,4,0,Mobile_App,0,0
DHAN-ORD-100005,CUST-1457,2026-07-06,NP,NPR,Festive,2809.55,365.24,ESEWA,1,40,3,1,Mobile_App,0,1
DHAN-ORD-100006,CUST-1285,2026-07-02,IN,INR,Computers,1213.61,218.45,UPI,7,83,2,0,Mobile_App,0,0
DHAN-ORD-100007,CUST-1209,2026-08-30,IN,INR,Apparel,2919.71,525.55,RAZORPAY,3,157,4,0,Mobile_App,0,0
DHAN-ORD-100008,CUST-2385,2026-07-28,NP,NPR,Toys,11906.96,1547.9,COD,8,114,3,0,Desktop,0,0
DHAN-ORD-100009,CUST-2116,2026-08-06,NP,NPR,Toys,10671.59,1387.31,ESEWA,6,250,3,0,Mobile_App,0,0
DHAN-ORD-100010,CUST-1178,2026-07-01,NP,NPR,Festive,914.7,118.91,CONNECT_IPS,5,47,0,0,Mobile_Web,0,0
DHAN-ORD-100011,CUST-2209,2026-07-16,IN,INR,Toys,875.28,157.55,UPI,2,55,6,0,Mobile_Web,0,0
DHAN-ORD-100012,CUST-1864,2026-08-23,NP,NPR,Festive,738.04,95.95,ESEWA,9,234,2,0,Mobile_App,0,0
DHAN-ORD-100013,CUST-1065,2026-07-08,IN,INR,Kitchen,1269.62,228.53,RAZORPAY,9,141,4,0,Mobile_App,0,1
DHAN-ORD-100014,CUST-1061,2026-07-07,NP,NPR,Beauty,19900.54,2587.07,KHALTI,1,132,3,0,Mobile_App,0,0
DHAN-ORD-100015,CUST-1191,2026-07-07,NP,NPR,Computers,4554.31,592.06,KHALTI,9,25,3,1,Mobile_Web,0,0
DHAN-ORD-100016,CUST-1447,2026-07-11,NP,NPR,Computers,9683.61,1258.87,ESEWA,8,299,6,0,Mobile_App,0,0
DHAN-ORD-100017,CUST-1476,2026-07-23,NP,NPR,Electronics,2167.37,281.76,ESEWA,7,167,2,0,Mobile_App,0,1
DHAN-ORD-100018,CUST-2034,2026-07-17,IN,INR,Computers,2243.76,403.88,UPI,2,114,1,0,Mobile_App,0,0
DHAN-ORD-100019,CUST-2232,2026-07-11,IN,INR,Electronics,5150.1,927.02,UPI,2,155,7,0,Mobile_Web,0,0
DHAN-ORD-100020,CUST-1054,2026-07-29,IN,INR,Electronics,3399.16,611.85,RAZORPAY,6,33,0,0,Mobile_Web,0,0
DHAN-ORD-100021,CUST-2149,2026-07-05,NP,NPR,Computers,1661.3,215.97,KHALTI,5,303,11,2,Mobile_Web,0,0
DHAN-ORD-100022,CUST-1407,2026-07-11,AE,AED,Festive,434.54,21.73,COD,2,57,4,0,Mobile_Web,0,0
DHAN-ORD-100023,CUST-2466,2026-07-14,IN,INR,Computers,1078.49,194.13,COD,7,47,2,0,Mobile_Web,0,0
DHAN-ORD-100024,CUST-2330,2026-07-19,AE,AED,Toys,309.3,15.47,CARD,3,176,3,1,Mobile_App,0,0
DHAN-ORD-100025,CUST-2436,2026-08-16,NP,NPR,Electronics,8092.07,1051.97,COD,1,49,2,0,Mobile_Web,0,1
DHAN-ORD-100026,CUST-2116,2026-07-07,NP,NPR,Festive,712.25,92.59,KHALTI,1,129,7,0,Desktop,0,0
DHAN-ORD-100027,CUST-1859,2026-07-22,NP,NPR,Festive,3596.37,467.53,ESEWA,5,266,1,0,Mobile_Web,0,0
DHAN-ORD-100028,CUST-1451,2026-07-27,IN,INR,Apparel,2739.17,493.05,RAZORPAY,3,87,5,1,Mobile_App,0,0
DHAN-ORD-100029,CUST-1919,2026-07-02,NP,NPR,Apparel,9297.67,1208.7,CONNECT_IPS,9,12,4,0,Desktop,0,0
DHAN-ORD-100030,CUST-2206,2026-07-29,NP,NPR,Computers,1335.75,173.65,ESEWA,3,197,6,0,Mobile_App,0,0
DHAN-ORD-100031,CUST-1569,2026-07-06,NP,NPR,Books,1070.0,139.1,ESEWA,8,128,3,0,Desktop,0,0
DHAN-ORD-100032,CUST-1013,2026-07-03,IN,INR,Festive,1457.93,262.43,RAZORPAY,8,298,1,0,Desktop,0,0
DHAN-ORD-100033,CUST-1326,2026-09-28,IN,INR,Festive,646.55,116.38,UPI,7,70,3,2,Mobile_App,1,1
DHAN-ORD-100034,CUST-2429,2026-07-12,NP,NPR,Apparel,12336.51,1603.75,ESEWA,6,94,3,0,Mobile_Web,0,0
DHAN-ORD-100035,CUST-1865,2026-08-19,NP,NPR,Kitchen,4906.66,637.87,COD,1,148,3,1,Mobile_App,0,1
DHAN-ORD-100036,CUST-1696,2026-07-11,IN,INR,Festive,3671.25,660.82,UPI,8,29,3,0,Mobile_App,0,0
DHAN-ORD-100037,CUST-1569,2026-07-04,AE,AED,Electronics,150.0,7.5,CARD,6,73,4,1,Mobile_Web,0,0
DHAN-ORD-100038,CUST-1318,2026-08-04,IN,INR,Apparel,1203.56,216.64,UPI,6,243,5,0,Mobile_App,0,1
DHAN-ORD-100039,CUST-1440,2026-07-18,AE,AED,Computers,150.0,7.5,COD,6,199,4,0,Mobile_Web,0,0
DHAN-ORD-100040,CUST-1689,2026-07-04,IN,INR,Festive,1723.54,310.24,COD,4,70,4,0,Mobile_Web,0,0
DHAN-ORD-100041,CUST-1209,2026-07-21,IN,INR,Computers,7160.56,1288.9,RAZORPAY,5,12,1,0,Desktop,0,0
DHAN-ORD-100042,CUST-1189,2026-07-02,NP,NPR,Electronics,693.94,90.21,COD,9,111,3,0,Mobile_App,0,0
DHAN-ORD-100043,CUST-1778,2026-09-11,IN,INR,Apparel,6167.63,1110.17,RAZORPAY,2,122,6,0,Mobile_App,1,0
DHAN-ORD-100044,CUST-1198,2026-07-09,IN,INR,Toys,896.81,161.43,RAZORPAY,5,82,4,0,Mobile_Web,0,0
DHAN-ORD-100045,CUST-1735,2026-08-02,IN,INR,Apparel,4205.15,756.93,CARD,2,237,5,1,Mobile_App,0,0
DHAN-ORD-100046,CUST-1704,2026-07-12,NP,NPR,Electronics,2377.68,309.1,KHALTI,1,170,7,1,Desktop,0,0
DHAN-ORD-100047,CUST-2236,2026-07-23,NP,NPR,Computers,251.35,32.68,KHALTI,8,74,3,0,Desktop,0,0
DHAN-ORD-100048,CUST-1541,2026-07-24,NP,NPR,Toys,6236.39,810.73,ESEWA,8,141,0,0,Mobile_App,0,0
DHAN-ORD-100049,CUST-1088,2026-07-07,NP,NPR,Books,8476.17,1101.9,ESEWA,7,116,2,0,Mobile_App,0,0
DHAN-ORD-100050,CUST-2494,2026-07-15,NP,NPR,Fitness,4457.49,579.47,ESEWA,2,241,2,0,Mobile_Web,0,0
DHAN-ORD-100051,CUST-1940,2026-08-14,IN,INR,Beauty,408.76,73.58,RAZORPAY,3,169,1,0,Mobile_App,0,0
DHAN-ORD-100052,CUST-2098,2026-09-23,NP,NPR,Festive,1437.78,186.91,ESEWA,6,104,5,0,Mobile_App,1,0
DHAN-ORD-100053,CUST-1255,2026-09-06,NP,NPR,Kitchen,774.73,100.71,ESEWA,9,228,3,1,Mobile_App,1,0
DHAN-ORD-100054,CUST-1775,2026-07-28,NP,NPR,Beauty,15819.86,2056.58,ESEWA,6,51,3,0,Mobile_Web,0,0
DHAN-ORD-100055,CUST-1161,2026-09-15,IN,INR,Beauty,1337.85,240.81,COD,5,85,3,0,Mobile_App,1,0
DHAN-ORD-100056,CUST-2130,2026-07-03,NP,NPR,Kitchen,4746.43,617.04,KHALTI,3,154,2,0,Mobile_App,0,0
DHAN-ORD-100057,CUST-1600,2026-07-07,NP,NPR,Fitness,10101.42,1313.18,COD,3,141,1,0,Mobile_App,0,0
DHAN-ORD-100058,CUST-2287,2026-07-02,IN,INR,Beauty,3517.8,633.2,UPI,7,35,2,0,Desktop,0,1
DHAN-ORD-100059,CUST-2266,2026-07-12,NP,NPR,Electronics,7633.24,992.32,CONNECT_IPS,1,124,3,0,Mobile_App,0,0
DHAN-ORD-100060,CUST-1740,2026-07-15,AE,AED,Electronics,150.0,7.5,CARD,6,253,2,1,Mobile_App,0,1
DHAN-ORD-100061,CUST-2182,2026-07-10,AE,AED,Computers,150.0,7.5,APPLE_PAY,6,8,3,0,Mobile_App,0,0
DHAN-ORD-100062,CUST-1393,2026-08-22,NP,NPR,Apparel,1434.89,186.54,KHALTI,3,257,2,0,Desktop,0,0
DHAN-ORD-100063,CUST-2442,2026-07-14,NP,NPR,Electronics,16545.26,2150.88,ESEWA,3,147,2,0,Mobile_App,0,0
DHAN-ORD-100064,CUST-1142,2026-07-10,IN,INR,Computers,5409.96,973.79,UPI,9,111,5,0,Mobile_Web,0,0
DHAN-ORD-100065,CUST-1093,2026-07-24,NP,NPR,Apparel,5797.67,753.7,ESEWA,1,42,3,0,Mobile_App,0,1
DHAN-ORD-100066,CUST-2354,2026-07-05,NP,NPR,Apparel,3811.28,495.47,ESEWA,4,118,4,0,Mobile_App,0,0
DHAN-ORD-100067,CUST-1466,2026-08-18,NP,NPR,Toys,36961.58,4805.01,COD,7,100,2,0,Mobile_App,0,0
DHAN-ORD-100068,CUST-1592,2026-07-03,AE,AED,Beauty,471.49,23.57,APPLE_PAY,3,100,3,0,Mobile_App,0,0
DHAN-ORD-100069,CUST-1163,2026-08-10,NP,NPR,Festive,1389.75,180.67,ESEWA,3,74,5,0,Mobile_App,0,0
DHAN-ORD-100070,CUST-1476,2026-08-14,IN,INR,Festive,3085.51,555.39,COD,7,119,1,0,Mobile_App,0,1
DHAN-ORD-100071,CUST-1206,2026-07-07,IN,INR,Fitness,5196.47,935.36,RAZORPAY,3,168,1,0,Mobile_App,0,0
DHAN-ORD-100072,CUST-1778,2026-07-01,NP,NPR,Apparel,3011.83,391.54,ESEWA,5,201,2,0,Mobile_Web,0,0
DHAN-ORD-100073,CUST-1569,2026-08-20,NP,NPR,Electronics,3450.75,448.6,ESEWA,3,31,4,0,Mobile_Web,0,0
DHAN-ORD-100074,CUST-1928,2026-08-06,AE,AED,Books,356.35,17.82,CARD,5,32,4,1,Mobile_App,0,0
DHAN-ORD-100075,CUST-2301,2026-08-09,NP,NPR,Electronics,5922.83,769.97,COD,9,74,6,1,Mobile_App,0,0
DHAN-ORD-100076,CUST-1747,2026-08-14,IN,INR,Electronics,3375.33,607.56,UPI,9,92,0,0,Mobile_App,0,0
DHAN-ORD-100077,CUST-1333,2026-07-03,NP,NPR,Kitchen,9407.23,1222.94,ESEWA,2,88,2,0,Mobile_App,0,0
DHAN-ORD-100078,CUST-1758,2026-07-14,NP,NPR,Computers,4636.59,602.76,CONNECT_IPS,1,24,5,1,Mobile_App,0,0
DHAN-ORD-100079,CUST-1727,2026-07-04,NP,NPR,Books,9319.66,1211.56,COD,4,24,6,0,Desktop,0,1
DHAN-ORD-100080,CUST-1429,2026-08-29,NP,NPR,Apparel,2450.27,318.54,KHALTI,2,191,4,0,Mobile_Web,0,0
DHAN-ORD-100081,CUST-2372,2026-07-30,NP,NPR,Apparel,7172.67,932.45,CONNECT_IPS,8,72,1,0,Mobile_App,0,0
DHAN-ORD-100082,CUST-1546,2026-07-13,IN,INR,Apparel,3649.1,656.84,CARD,4,19,3,0,Mobile_App,0,0
DHAN-ORD-100083,CUST-2437,2026-07-02,NP,NPR,Beauty,5389.05,700.58,CONNECT_IPS,7,159,6,1,Desktop,0,0
DHAN-ORD-100084,CUST-2399,2026-07-12,NP,NPR,Computers,1868.62,242.92,COD,5,5,1,0,Mobile_Web,0,0
DHAN-ORD-100085,CUST-2327,2026-07-12,NP,NPR,Apparel,391.08,50.84,ESEWA,4,76,6,0,Mobile_Web,0,0
DHAN-ORD-100086,CUST-1146,2026-08-09,IN,INR,Toys,1186.08,213.49,UPI,7,28,7,0,Mobile_App,0,0
DHAN-ORD-100087,CUST-2247,2026-07-31,NP,NPR,Kitchen,1292.47,168.02,ESEWA,5,27,4,0,Desktop,0,0
DHAN-ORD-100088,CUST-2300,2026-09-04,IN,INR,Toys,16020.13,2883.62,RAZORPAY,9,305,2,0,Mobile_App,1,0
DHAN-ORD-100089,CUST-1350,2026-07-20,NP,NPR,Electronics,10243.58,1331.67,ESEWA,1,223,3,0,Desktop,0,0
DHAN-ORD-100090,CUST-2093,2026-07-04,NP,NPR,Electronics,752.69,97.85,KHALTI,5,383,4,0,Mobile_App,0,0
DHAN-ORD-100091,CUST-2493,2026-08-07,NP,NPR,Electronics,7338.87,954.05,KHALTI,3,317,7,2,Mobile_App,0,0
DHAN-ORD-100092,CUST-1501,2026-08-12,IN,INR,Kitchen,2670.21,480.64,RAZORPAY,6,94,3,0,Desktop,0,0
DHAN-ORD-100093,CUST-1334,2026-07-25,NP,NPR,Festive,5135.08,667.56,ESEWA,5,59,2,0,Mobile_App,0,1
DHAN-ORD-100094,CUST-1946,2026-08-14,NP,NPR,Festive,1243.81,161.7,COD,1,196,4,0,Mobile_App,0,0
DHAN-ORD-100095,CUST-1777,2026-07-21,NP,NPR,Kitchen,777.98,101.14,ESEWA,3,225,2,0,Mobile_App,0,0
DHAN-ORD-100096,CUST-1552,2026-07-23,IN,INR,Apparel,1497.55,269.56,RAZORPAY,3,118,5,2,Mobile_App,0,0
DHAN-ORD-100097,CUST-2310,2026-07-17,NP,NPR,Toys,14616.3,1900.12,COD,9,115,2,0,Mobile_Web,0,1
DHAN-ORD-100098,CUST-2409,2026-07-01,NP,NPR,Electronics,6960.95,904.92,KHALTI,3,149,3,0,Mobile_App,0,0
DHAN-ORD-100099,CUST-2140,2026-07-04,NP,NPR,Electronics,2069.46,269.03,ESEWA,8,35,5,0,Mobile_App,0,0
DHAN-ORD-100100,CUST-1449,2026-07-01,NP,NPR,Books,2403.93,312.51,ESEWA,9,40,2,0,Mobile_App,0,0
DHAN-ORD-100101,CUST-2402,2026-07-31,IN,INR,Apparel,1334.94,240.29,UPI,2,85,0,0,Mobile_Web,0,0
DHAN-ORD-100102,CUST-1664,2026-07-12,IN,INR,Books,3621.06,651.79,UPI,3,35,5,0,Mobile_Web,0,0
DHAN-ORD-100103,CUST-1114,2026-07-22,NP,NPR,Kitchen,9208.71,1197.13,KHALTI,1,39,1,1,Mobile_App,0,0
DHAN-ORD-100104,CUST-1469,2026-09-10,NP,NPR,Apparel,4158.24,540.57,ESEWA,9,58,4,0,Mobile_Web,1,1
DHAN-ORD-100105,CUST-1065,2026-07-09,NP,NPR,Electronics,638.8,83.04,KHALTI,8,65,1,0,Mobile_App,0,0
DHAN-ORD-100106,CUST-1646,2026-07-16,NP,NPR,Electronics,7394.38,961.27,KHALTI,5,430,1,0,Mobile_App,0,0
DHAN-ORD-100107,CUST-1821,2026-08-12,NP,NPR,Beauty,676.77,87.98,ESEWA,1,31,7,0,Mobile_App,0,0
DHAN-ORD-100108,CUST-1548,2026-07-08,IN,INR,Electronics,4296.55,773.38,UPI,3,128,5,0,Mobile_Web,0,0
DHAN-ORD-100109,CUST-1135,2026-07-03,AE,AED,Electronics,150.0,7.5,APPLE_PAY,6,187,4,0,Mobile_Web,0,0
DHAN-ORD-100110,CUST-1432,2026-07-11,AE,AED,Electronics,420.1,21.01,CARD,6,24,6,1,Mobile_App,0,0
DHAN-ORD-100111,CUST-2161,2026-07-06,IN,INR,Computers,977.19,175.89,UPI,5,177,3,0,Mobile_App,0,0
DHAN-ORD-100112,CUST-2470,2026-09-18,IN,INR,Apparel,1027.34,184.92,RAZORPAY,1,17,2,0,Mobile_App,1,0
DHAN-ORD-100113,CUST-1644,2026-08-19,IN,INR,Beauty,7607.36,1369.32,RAZORPAY,2,63,6,0,Mobile_App,0,0
DHAN-ORD-100114,CUST-1435,2026-07-31,NP,NPR,Computers,2649.29,344.41,ESEWA,3,73,4,0,Mobile_App,0,0
DHAN-ORD-100115,CUST-2342,2026-08-31,IN,INR,Electronics,1569.79,282.56,COD,3,81,7,0,Mobile_Web,0,0
DHAN-ORD-100116,CUST-2022,2026-08-18,NP,NPR,Computers,14183.37,1843.84,KHALTI,8,324,4,0,Mobile_Web,0,0
DHAN-ORD-100117,CUST-1810,2026-07-07,NP,NPR,Apparel,18345.01,2384.85,COD,3,22,6,0,Mobile_App,0,1
DHAN-ORD-100118,CUST-2316,2026-09-05,IN,INR,Computers,746.1,134.3,CARD,8,88,3,0,Mobile_Web,1,0
DHAN-ORD-100119,CUST-1939,2026-07-24,NP,NPR,Toys,50934.42,6621.47,CONNECT_IPS,3,147,4,2,Mobile_Web,0,1
DHAN-ORD-100120,CUST-1292,2026-08-19,NP,NPR,Computers,3838.29,498.98,KHALTI,4,68,2,0,Mobile_App,0,0
DHAN-ORD-100121,CUST-1542,2026-09-06,AE,AED,Electronics,150.0,7.5,APPLE_PAY,6,338,4,1,Mobile_Web,1,0
DHAN-ORD-100122,CUST-1285,2026-07-12,NP,NPR,Festive,12218.76,1588.44,ESEWA,5,9,1,0,Mobile_App,0,0
DHAN-ORD-100123,CUST-1505,2026-07-04,NP,NPR,Toys,2512.73,326.65,CONNECT_IPS,1,90,7,0,Mobile_App,0,0
DHAN-ORD-100124,CUST-2149,2026-07-08,AE,AED,Computers,1518.84,75.94,CARD,6,238,5,0,Desktop,0,0
DHAN-ORD-100125,CUST-2103,2026-07-17,IN,INR,Festive,857.94,154.43,RAZORPAY,2,73,0,0,Mobile_App,0,1
DHAN-ORD-100126,CUST-1538,2026-08-21,NP,NPR,Beauty,6251.03,812.63,ESEWA,5,31,5,3,Mobile_Web,0,0
DHAN-ORD-100127,CUST-2197,2026-08-29,NP,NPR,Festive,29040.75,3775.3,ESEWA,6,31,3,1,Mobile_App,0,0
DHAN-ORD-100128,CUST-1877,2026-07-01,NP,NPR,Apparel,1182.59,153.74,KHALTI,3,317,5,1,Mobile_App,0,0
DHAN-ORD-100129,CUST-2195,2026-07-22,IN,INR,Apparel,10711.08,1927.99,RAZORPAY,1,144,7,2,Mobile_App,0,0
DHAN-ORD-100130,CUST-1817,2026-07-17,IN,INR,Books,806.05,145.09,RAZORPAY,5,255,2,0,Mobile_Web,0,0
DHAN-ORD-100131,CUST-1741,2026-07-08,NP,NPR,Electronics,1859.68,241.76,ESEWA,5,108,10,1,Mobile_Web,0,0
DHAN-ORD-100132,CUST-1449,2026-07-04,NP,NPR,Apparel,2766.63,359.66,COD,3,31,6,1,Mobile_App,0,0
DHAN-ORD-100133,CUST-1283,2026-07-13,NP,NPR,Beauty,1910.44,248.36,KHALTI,2,156,8,2,Mobile_App,0,0
DHAN-ORD-100134,CUST-2043,2026-09-24,AE,AED,Computers,150.0,7.5,CARD,6,36,5,2,Mobile_Web,1,1
DHAN-ORD-100135,CUST-2010,2026-07-12,NP,NPR,Computers,2288.33,297.48,ESEWA,2,323,6,1,Mobile_Web,0,0
DHAN-ORD-100136,CUST-1186,2026-07-22,IN,INR,Computers,7404.09,1332.74,RAZORPAY,6,15,2,0,Mobile_App,0,0
DHAN-ORD-100137,CUST-1096,2026-08-06,NP,NPR,Apparel,2792.11,362.97,ESEWA,2,70,2,0,Mobile_Web,0,0
DHAN-ORD-100138,CUST-1224,2026-07-14,IN,INR,Apparel,2848.46,512.72,UPI,4,40,10,2,Mobile_App,0,0
DHAN-ORD-100139,CUST-1313,2026-07-18,AE,AED,Apparel,174.48,8.72,COD,3,63,3,0,Mobile_Web,0,1
DHAN-ORD-100140,CUST-2285,2026-07-09,IN,INR,Computers,4213.48,758.43,UPI,1,36,0,0,Desktop,0,1
DHAN-ORD-100141,CUST-1327,2026-07-09,NP,NPR,Beauty,5677.89,738.13,KHALTI,7,52,7,0,Mobile_Web,0,0
DHAN-ORD-100142,CUST-2393,2026-07-21,IN,INR,Festive,6022.83,1084.11,RAZORPAY,1,233,4,0,Mobile_Web,0,1
DHAN-ORD-100143,CUST-1864,2026-07-11,IN,INR,Kitchen,3046.55,548.38,COD,4,139,1,0,Mobile_App,0,0
DHAN-ORD-100144,CUST-2221,2026-07-11,NP,NPR,Apparel,6392.19,830.98,ESEWA,2,201,4,0,Mobile_Web,0,0
DHAN-ORD-100145,CUST-1130,2026-07-02,IN,INR,Fitness,5954.21,1071.76,RAZORPAY,5,87,4,0,Mobile_App,0,0
DHAN-ORD-100146,CUST-1788,2026-07-29,IN,INR,Fitness,3160.19,568.83,RAZORPAY,1,91,4,1,Desktop,0,0
DHAN-ORD-100147,CUST-1781,2026-07-21,IN,INR,Beauty,3863.6,695.45,UPI,2,146,3,1,Mobile_Web,0,0
DHAN-ORD-100148,CUST-2220,2026-07-02,IN,INR,Festive,3478.41,626.11,RAZORPAY,4,40,3,1,Desktop,0,0
DHAN-ORD-100149,CUST-1958,2026-07-10,NP,NPR,Kitchen,1241.99,161.46,CONNECT_IPS,8,96,2,0,Mobile_Web,0,0
DHAN-ORD-100150,CUST-2083,2026-09-10,NP,NPR,Festive,4885.81,635.16,KHALTI,7,77,8,1,Mobile_App,1,0
DHAN-ORD-100151,CUST-1514,2026-07-09,NP,NPR,Electronics,2684.76,349.02,COD,2,40,0,0,Mobile_Web,0,0
DHAN-ORD-100152,CUST-2133,2026-07-05,AE,AED,Electronics,224.23,11.21,APPLE_PAY,8,134,5,0,Mobile_App,0,0
DHAN-ORD-100153,CUST-1023,2026-07-21,IN,INR,Computers,3101.15,558.21,UPI,5,164,4,0,Mobile_App,0,0
DHAN-ORD-100154,CUST-2393,2026-08-07,IN,INR,Fitness,2240.2,403.24,RAZORPAY,8,65,3,0,Desktop,0,0
DHAN-ORD-100155,CUST-2476,2026-07-09,NP,NPR,Kitchen,40595.91,5277.47,COD,5,71,3,0,Mobile_App,0,0
DHAN-ORD-100156,CUST-1234,2026-08-03,NP,NPR,Electronics,3314.59,430.9,KHALTI,2,180,7,1,Desktop,0,0
DHAN-ORD-100157,CUST-2396,2026-08-13,IN,INR,Electronics,1446.75,260.41,UPI,6,54,4,1,Mobile_Web,0,0
DHAN-ORD-100158,CUST-2099,2026-07-09,NP,NPR,Festive,8465.62,1100.53,COD,5,147,4,0,Mobile_App,0,0
DHAN-ORD-100159,CUST-1546,2026-08-09,NP,NPR,Festive,1639.56,213.14,ESEWA,1,94,2,0,Mobile_Web,0,0
DHAN-ORD-100160,CUST-2312,2026-07-14,IN,INR,Apparel,555.38,99.97,CARD,6,156,10,0,Mobile_App,0,0
DHAN-ORD-100161,CUST-1696,2026-07-31,NP,NPR,Apparel,993.03,129.09,CONNECT_IPS,3,238,6,1,Desktop,0,0
DHAN-ORD-100162,CUST-1228,2026-07-31,NP,NPR,Beauty,2044.41,265.77,KHALTI,1,171,0,0,Mobile_App,0,0
DHAN-ORD-100163,CUST-1601,2026-07-24,NP,NPR,Kitchen,1679.04,218.28,COD,5,103,2,0,Desktop,0,1
DHAN-ORD-100164,CUST-1890,2026-07-03,NP,NPR,Festive,2015.73,262.04,COD,8,64,2,0,Mobile_App,0,0
DHAN-ORD-100165,CUST-1323,2026-08-24,AE,AED,Computers,150.0,7.5,APPLE_PAY,6,14,6,1,Mobile_App,0,0
DHAN-ORD-100166,CUST-1929,2026-07-12,NP,NPR,Kitchen,1254.82,163.13,COD,3,77,1,0,Desktop,0,1
DHAN-ORD-100167,CUST-1006,2026-07-07,NP,NPR,Kitchen,3967.0,515.71,KHALTI,7,109,6,0,Mobile_Web,0,0
DHAN-ORD-100168,CUST-2478,2026-07-02,NP,NPR,Beauty,3928.07,510.65,ESEWA,4,49,2,0,Mobile_Web,0,0
DHAN-ORD-100169,CUST-2473,2026-07-27,IN,INR,Beauty,14607.75,2629.39,UPI,9,177,4,0,Mobile_App,0,0
DHAN-ORD-100170,CUST-1539,2026-08-03,NP,NPR,Beauty,13090.08,1701.71,KHALTI,4,98,4,0,Mobile_App,0,0
DHAN-ORD-100171,CUST-2025,2026-07-01,IN,INR,Computers,440.49,79.29,RAZORPAY,8,417,6,1,Desktop,0,0
DHAN-ORD-100172,CUST-1365,2026-07-22,NP,NPR,Beauty,17842.44,2319.52,KHALTI,4,151,1,0,Mobile_App,0,1
DHAN-ORD-100173,CUST-2039,2026-07-08,NP,NPR,Electronics,2065.28,268.49,ESEWA,4,307,6,0,Mobile_App,0,0
DHAN-ORD-100174,CUST-1217,2026-08-01,NP,NPR,Electronics,3658.5,475.61,COD,4,66,4,0,Desktop,0,0
DHAN-ORD-100175,CUST-2280,2026-07-06,IN,INR,Computers,6569.84,1182.57,RAZORPAY,8,343,4,0,Mobile_App,0,0
DHAN-ORD-100176,CUST-1611,2026-08-05,IN,INR,Toys,482.38,86.83,RAZORPAY,5,53,4,1,Desktop,0,0
DHAN-ORD-100177,CUST-2308,2026-07-15,NP,NPR,Kitchen,7273.51,945.56,ESEWA,1,175,5,0,Mobile_App,0,0
DHAN-ORD-100178,CUST-2039,2026-09-21,NP,NPR,Apparel,2211.25,287.46,COD,6,407,8,3,Mobile_Web,1,0
DHAN-ORD-100179,CUST-2247,2026-07-05,AE,AED,Toys,314.42,15.72,CARD,8,40,2,0,Mobile_App,0,0
DHAN-ORD-100180,CUST-1407,2026-07-13,NP,NPR,Apparel,266.31,34.62,KHALTI,5,164,4,0,Mobile_App,0,0
DHAN-ORD-100181,CUST-1313,2026-07-04,IN,INR,Beauty,1812.95,326.33,UPI,3,4,5,0,Mobile_App,0,1
DHAN-ORD-100182,CUST-1765,2026-09-16,NP,NPR,Kitchen,394.39,51.27,KHALTI,7,111,2,0,Mobile_App,1,0
DHAN-ORD-100183,CUST-1330,2026-09-01,AE,AED,Kitchen,272.34,13.62,CARD,2,71,2,0,Mobile_App,1,0
DHAN-ORD-100184,CUST-2104,2026-07-09,IN,INR,Apparel,7737.04,1392.67,RAZORPAY,6,60,2,0,Desktop,0,0
DHAN-ORD-100185,CUST-2086,2026-08-02,AE,AED,Beauty,243.88,12.19,APPLE_PAY,9,49,6,1,Mobile_App,0,0
DHAN-ORD-100186,CUST-1001,2026-08-20,IN,INR,Festive,150.0,27.0,UPI,6,361,4,0,Mobile_Web,0,0
DHAN-ORD-100187,CUST-2226,2026-07-25,NP,NPR,Festive,3869.96,503.09,COD,8,79,8,0,Mobile_Web,0,1
DHAN-ORD-100188,CUST-1663,2026-07-23,AE,AED,Electronics,768.72,38.44,COD,3,136,7,1,Desktop,0,0
DHAN-ORD-100189,CUST-2000,2026-07-09,NP,NPR,Computers,311.04,40.44,KHALTI,5,98,5,0,Mobile_Web,0,0
DHAN-ORD-100190,CUST-1039,2026-07-03,NP,NPR,Apparel,1596.54,207.55,ESEWA,3,29,4,1,Mobile_Web,0,0
DHAN-ORD-100191,CUST-1229,2026-09-07,IN,INR,Electronics,2953.99,531.72,COD,1,43,1,0,Mobile_App,1,0
DHAN-ORD-100192,CUST-1743,2026-09-08,IN,INR,Computers,218.36,39.3,RAZORPAY,2,101,4,0,Mobile_App,1,0
DHAN-ORD-100193,CUST-1629,2026-07-31,AE,AED,Festive,306.59,15.33,APPLE_PAY,9,46,4,0,Mobile_App,0,0
DHAN-ORD-100194,CUST-1490,2026-07-13,NP,NPR,Electronics,3458.45,449.6,KHALTI,2,49,1,0,Mobile_App,0,0
DHAN-ORD-100195,CUST-1118,2026-07-13,IN,INR,Festive,9107.32,1639.32,UPI,8,107,8,0,Mobile_Web,0,0
DHAN-ORD-100196,CUST-1493,2026-08-08,IN,INR,Toys,1569.64,282.54,RAZORPAY,3,97,4,1,Desktop,0,0
DHAN-ORD-100197,CUST-2161,2026-09-07,NP,NPR,Toys,2348.54,305.31,CONNECT_IPS,8,39,3,1,Mobile_App,1,0
DHAN-ORD-100198,CUST-1161,2026-09-04,NP,NPR,Electronics,150.0,19.5,CONNECT_IPS,6,64,3,0,Mobile_App,1,0
DHAN-ORD-100199,CUST-1175,2026-08-15,NP,NPR,Electronics,5338.54,694.01,KHALTI,1,61,4,0,Desktop,0,1
DHAN-ORD-100200,CUST-2498,2026-07-31,NP,NPR,Beauty,5985.45,778.11,COD,9,174,3,0,Mobile_App,0,0
DHAN-ORD-100201,CUST-1995,2026-07-03,AE,AED,Electronics,469.53,23.48,APPLE_PAY,1,80,3,1,Mobile_App,0,1
DHAN-ORD-100202,CUST-1141,2026-07-06,IN,INR,Electronics,4163.37,749.41,UPI,5,134,3,0,Desktop,0,0
DHAN-ORD-100203,CUST-2090,2026-09-07,IN,INR,Electronics,1235.53,222.4,UPI,2,110,3,0,Mobile_App,1,0
DHAN-ORD-100204,CUST-1257,2026-07-28,AE,AED,Electronics,150.0,7.5,CARD,6,61,0,0,Mobile_Web,0,0
DHAN-ORD-100205,CUST-1262,2026-07-01,NP,NPR,Electronics,10830.22,1407.93,CONNECT_IPS,3,60,4,0,Mobile_Web,0,0
DHAN-ORD-100206,CUST-2351,2026-07-04,IN,INR,Fitness,6752.26,1215.41,RAZORPAY,2,144,2,0,Mobile_App,0,0
DHAN-ORD-100207,CUST-1973,2026-08-02,NP,NPR,Electronics,9591.37,1246.88,ESEWA,6,175,2,0,Mobile_App,0,1
DHAN-ORD-100208,CUST-2125,2026-07-01,IN,INR,Computers,1009.42,181.7,RAZORPAY,1,42,3,0,Mobile_Web,0,0
DHAN-ORD-100209,CUST-1338,2026-07-06,NP,NPR,Apparel,1205.71,156.74,COD,8,46,3,0,Desktop,0,1
DHAN-ORD-100210,CUST-1542,2026-07-24,AE,AED,Books,150.0,7.5,APPLE_PAY,6,84,5,1,Mobile_App,0,0
DHAN-ORD-100211,CUST-2080,2026-08-05,NP,NPR,Kitchen,1840.84,239.31,ESEWA,4,248,1,0,Mobile_App,0,0
DHAN-ORD-100212,CUST-2242,2026-08-01,NP,NPR,Computers,3263.3,424.23,COD,5,58,1,1,Mobile_App,0,1
DHAN-ORD-100213,CUST-1866,2026-07-08,IN,INR,Apparel,1449.39,260.89,COD,9,53,6,0,Mobile_App,0,0
DHAN-ORD-100214,CUST-1433,2026-08-07,NP,NPR,Festive,4217.95,548.33,ESEWA,5,13,5,0,Mobile_App,0,0
DHAN-ORD-100215,CUST-2104,2026-07-09,IN,INR,Fitness,1156.47,208.16,UPI,4,37,5,1,Mobile_Web,0,0
DHAN-ORD-100216,CUST-2494,2026-07-12,NP,NPR,Apparel,1714.39,222.87,COD,4,126,1,0,Desktop,0,0
DHAN-ORD-100217,CUST-2412,2026-08-11,IN,INR,Electronics,1470.37,264.67,UPI,3,320,1,0,Desktop,0,0
DHAN-ORD-100218,CUST-1411,2026-08-01,NP,NPR,Beauty,1981.07,257.54,COD,1,31,3,0,Mobile_App,0,1
DHAN-ORD-100219,CUST-2460,2026-08-26,NP,NPR,Computers,6140.87,798.31,ESEWA,2,137,5,2,Desktop,0,0
DHAN-ORD-100220,CUST-1638,2026-08-02,NP,NPR,Apparel,16811.85,2185.54,KHALTI,8,22,4,1,Mobile_App,0,0
DHAN-ORD-100221,CUST-1817,2026-07-26,NP,NPR,Toys,1864.85,242.43,COD,1,138,2,0,Mobile_App,0,0
DHAN-ORD-100222,CUST-2375,2026-07-03,NP,NPR,Books,6133.67,797.38,ESEWA,4,135,1,0,Mobile_App,0,0
DHAN-ORD-100223,CUST-2330,2026-07-14,NP,NPR,Electronics,23728.95,3084.76,KHALTI,4,81,3,0,Mobile_App,0,0
DHAN-ORD-100224,CUST-1764,2026-07-10,NP,NPR,Computers,6028.69,783.73,ESEWA,7,172,1,0,Mobile_Web,0,0
DHAN-ORD-100225,CUST-1897,2026-07-09,NP,NPR,Beauty,7281.58,946.61,KHALTI,9,142,4,1,Mobile_App,0,1
DHAN-ORD-100226,CUST-2059,2026-07-19,IN,INR,Apparel,3833.13,689.96,RAZORPAY,8,167,3,0,Mobile_App,0,0
DHAN-ORD-100227,CUST-1924,2026-07-15,IN,INR,Fitness,3101.94,558.35,COD,5,142,6,1,Mobile_Web,0,0
DHAN-ORD-100228,CUST-1247,2026-09-05,NP,NPR,Electronics,3136.47,407.74,ESEWA,4,200,3,1,Mobile_App,1,0
DHAN-ORD-100229,CUST-1507,2026-07-30,IN,INR,Electronics,3499.39,629.89,RAZORPAY,7,169,2,1,Desktop,0,0
DHAN-ORD-100230,CUST-1460,2026-08-17,IN,INR,Beauty,9977.45,1795.94,RAZORPAY,5,145,6,1,Mobile_Web,0,0
DHAN-ORD-100231,CUST-1131,2026-07-21,NP,NPR,Kitchen,3081.53,400.6,ESEWA,3,342,4,0,Desktop,0,0
DHAN-ORD-100232,CUST-1692,2026-07-26,IN,INR,Festive,1560.91,280.96,UPI,3,46,2,0,Mobile_App,0,0
DHAN-ORD-100233,CUST-1043,2026-07-21,NP,NPR,Beauty,4721.13,613.75,ESEWA,5,46,3,0,Mobile_App,0,0
DHAN-ORD-100234,CUST-2204,2026-07-07,NP,NPR,Fitness,3043.61,395.67,COD,1,46,6,1,Desktop,0,0
DHAN-ORD-100235,CUST-2134,2026-08-08,NP,NPR,Apparel,2743.4,356.64,KHALTI,7,110,6,1,Mobile_App,0,0
DHAN-ORD-100236,CUST-1471,2026-07-10,IN,INR,Fitness,9185.98,1653.48,RAZORPAY,5,49,5,0,Mobile_Web,0,0
DHAN-ORD-100237,CUST-2205,2026-07-01,IN,INR,Kitchen,6693.16,1204.77,COD,6,162,4,1,Mobile_App,0,1
DHAN-ORD-100238,CUST-1451,2026-08-01,NP,NPR,Festive,1528.0,198.64,KHALTI,7,24,2,0,Mobile_App,0,0
DHAN-ORD-100239,CUST-1014,2026-07-06,NP,NPR,Electronics,6304.49,819.58,ESEWA,4,35,9,0,Mobile_App,0,0
DHAN-ORD-100240,CUST-1145,2026-09-23,AE,AED,Beauty,233.78,11.69,APPLE_PAY,8,303,1,0,Mobile_Web,1,1
DHAN-ORD-100241,CUST-2449,2026-07-03,NP,NPR,Electronics,647.8,84.21,ESEWA,8,43,6,0,Mobile_App,0,0
DHAN-ORD-100242,CUST-2292,2026-09-12,NP,NPR,Beauty,1423.22,185.02,ESEWA,1,216,2,0,Mobile_App,1,0
DHAN-ORD-100243,CUST-1120,2026-07-14,AE,AED,Electronics,162.42,8.12,CARD,9,54,1,0,Mobile_App,0,0
DHAN-ORD-100244,CUST-1468,2026-07-01,IN,INR,Electronics,7840.4,1411.27,RAZORPAY,1,89,3,0,Mobile_App,0,0
DHAN-ORD-100245,CUST-1138,2026-09-18,IN,INR,Books,4435.3,798.35,UPI,7,45,4,0,Mobile_App,1,0
DHAN-ORD-100246,CUST-1064,2026-07-17,IN,INR,Electronics,2097.05,377.47,COD,9,46,3,1,Mobile_App,0,0
DHAN-ORD-100247,CUST-1676,2026-07-13,IN,INR,Fitness,245.56,44.2,UPI,2,138,2,0,Mobile_Web,0,0
DHAN-ORD-100248,CUST-1145,2026-07-10,NP,NPR,Books,3049.98,396.5,ESEWA,7,308,5,3,Mobile_Web,0,0
DHAN-ORD-100249,CUST-2052,2026-08-27,NP,NPR,Computers,1847.91,240.23,COD,2,50,2,0,Mobile_Web,0,0
DHAN-ORD-100250,CUST-1487,2026-07-11,NP,NPR,Apparel,1247.05,162.12,ESEWA,5,54,8,2,Mobile_App,0,0
DHAN-ORD-100251,CUST-1570,2026-07-15,AE,AED,Electronics,207.46,10.37,COD,9,131,3,0,Mobile_App,0,1
DHAN-ORD-100252,CUST-2370,2026-08-27,IN,INR,Computers,8333.1,1499.96,RAZORPAY,8,34,7,1,Mobile_Web,0,1
DHAN-ORD-100253,CUST-1994,2026-07-12,NP,NPR,Kitchen,304.09,39.53,COD,7,157,0,0,Mobile_Web,0,0
DHAN-ORD-100254,CUST-1438,2026-07-06,IN,INR,Festive,3697.88,665.62,RAZORPAY,7,40,3,1,Mobile_App,0,0
DHAN-ORD-100255,CUST-2104,2026-07-25,NP,NPR,Computers,1856.35,241.33,ESEWA,2,109,9,1,Mobile_Web,0,0
DHAN-ORD-100256,CUST-1270,2026-09-21,NP,NPR,Apparel,6355.13,826.17,KHALTI,1,38,3,1,Mobile_Web,1,1
DHAN-ORD-100257,CUST-2481,2026-08-05,NP,NPR,Beauty,8541.22,1110.36,ESEWA,9,182,4,2,Mobile_App,0,1
DHAN-ORD-100258,CUST-2169,2026-07-26,NP,NPR,Festive,5912.96,768.68,KHALTI,8,83,2,1,Mobile_App,0,1
DHAN-ORD-100259,CUST-2180,2026-07-04,IN,INR,Computers,1478.64,266.16,UPI,2,361,3,1,Mobile_App,0,1
DHAN-ORD-100260,CUST-1968,2026-07-29,NP,NPR,Apparel,1446.12,188.0,KHALTI,6,84,5,0,Desktop,0,0
DHAN-ORD-100261,CUST-1497,2026-08-18,IN,INR,Apparel,2820.66,507.72,UPI,3,287,4,0,Mobile_Web,0,0
DHAN-ORD-100262,CUST-1968,2026-07-05,IN,INR,Apparel,2305.85,415.05,RAZORPAY,1,39,5,0,Mobile_App,0,0
DHAN-ORD-100263,CUST-1833,2026-07-22,NP,NPR,Books,2244.75,291.82,COD,3,216,2,0,Mobile_App,0,0
DHAN-ORD-100264,CUST-1389,2026-09-01,AE,AED,Festive,202.07,10.1,CARD,4,106,1,0,Mobile_App,1,0
DHAN-ORD-100265,CUST-1193,2026-08-10,NP,NPR,Computers,928.51,120.71,COD,1,103,7,0,Desktop,0,0
DHAN-ORD-100266,CUST-1198,2026-08-05,NP,NPR,Beauty,13392.74,1741.06,ESEWA,9,298,3,0,Desktop,0,0
DHAN-ORD-100267,CUST-2349,2026-08-06,NP,NPR,Kitchen,8122.23,1055.89,KHALTI,4,229,3,0,Mobile_Web,0,0
DHAN-ORD-100268,CUST-1882,2026-07-14,IN,INR,Electronics,1952.18,351.39,RAZORPAY,8,57,5,0,Mobile_App,0,0
DHAN-ORD-100269,CUST-1725,2026-07-11,NP,NPR,Beauty,7575.14,984.77,CONNECT_IPS,6,178,0,0,Mobile_Web,0,0
DHAN-ORD-100270,CUST-1867,2026-08-19,NP,NPR,Kitchen,939.13,122.09,ESEWA,3,26,5,0,Mobile_App,0,0
DHAN-ORD-100271,CUST-1841,2026-08-19,NP,NPR,Kitchen,3159.97,410.8,COD,9,442,4,1,Mobile_Web,0,0
DHAN-ORD-100272,CUST-1956,2026-08-30,NP,NPR,Books,2653.21,344.92,COD,7,81,5,1,Desktop,0,0
DHAN-ORD-100273,CUST-2493,2026-09-12,IN,INR,Computers,203.75,36.67,COD,5,82,2,0,Mobile_App,1,0
DHAN-ORD-100274,CUST-1110,2026-07-22,NP,NPR,Festive,7526.19,978.4,COD,2,148,4,0,Mobile_Web,0,0
DHAN-ORD-100275,CUST-2379,2026-07-21,NP,NPR,Beauty,13084.62,1701.0,ESEWA,7,89,7,0,Mobile_App,0,0
DHAN-ORD-100276,CUST-2338,2026-08-18,NP,NPR,Apparel,5874.54,763.69,ESEWA,6,313,4,0,Mobile_Web,0,0
DHAN-ORD-100277,CUST-2323,2026-08-01,NP,NPR,Festive,2221.76,288.83,COD,7,187,6,2,Mobile_Web,0,1
DHAN-ORD-100278,CUST-1201,2026-08-06,AE,AED,Kitchen,150.0,7.5,CARD,6,120,3,0,Mobile_App,0,0
DHAN-ORD-100279,CUST-1124,2026-08-17,NP,NPR,Kitchen,3718.68,483.43,COD,1,22,6,0,Mobile_App,0,0
DHAN-ORD-100280,CUST-1824,2026-09-05,AE,AED,Kitchen,150.0,7.5,CARD,6,37,1,0,Mobile_App,1,0
DHAN-ORD-100281,CUST-2491,2026-07-13,NP,NPR,Kitchen,1727.03,224.51,ESEWA,8,55,1,0,Mobile_App,0,0
DHAN-ORD-100282,CUST-1694,2026-07-15,NP,NPR,Festive,2515.32,326.99,KHALTI,4,233,6,1,Mobile_Web,0,0
DHAN-ORD-100283,CUST-1223,2026-07-03,IN,INR,Festive,553.65,99.66,RAZORPAY,4,90,6,1,Mobile_Web,0,0
DHAN-ORD-100284,CUST-1509,2026-07-26,NP,NPR,Computers,8089.43,1051.63,COD,7,100,5,0,Mobile_Web,0,0
DHAN-ORD-100285,CUST-1392,2026-07-02,IN,INR,Computers,2178.12,392.06,RAZORPAY,9,50,1,0,Desktop,0,0
DHAN-ORD-100286,CUST-1389,2026-07-19,AE,AED,Kitchen,150.0,7.5,APPLE_PAY,6,266,8,0,Desktop,0,0
DHAN-ORD-100287,CUST-2098,2026-07-24,NP,NPR,Computers,4370.45,568.16,KHALTI,5,198,5,0,Mobile_App,0,1
DHAN-ORD-100288,CUST-1918,2026-07-11,NP,NPR,Apparel,2032.95,264.28,CONNECT_IPS,7,55,2,0,Mobile_App,0,0
DHAN-ORD-100289,CUST-1287,2026-07-27,IN,INR,Computers,1494.99,269.1,RAZORPAY,9,96,3,2,Mobile_App,0,1
DHAN-ORD-100290,CUST-1864,2026-07-01,NP,NPR,Beauty,937.11,121.82,COD,1,44,2,0,Mobile_App,0,0
DHAN-ORD-100291,CUST-1375,2026-07-02,NP,NPR,Computers,11414.05,1483.83,KHALTI,2,31,2,0,Desktop,0,0
DHAN-ORD-100292,CUST-1570,2026-08-21,NP,NPR,Electronics,3588.11,466.45,COD,6,105,6,1,Mobile_App,0,0
DHAN-ORD-100293,CUST-1947,2026-07-14,NP,NPR,Apparel,1598.98,207.87,KHALTI,5,94,4,0,Mobile_App,0,0
DHAN-ORD-100294,CUST-1511,2026-07-05,IN,INR,Beauty,5037.21,906.7,RAZORPAY,6,175,1,0,Mobile_App,0,0
DHAN-ORD-100295,CUST-1154,2026-07-23,NP,NPR,Books,3275.25,425.78,CONNECT_IPS,8,160,4,1,Mobile_Web,0,0
DHAN-ORD-100296,CUST-1907,2026-08-14,NP,NPR,Festive,2726.85,354.49,COD,8,206,2,0,Mobile_App,0,1
DHAN-ORD-100297,CUST-2127,2026-07-08,IN,INR,Kitchen,2656.18,478.11,UPI,1,24,5,1,Mobile_App,0,0
DHAN-ORD-100298,CUST-1200,2026-07-30,NP,NPR,Computers,4143.87,538.7,KHALTI,3,188,2,0,Desktop,0,0
DHAN-ORD-100299,CUST-1103,2026-07-03,NP,NPR,Festive,1600.48,208.06,ESEWA,7,47,2,0,Mobile_Web,0,0
DHAN-ORD-100300,CUST-2335,2026-07-02,IN,INR,Festive,1458.92,262.61,RAZORPAY,9,136,1,0,Mobile_App,0,1
DHAN-ORD-100301,CUST-2107,2026-07-23,NP,NPR,Festive,2261.35,293.98,ESEWA,2,24,5,0,Mobile_App,0,0
DHAN-ORD-100302,CUST-1030,2026-07-24,IN,INR,Computers,2437.44,438.74,RAZORPAY,7,281,1,0,Mobile_App,0,0
DHAN-ORD-100303,CUST-1191,2026-07-31,IN,INR,Books,12086.36,2175.54,RAZORPAY,8,687,3,0,Desktop,0,0
DHAN-ORD-100304,CUST-1484,2026-08-08,NP,NPR,Electronics,7778.72,1011.23,KHALTI,2,118,2,0,Mobile_App,0,0
DHAN-ORD-100305,CUST-1340,2026-07-22,NP,NPR,Toys,1266.69,164.67,ESEWA,6,83,5,0,Desktop,0,0
DHAN-ORD-100306,CUST-1832,2026-07-22,NP,NPR,Festive,3796.72,493.57,COD,7,116,3,1,Mobile_App,0,1
DHAN-ORD-100307,CUST-1994,2026-07-12,NP,NPR,Electronics,630.43,81.96,KHALTI,9,146,3,0,Mobile_App,0,0
DHAN-ORD-100308,CUST-1985,2026-08-17,IN,INR,Festive,1570.89,282.76,RAZORPAY,4,102,3,0,Mobile_App,0,0
DHAN-ORD-100309,CUST-1437,2026-07-10,IN,INR,Electronics,7264.1,1307.54,RAZORPAY,1,116,7,0,Mobile_Web,0,0
DHAN-ORD-100310,CUST-1821,2026-07-18,NP,NPR,Books,763.31,99.23,KHALTI,7,154,3,1,Mobile_App,0,0
DHAN-ORD-100311,CUST-1120,2026-07-03,IN,INR,Electronics,1603.32,288.6,CARD,1,63,2,0,Mobile_Web,0,1
DHAN-ORD-100312,CUST-1337,2026-07-01,AE,AED,Books,150.0,7.5,APPLE_PAY,6,57,4,0,Mobile_App,0,0
DHAN-ORD-100313,CUST-1776,2026-07-09,AE,AED,Computers,226.53,11.33,APPLE_PAY,1,311,8,3,Mobile_App,0,0
DHAN-ORD-100314,CUST-1004,2026-08-24,NP,NPR,Apparel,1040.29,135.24,ESEWA,5,141,0,0,Mobile_App,0,0
DHAN-ORD-100315,CUST-1799,2026-08-05,NP,NPR,Beauty,3310.64,430.38,COD,7,62,3,0,Mobile_Web,0,1
DHAN-ORD-100316,CUST-1543,2026-07-16,NP,NPR,Beauty,585.37,76.1,COD,9,239,5,0,Mobile_App,0,1
DHAN-ORD-100317,CUST-1931,2026-07-06,AE,AED,Electronics,150.0,7.5,CARD,6,244,4,1,Desktop,0,0
DHAN-ORD-100318,CUST-1584,2026-07-06,NP,NPR,Apparel,7298.08,948.75,CONNECT_IPS,8,110,3,0,Desktop,0,1
DHAN-ORD-100319,CUST-1866,2026-07-09,IN,INR,Electronics,1667.04,300.07,COD,2,81,1,0,Mobile_Web,0,1
DHAN-ORD-100320,CUST-2426,2026-07-24,NP,NPR,Apparel,3629.17,471.79,ESEWA,2,38,1,0,Mobile_App,0,0
DHAN-ORD-100321,CUST-2496,2026-08-07,NP,NPR,Electronics,23256.0,3023.28,COD,9,229,9,1,Mobile_App,0,0
DHAN-ORD-100322,CUST-2138,2026-08-02,NP,NPR,Books,2168.76,281.94,COD,8,130,5,0,Mobile_App,0,0
DHAN-ORD-100323,CUST-2355,2026-07-10,AE,AED,Computers,267.35,13.37,CARD,6,97,2,0,Mobile_App,0,0
DHAN-ORD-100324,CUST-2471,2026-07-03,NP,NPR,Electronics,2760.43,358.86,KHALTI,6,124,8,1,Mobile_App,0,0
DHAN-ORD-100325,CUST-1996,2026-08-10,IN,INR,Electronics,1854.99,333.9,COD,9,53,3,0,Desktop,0,1
DHAN-ORD-100326,CUST-1317,2026-07-25,NP,NPR,Kitchen,11785.7,1532.14,ESEWA,4,53,7,1,Mobile_App,0,1
DHAN-ORD-100327,CUST-1388,2026-07-29,NP,NPR,Electronics,4082.83,530.77,COD,5,189,5,0,Mobile_Web,0,1
DHAN-ORD-100328,CUST-1607,2026-07-17,NP,NPR,Beauty,8005.54,1040.72,ESEWA,4,99,3,0,Mobile_App,0,0
DHAN-ORD-100329,CUST-1445,2026-07-09,NP,NPR,Festive,1821.01,236.73,KHALTI,3,107,4,0,Desktop,0,0
DHAN-ORD-100330,CUST-1119,2026-07-14,NP,NPR,Toys,4099.78,532.97,KHALTI,4,83,3,0,Mobile_App,0,0
DHAN-ORD-100331,CUST-2186,2026-08-12,NP,NPR,Apparel,2598.38,337.79,ESEWA,6,265,4,0,Mobile_App,0,0
DHAN-ORD-100332,CUST-2110,2026-07-01,NP,NPR,Computers,8619.78,1120.57,ESEWA,6,269,3,0,Mobile_App,0,0
DHAN-ORD-100333,CUST-1124,2026-07-04,NP,NPR,Apparel,12941.93,1682.45,COD,8,55,5,0,Desktop,0,1
DHAN-ORD-100334,CUST-1642,2026-07-02,AE,AED,Electronics,150.0,7.5,CARD,6,166,3,0,Desktop,0,0
DHAN-ORD-100335,CUST-1117,2026-07-02,AE,AED,Fitness,150.0,7.5,COD,6,105,3,1,Desktop,0,1
DHAN-ORD-100336,CUST-1102,2026-08-28,NP,NPR,Electronics,1295.21,168.38,KHALTI,8,27,0,0,Mobile_Web,0,0
DHAN-ORD-100337,CUST-2196,2026-08-06,IN,INR,Kitchen,404.92,72.89,CARD,8,130,3,0,Mobile_Web,0,0
DHAN-ORD-100338,CUST-1976,2026-07-20,AE,AED,Kitchen,299.11,14.96,CARD,2,185,4,0,Desktop,0,1
DHAN-ORD-100339,CUST-2029,2026-07-04,NP,NPR,Festive,150.0,19.5,COD,6,343,3,0,Desktop,0,0
DHAN-ORD-100340,CUST-2087,2026-07-21,IN,INR,Computers,639.62,115.13,COD,9,149,5,1,Mobile_App,0,1
DHAN-ORD-100341,CUST-1322,2026-07-20,AE,AED,Apparel,150.0,7.5,APPLE_PAY,6,40,3,1,Mobile_Web,0,1
DHAN-ORD-100342,CUST-1116,2026-07-06,NP,NPR,Computers,2772.85,360.47,KHALTI,9,84,4,1,Mobile_Web,0,0
DHAN-ORD-100343,CUST-2040,2026-07-18,NP,NPR,Apparel,19797.13,2573.63,COD,6,137,1,0,Mobile_App,0,1
DHAN-ORD-100344,CUST-1164,2026-07-16,AE,AED,Festive,439.41,21.97,CARD,7,136,4,0,Mobile_App,0,0
DHAN-ORD-100345,CUST-1380,2026-07-29,NP,NPR,Kitchen,1660.96,215.92,KHALTI,4,189,4,0,Mobile_App,0,0
DHAN-ORD-100346,CUST-1140,2026-07-31,NP,NPR,Beauty,11988.84,1558.55,ESEWA,9,241,4,0,Mobile_App,0,0
DHAN-ORD-100347,CUST-2218,2026-07-02,NP,NPR,Festive,1532.58,199.24,KHALTI,2,87,3,0,Mobile_Web,0,0
DHAN-ORD-100348,CUST-1139,2026-07-15,NP,NPR,Beauty,623.75,81.09,KHALTI,2,140,0,0,Mobile_App,0,0
DHAN-ORD-100349,CUST-2382,2026-07-30,IN,INR,Beauty,1458.63,262.55,RAZORPAY,9,399,6,1,Mobile_App,0,0
DHAN-ORD-100350,CUST-1481,2026-07-21,IN,INR,Apparel,4388.96,790.01,COD,5,100,3,0,Mobile_App,0,0
DHAN-ORD-100351,CUST-1826,2026-08-28,AE,AED,Apparel,150.0,7.5,APPLE_PAY,6,159,4,0,Desktop,0,0
DHAN-ORD-100352,CUST-1245,2026-08-02,NP,NPR,Computers,874.0,113.62,ESEWA,1,12,1,0,Mobile_App,0,1
DHAN-ORD-100353,CUST-2166,2026-07-06,NP,NPR,Festive,4505.01,585.65,ESEWA,5,24,3,0,Mobile_Web,0,0
DHAN-ORD-100354,CUST-1504,2026-07-03,NP,NPR,Kitchen,36696.45,4770.54,KHALTI,3,10,5,0,Mobile_App,0,0
DHAN-ORD-100355,CUST-2185,2026-07-31,NP,NPR,Computers,7169.99,932.1,COD,5,125,3,0,Desktop,0,0
DHAN-ORD-100356,CUST-2217,2026-07-01,NP,NPR,Fitness,2360.8,306.9,KHALTI,2,217,4,0,Mobile_Web,0,0
DHAN-ORD-100357,CUST-1081,2026-07-27,AE,AED,Kitchen,192.78,9.64,CARD,3,322,2,0,Mobile_App,0,0
DHAN-ORD-100358,CUST-2268,2026-09-23,IN,INR,Computers,1565.24,281.74,UPI,8,44,1,0,Mobile_Web,1,0
DHAN-ORD-100359,CUST-1167,2026-07-26,NP,NPR,Apparel,5619.84,730.58,ESEWA,3,76,2,0,Mobile_Web,0,0
DHAN-ORD-100360,CUST-1858,2026-07-15,IN,INR,Festive,2274.61,409.43,UPI,6,78,6,2,Mobile_App,0,0
DHAN-ORD-100361,CUST-2346,2026-07-31,NP,NPR,Festive,994.75,129.32,ESEWA,4,181,5,0,Mobile_App,0,0
DHAN-ORD-100362,CUST-2195,2026-07-19,NP,NPR,Books,2447.31,318.15,CONNECT_IPS,8,261,2,0,Mobile_App,0,0
DHAN-ORD-100363,CUST-2157,2026-07-24,IN,INR,Festive,542.23,97.6,RAZORPAY,2,61,2,0,Desktop,0,0
DHAN-ORD-100364,CUST-2070,2026-09-24,NP,NPR,Computers,9937.04,1291.82,ESEWA,1,48,3,0,Mobile_App,1,0
DHAN-ORD-100365,CUST-1647,2026-07-15,AE,AED,Kitchen,150.0,7.5,CARD,6,84,4,0,Mobile_App,0,0
DHAN-ORD-100366,CUST-1534,2026-07-08,IN,INR,Fitness,2816.09,506.9,RAZORPAY,8,59,5,0,Mobile_App,0,1
DHAN-ORD-100367,CUST-1418,2026-09-09,NP,NPR,Kitchen,3128.9,406.76,ESEWA,5,48,4,0,Mobile_App,1,0
DHAN-ORD-100368,CUST-2371,2026-07-07,IN,INR,Apparel,5727.2,1030.9,COD,3,79,2,0,Desktop,0,1
DHAN-ORD-100369,CUST-2466,2026-07-03,NP,NPR,Apparel,9881.04,1284.54,ESEWA,8,48,5,0,Mobile_App,0,0
DHAN-ORD-100370,CUST-1643,2026-07-04,NP,NPR,Kitchen,259.27,33.71,ESEWA,7,26,6,0,Mobile_App,0,0
DHAN-ORD-100371,CUST-1488,2026-07-01,NP,NPR,Festive,1245.54,161.92,ESEWA,3,117,8,0,Mobile_App,0,0
DHAN-ORD-100372,CUST-1543,2026-07-03,NP,NPR,Beauty,3326.41,432.43,COD,5,197,4,1,Mobile_App,0,0
DHAN-ORD-100373,CUST-1810,2026-08-04,IN,INR,Beauty,2651.84,477.33,COD,5,64,4,1,Desktop,0,1
DHAN-ORD-100374,CUST-1268,2026-07-03,NP,NPR,Books,1245.73,161.94,ESEWA,3,170,2,1,Mobile_Web,0,1
DHAN-ORD-100375,CUST-2375,2026-07-12,IN,INR,Beauty,3196.59,575.39,RAZORPAY,1,34,3,0,Mobile_App,0,0
DHAN-ORD-100376,CUST-2321,2026-08-25,IN,INR,Electronics,3080.82,554.55,UPI,2,61,4,0,Mobile_Web,0,1
DHAN-ORD-100377,CUST-1614,2026-07-01,NP,NPR,Beauty,11146.62,1449.06,COD,4,41,3,0,Mobile_Web,0,0
DHAN-ORD-100378,CUST-1936,2026-08-20,IN,INR,Fitness,1299.83,233.97,COD,3,71,6,1,Mobile_App,0,1
DHAN-ORD-100379,CUST-1647,2026-07-10,NP,NPR,Fitness,26476.52,3441.95,KHALTI,7,197,3,0,Mobile_App,0,0
DHAN-ORD-100380,CUST-1148,2026-07-04,NP,NPR,Fitness,730.18,94.92,ESEWA,1,109,6,0,Mobile_App,0,0
DHAN-ORD-100381,CUST-1019,2026-08-05,NP,NPR,Apparel,1206.93,156.9,ESEWA,9,62,6,0,Mobile_App,0,0
DHAN-ORD-100382,CUST-1938,2026-07-30,NP,NPR,Electronics,37315.89,4851.07,ESEWA,1,212,1,0,Mobile_App,0,1
DHAN-ORD-100383,CUST-2272,2026-09-01,NP,NPR,Festive,3001.59,390.21,ESEWA,4,146,5,1,Mobile_App,1,0
DHAN-ORD-100384,CUST-2153,2026-08-09,IN,INR,Festive,569.78,102.56,RAZORPAY,2,170,3,1,Mobile_Web,0,1
DHAN-ORD-100385,CUST-1204,2026-08-18,NP,NPR,Electronics,14238.53,1851.01,KHALTI,9,85,2,0,Mobile_App,0,1
DHAN-ORD-100386,CUST-1150,2026-07-10,NP,NPR,Computers,1255.32,163.19,CONNECT_IPS,4,62,4,0,Mobile_Web,0,0
DHAN-ORD-100387,CUST-2101,2026-07-06,AE,AED,Books,495.93,24.8,CARD,9,112,3,0,Mobile_App,0,0
DHAN-ORD-100388,CUST-1436,2026-08-11,IN,INR,Festive,5580.89,1004.56,UPI,9,54,2,0,Mobile_App,0,0
DHAN-ORD-100389,CUST-2036,2026-08-19,IN,INR,Festive,6429.84,1157.37,UPI,3,148,4,0,Desktop,0,0
DHAN-ORD-100390,CUST-1543,2026-08-19,NP,NPR,Festive,10592.09,1376.97,COD,8,65,0,0,Mobile_App,0,0
DHAN-ORD-100391,CUST-1271,2026-07-16,IN,INR,Beauty,815.08,146.71,CARD,5,144,5,1,Mobile_App,0,0
DHAN-ORD-100392,CUST-1714,2026-07-14,IN,INR,Apparel,1141.85,205.53,CARD,7,114,5,0,Mobile_App,0,0
DHAN-ORD-100393,CUST-1140,2026-08-14,IN,INR,Beauty,262.46,47.24,UPI,1,129,3,1,Mobile_App,0,1
DHAN-ORD-100394,CUST-1500,2026-07-13,IN,INR,Computers,2854.77,513.86,RAZORPAY,1,169,7,2,Mobile_App,0,0
DHAN-ORD-100395,CUST-1756,2026-09-19,NP,NPR,Toys,1511.68,196.52,COD,8,196,4,1,Mobile_App,1,0
DHAN-ORD-100396,CUST-1583,2026-08-28,NP,NPR,Beauty,7893.88,1026.2,ESEWA,9,198,4,0,Mobile_App,0,0
DHAN-ORD-100397,CUST-1323,2026-07-17,NP,NPR,Apparel,17859.48,2321.73,ESEWA,3,227,3,0,Desktop,0,0
DHAN-ORD-100398,CUST-1897,2026-08-11,NP,NPR,Beauty,2189.84,284.68,ESEWA,2,17,2,1,Mobile_App,0,1
DHAN-ORD-100399,CUST-2112,2026-08-12,IN,INR,Beauty,591.95,106.55,UPI,6,236,3,2,Mobile_App,0,0
DHAN-ORD-100400,CUST-2440,2026-07-04,NP,NPR,Electronics,3722.06,483.87,ESEWA,5,168,3,0,Mobile_App,0,0
DHAN-ORD-100401,CUST-1619,2026-09-08,AE,AED,Electronics,205.44,10.27,APPLE_PAY,7,16,4,1,Mobile_App,1,0
DHAN-ORD-100402,CUST-2252,2026-07-22,AE,AED,Electronics,150.0,7.5,CARD,6,87,6,1,Mobile_App,0,0
DHAN-ORD-100403,CUST-2339,2026-08-22,NP,NPR,Electronics,22859.07,2971.68,COD,8,102,5,1,Mobile_App,0,0
DHAN-ORD-100404,CUST-2083,2026-07-12,NP,NPR,Books,3916.3,509.12,KHALTI,1,173,1,0,Mobile_App,0,0
DHAN-ORD-100405,CUST-1016,2026-09-06,IN,INR,Electronics,1979.0,356.22,UPI,8,180,1,0,Mobile_App,1,0
DHAN-ORD-100406,CUST-2367,2026-07-15,AE,AED,Electronics,301.62,15.08,CARD,4,37,8,1,Mobile_App,0,0
DHAN-ORD-100407,CUST-2135,2026-07-01,NP,NPR,Apparel,192.7,25.05,ESEWA,3,75,2,0,Mobile_App,0,0
DHAN-ORD-100408,CUST-1613,2026-09-09,NP,NPR,Apparel,15947.46,2073.17,KHALTI,8,80,3,1,Mobile_App,1,1
DHAN-ORD-100409,CUST-2358,2026-07-03,NP,NPR,Electronics,9886.24,1285.21,COD,4,56,1,0,Mobile_Web,0,0
DHAN-ORD-100410,CUST-1212,2026-07-12,IN,INR,Fitness,1552.81,279.51,UPI,4,94,2,0,Mobile_App,0,0
DHAN-ORD-100411,CUST-1275,2026-09-28,NP,NPR,Fitness,15955.39,2074.2,ESEWA,7,53,7,0,Mobile_Web,1,0
DHAN-ORD-100412,CUST-1541,2026-07-01,IN,INR,Electronics,4286.47,771.56,RAZORPAY,2,149,5,0,Mobile_App,0,0
DHAN-ORD-100413,CUST-1236,2026-07-26,NP,NPR,Electronics,4576.41,594.93,ESEWA,4,168,1,0,Mobile_Web,0,0
DHAN-ORD-100414,CUST-1219,2026-07-30,NP,NPR,Festive,4149.14,539.39,KHALTI,9,176,5,0,Mobile_App,0,0
DHAN-ORD-100415,CUST-2133,2026-07-18,NP,NPR,Festive,1877.71,244.1,KHALTI,5,312,3,0,Mobile_App,0,0
DHAN-ORD-100416,CUST-1318,2026-07-11,NP,NPR,Apparel,15530.66,2018.99,KHALTI,5,144,4,0,Desktop,0,0
DHAN-ORD-100417,CUST-1557,2026-07-12,NP,NPR,Computers,707.13,91.93,KHALTI,5,215,2,0,Mobile_App,0,0
DHAN-ORD-100418,CUST-1577,2026-08-03,NP,NPR,Kitchen,3924.96,510.24,KHALTI,9,97,1,0,Mobile_Web,0,0
DHAN-ORD-100419,CUST-2238,2026-08-11,NP,NPR,Apparel,17046.81,2216.09,COD,9,29,4,1,Mobile_Web,0,0
DHAN-ORD-100420,CUST-1431,2026-08-17,NP,NPR,Electronics,2466.04,320.59,CONNECT_IPS,9,93,7,2,Mobile_App,0,0
DHAN-ORD-100421,CUST-2469,2026-08-16,NP,NPR,Kitchen,836.82,108.79,ESEWA,8,138,1,0,Mobile_Web,0,0
DHAN-ORD-100422,CUST-1702,2026-07-03,AE,AED,Apparel,150.0,7.5,APPLE_PAY,6,64,2,0,Mobile_Web,0,0
DHAN-ORD-100423,CUST-1416,2026-07-21,NP,NPR,Electronics,4530.14,588.92,CONNECT_IPS,3,387,2,0,Mobile_Web,0,0
DHAN-ORD-100424,CUST-2407,2026-07-02,NP,NPR,Fitness,1351.68,175.72,ESEWA,1,77,3,0,Mobile_App,0,0
DHAN-ORD-100425,CUST-2298,2026-07-24,IN,INR,Festive,2435.3,438.35,UPI,5,134,6,1,Mobile_App,0,0
DHAN-ORD-100426,CUST-1540,2026-07-18,AE,AED,Electronics,198.55,9.93,COD,9,128,5,0,Mobile_App,0,0
DHAN-ORD-100427,CUST-2035,2026-09-04,NP,NPR,Festive,5086.15,661.2,COD,1,227,2,1,Mobile_Web,1,1
DHAN-ORD-100428,CUST-2000,2026-07-13,IN,INR,Computers,2212.01,398.16,CARD,7,129,4,0,Mobile_App,0,0
DHAN-ORD-100429,CUST-1514,2026-07-04,IN,INR,Festive,1594.3,286.97,COD,1,109,2,0,Desktop,0,0
DHAN-ORD-100430,CUST-1104,2026-07-05,IN,INR,Electronics,6103.66,1098.66,UPI,1,46,5,0,Mobile_Web,0,0
DHAN-ORD-100431,CUST-1189,2026-08-13,NP,NPR,Computers,1743.6,226.67,COD,6,43,2,0,Desktop,0,0
DHAN-ORD-100432,CUST-2299,2026-07-29,IN,INR,Apparel,13181.6,2372.69,CARD,5,72,1,0,Mobile_Web,0,0
DHAN-ORD-100433,CUST-1867,2026-07-04,NP,NPR,Beauty,1070.04,139.11,ESEWA,8,147,8,0,Mobile_App,0,0
DHAN-ORD-100434,CUST-1566,2026-07-03,IN,INR,Festive,2854.29,513.77,UPI,1,165,2,0,Mobile_App,0,0
DHAN-ORD-100435,CUST-1090,2026-08-06,IN,INR,Kitchen,15535.98,2796.48,UPI,1,421,8,0,Mobile_App,0,0
DHAN-ORD-100436,CUST-1007,2026-07-03,NP,NPR,Electronics,6158.54,800.61,ESEWA,2,263,6,0,Mobile_App,0,0
DHAN-ORD-100437,CUST-1683,2026-08-21,IN,INR,Beauty,2470.01,444.6,COD,4,125,6,0,Desktop,0,0
DHAN-ORD-100438,CUST-1267,2026-08-06,NP,NPR,Beauty,3771.87,490.34,KHALTI,9,210,2,0,Desktop,0,0
DHAN-ORD-100439,CUST-2304,2026-07-03,IN,INR,Kitchen,1885.55,339.4,RAZORPAY,4,240,3,1,Mobile_App,0,0
DHAN-ORD-100440,CUST-1536,2026-07-03,NP,NPR,Apparel,1233.44,160.35,COD,9,146,2,0,Mobile_App,0,0
DHAN-ORD-100441,CUST-1330,2026-08-09,NP,NPR,Toys,4808.61,625.12,COD,2,156,4,0,Mobile_Web,0,0
DHAN-ORD-100442,CUST-1904,2026-07-15,NP,NPR,Festive,5999.54,779.94,ESEWA,5,300,5,0,Mobile_App,0,0
DHAN-ORD-100443,CUST-2129,2026-07-14,AE,AED,Books,150.0,7.5,APPLE_PAY,6,79,3,1,Mobile_Web,0,0
DHAN-ORD-100444,CUST-2445,2026-08-20,NP,NPR,Electronics,2023.81,263.1,ESEWA,7,60,8,1,Mobile_App,0,0
DHAN-ORD-100445,CUST-1875,2026-09-27,NP,NPR,Toys,7659.57,995.74,ESEWA,9,89,5,0,Mobile_App,1,0
DHAN-ORD-100446,CUST-2148,2026-08-08,NP,NPR,Kitchen,1223.43,159.05,CONNECT_IPS,8,46,3,1,Mobile_App,0,0
DHAN-ORD-100447,CUST-1019,2026-08-11,IN,INR,Apparel,17661.75,3179.11,RAZORPAY,3,33,4,1,Mobile_App,0,0
DHAN-ORD-100448,CUST-1229,2026-07-15,NP,NPR,Beauty,7398.58,961.82,ESEWA,9,105,4,0,Mobile_App,0,1
DHAN-ORD-100449,CUST-1154,2026-07-03,NP,NPR,Books,11072.35,1439.41,CONNECT_IPS,2,234,5,1,Mobile_App,0,0
DHAN-ORD-100450,CUST-2415,2026-08-15,NP,NPR,Toys,1487.17,193.33,KHALTI,2,59,8,1,Desktop,0,0
DHAN-ORD-100451,CUST-1305,2026-07-25,NP,NPR,Books,2289.71,297.66,KHALTI,3,435,5,0,Mobile_App,0,0
DHAN-ORD-100452,CUST-2117,2026-07-17,NP,NPR,Festive,27842.13,3619.48,ESEWA,5,210,2,0,Mobile_App,0,1
DHAN-ORD-100453,CUST-1073,2026-09-10,NP,NPR,Festive,942.32,122.5,KHALTI,6,141,3,0,Mobile_Web,1,0
DHAN-ORD-100454,CUST-1756,2026-07-04,IN,INR,Fitness,1913.09,344.36,COD,5,25,2,0,Mobile_Web,0,0
DHAN-ORD-100455,CUST-2192,2026-07-21,NP,NPR,Beauty,1790.17,232.72,ESEWA,8,133,3,0,Mobile_App,0,1
DHAN-ORD-100456,CUST-2131,2026-07-01,NP,NPR,Electronics,2767.49,359.77,COD,4,35,4,1,Mobile_Web,0,1
DHAN-ORD-100457,CUST-1303,2026-07-19,NP,NPR,Kitchen,1860.79,241.9,COD,6,345,3,0,Mobile_Web,0,1
DHAN-ORD-100458,CUST-1880,2026-07-02,AE,AED,Computers,201.26,10.06,APPLE_PAY,3,37,7,0,Mobile_App,0,0
DHAN-ORD-100459,CUST-1261,2026-07-04,AE,AED,Beauty,270.53,13.53,CARD,9,59,3,0,Desktop,0,0
DHAN-ORD-100460,CUST-1085,2026-07-04,IN,INR,Beauty,2147.01,386.46,CARD,5,97,2,0,Mobile_App,0,0
DHAN-ORD-100461,CUST-1631,2026-08-01,NP,NPR,Beauty,1085.45,141.11,KHALTI,5,86,5,1,Mobile_App,0,0
DHAN-ORD-100462,CUST-1746,2026-08-11,NP,NPR,Books,11404.55,1482.59,KHALTI,1,122,3,0,Mobile_App,0,0
DHAN-ORD-100463,CUST-1081,2026-07-27,NP,NPR,Festive,7621.25,990.76,KHALTI,7,127,6,2,Mobile_App,0,1
DHAN-ORD-100464,CUST-1732,2026-07-09,NP,NPR,Electronics,5069.84,659.08,KHALTI,2,50,5,0,Mobile_App,0,1
DHAN-ORD-100465,CUST-1430,2026-07-15,NP,NPR,Kitchen,12522.3,1627.9,ESEWA,3,159,2,0,Mobile_App,0,1
DHAN-ORD-100466,CUST-2396,2026-07-11,IN,INR,Kitchen,436.33,78.54,RAZORPAY,4,120,3,0,Desktop,0,0
DHAN-ORD-100467,CUST-1511,2026-08-30,IN,INR,Kitchen,5726.16,1030.71,RAZORPAY,2,90,3,0,Mobile_App,0,1
DHAN-ORD-100468,CUST-2365,2026-07-08,IN,INR,Fitness,1124.22,202.36,UPI,8,46,5,0,Desktop,0,0
DHAN-ORD-100469,CUST-1210,2026-07-10,NP,NPR,Beauty,948.75,123.34,COD,3,44,6,1,Mobile_App,0,1
DHAN-ORD-100470,CUST-1724,2026-07-01,IN,INR,Apparel,6276.24,1129.72,CARD,3,111,3,0,Mobile_App,0,0
DHAN-ORD-100471,CUST-2146,2026-07-16,NP,NPR,Festive,1512.74,196.66,CONNECT_IPS,9,124,5,1,Mobile_App,0,0
DHAN-ORD-100472,CUST-1832,2026-07-02,NP,NPR,Fitness,3841.94,499.45,ESEWA,7,56,7,0,Mobile_Web,0,0
DHAN-ORD-100473,CUST-2271,2026-09-05,IN,INR,Computers,1405.38,252.97,UPI,1,12,3,0,Mobile_Web,1,0
DHAN-ORD-100474,CUST-1316,2026-07-23,NP,NPR,Toys,14107.12,1833.93,ESEWA,4,108,6,1,Mobile_App,0,0
DHAN-ORD-100475,CUST-1484,2026-08-28,NP,NPR,Kitchen,36490.87,4743.81,COD,4,100,2,0,Mobile_Web,0,1
DHAN-ORD-100476,CUST-1332,2026-07-03,NP,NPR,Electronics,6112.33,794.6,KHALTI,1,168,2,1,Desktop,0,1
DHAN-ORD-100477,CUST-1362,2026-07-25,IN,INR,Computers,2481.14,446.61,COD,6,221,0,0,Mobile_App,0,1
DHAN-ORD-100478,CUST-1844,2026-07-15,IN,INR,Beauty,9351.42,1683.26,RAZORPAY,9,117,3,0,Mobile_App,0,0
DHAN-ORD-100479,CUST-1050,2026-07-23,NP,NPR,Kitchen,3045.28,395.89,KHALTI,3,26,3,0,Mobile_App,0,0
DHAN-ORD-100480,CUST-1367,2026-07-30,IN,INR,Electronics,1094.12,196.94,RAZORPAY,5,186,3,0,Mobile_Web,0,0
DHAN-ORD-100481,CUST-1680,2026-08-05,NP,NPR,Apparel,9341.55,1214.4,KHALTI,8,194,3,0,Mobile_Web,0,1
DHAN-ORD-100482,CUST-1843,2026-07-19,NP,NPR,Toys,3408.02,443.04,KHALTI,6,104,2,0,Mobile_App,0,0
DHAN-ORD-100483,CUST-2371,2026-07-30,IN,INR,Electronics,2822.9,508.12,COD,5,68,2,0,Mobile_Web,0,0
DHAN-ORD-100484,CUST-1508,2026-07-27,IN,INR,Computers,5400.45,972.08,UPI,9,37,3,1,Mobile_App,0,0
DHAN-ORD-100485,CUST-1546,2026-09-08,AE,AED,Festive,266.48,13.32,APPLE_PAY,5,76,1,0,Mobile_App,1,0
DHAN-ORD-100486,CUST-1326,2026-07-02,NP,NPR,Computers,581.54,75.6,ESEWA,5,115,2,0,Mobile_App,0,0
DHAN-ORD-100487,CUST-2436,2026-07-10,IN,INR,Festive,1272.16,228.99,UPI,3,104,5,1,Mobile_Web,0,0
DHAN-ORD-100488,CUST-1221,2026-07-01,IN,INR,Apparel,3604.04,648.73,UPI,4,20,2,1,Mobile_App,0,0
DHAN-ORD-100489,CUST-1783,2026-09-05,AE,AED,Electronics,150.0,7.5,CARD,6,31,5,0,Mobile_Web,1,0
DHAN-ORD-100490,CUST-1079,2026-07-19,NP,NPR,Electronics,48336.26,6283.71,KHALTI,6,34,1,0,Mobile_Web,0,0
DHAN-ORD-100491,CUST-1963,2026-07-30,IN,INR,Computers,3281.57,590.68,RAZORPAY,5,32,10,0,Mobile_Web,0,0
DHAN-ORD-100492,CUST-1455,2026-07-10,IN,INR,Electronics,2111.79,380.12,UPI,5,145,4,0,Mobile_App,0,0
DHAN-ORD-100493,CUST-1408,2026-07-07,NP,NPR,Computers,5771.88,750.34,KHALTI,2,74,7,0,Mobile_App,0,0
DHAN-ORD-100494,CUST-1942,2026-07-19,NP,NPR,Apparel,6511.98,846.56,ESEWA,4,70,3,0,Mobile_App,0,0
DHAN-ORD-100495,CUST-1716,2026-07-14,NP,NPR,Electronics,1772.89,230.48,ESEWA,8,142,4,0,Mobile_App,0,0
DHAN-ORD-100496,CUST-1625,2026-07-27,IN,INR,Beauty,1302.74,234.49,UPI,6,174,2,0,Mobile_Web,0,0
DHAN-ORD-100497,CUST-1466,2026-07-03,IN,INR,Apparel,671.09,120.8,CARD,5,54,4,0,Desktop,0,0
DHAN-ORD-100498,CUST-1456,2026-07-20,IN,INR,Electronics,2303.16,414.57,COD,8,82,6,1,Mobile_App,0,0
DHAN-ORD-100499,CUST-1048,2026-08-08,IN,INR,Computers,1133.35,204.0,UPI,8,44,3,0,Mobile_App,0,0
DHAN-ORD-100500,CUST-2351,2026-08-05,NP,NPR,Computers,4018.95,522.46,COD,4,98,4,0,Mobile_App,0,1
DHAN-ORD-100501,CUST-1395,2026-07-24,NP,NPR,Computers,11929.08,1550.78,ESEWA,4,66,1,0,Mobile_Web,0,0
DHAN-ORD-100502,CUST-1816,2026-07-12,NP,NPR,Toys,6003.75,780.49,ESEWA,9,149,8,0,Mobile_App,0,0
DHAN-ORD-100503,CUST-1672,2026-08-20,NP,NPR,Electronics,3527.57,458.58,CONNECT_IPS,8,27,8,0,Mobile_Web,0,1
DHAN-ORD-100504,CUST-1570,2026-08-04,NP,NPR,Fitness,8149.6,1059.45,COD,4,65,1,0,Mobile_App,0,0
DHAN-ORD-100505,CUST-1142,2026-07-06,NP,NPR,Kitchen,30750.47,3997.56,COD,6,71,2,0,Mobile_App,0,1
DHAN-ORD-100506,CUST-1571,2026-09-11,NP,NPR,Beauty,1938.14,251.96,ESEWA,3,218,4,0,Mobile_App,1,0
DHAN-ORD-100507,CUST-1719,2026-08-21,NP,NPR,Beauty,22470.63,2921.18,KHALTI,6,226,5,0,Mobile_App,0,1
DHAN-ORD-100508,CUST-2313,2026-09-28,NP,NPR,Toys,667.53,86.78,COD,1,185,3,0,Mobile_Web,1,0
DHAN-ORD-100509,CUST-2043,2026-08-08,NP,NPR,Electronics,3759.69,488.76,CONNECT_IPS,6,39,4,0,Mobile_App,0,0
DHAN-ORD-100510,CUST-1818,2026-07-29,NP,NPR,Computers,4103.0,533.39,KHALTI,8,33,3,0,Desktop,0,0
DHAN-ORD-100511,CUST-2391,2026-07-17,AE,AED,Apparel,368.79,18.44,CARD,8,107,5,0,Mobile_Web,0,0
DHAN-ORD-100512,CUST-2098,2026-09-19,IN,INR,Electronics,4616.3,830.93,RAZORPAY,8,61,5,1,Mobile_App,1,0
DHAN-ORD-100513,CUST-1678,2026-08-30,IN,INR,Kitchen,1512.74,272.29,RAZORPAY,9,97,2,0,Mobile_Web,0,0
DHAN-ORD-100514,CUST-1056,2026-07-02,NP,NPR,Apparel,1373.83,178.6,COD,5,98,3,0,Mobile_App,0,0
DHAN-ORD-100515,CUST-1236,2026-07-01,IN,INR,Beauty,4642.44,835.64,UPI,7,214,7,0,Mobile_App,0,0
DHAN-ORD-100516,CUST-1534,2026-07-15,IN,INR,Apparel,9497.83,1709.61,COD,2,83,6,0,Desktop,0,0
DHAN-ORD-100517,CUST-1365,2026-08-19,IN,INR,Beauty,1597.38,287.53,UPI,4,21,5,0,Mobile_App,0,0
DHAN-ORD-100518,CUST-2189,2026-08-10,NP,NPR,Toys,29890.74,3885.8,COD,1,70,2,0,Mobile_Web,0,0
DHAN-ORD-100519,CUST-1543,2026-07-05,IN,INR,Apparel,21154.38,3807.79,COD,4,247,2,0,Mobile_App,0,0
DHAN-ORD-100520,CUST-1078,2026-07-28,IN,INR,Beauty,3790.45,682.28,RAZORPAY,1,94,4,0,Mobile_App,0,0
DHAN-ORD-100521,CUST-1222,2026-07-15,IN,INR,Apparel,1202.13,216.38,CARD,5,109,3,0,Mobile_Web,0,0
DHAN-ORD-100522,CUST-2221,2026-07-16,IN,INR,Festive,1107.28,199.31,RAZORPAY,9,138,3,0,Desktop,0,0
DHAN-ORD-100523,CUST-1889,2026-08-25,NP,NPR,Kitchen,5673.08,737.5,CONNECT_IPS,3,325,4,1,Desktop,0,0
DHAN-ORD-100524,CUST-1707,2026-08-24,NP,NPR,Kitchen,2110.7,274.39,COD,4,47,0,0,Desktop,0,0
DHAN-ORD-100525,CUST-2492,2026-07-19,NP,NPR,Toys,532.19,69.18,COD,1,169,3,0,Desktop,0,0
DHAN-ORD-100526,CUST-1642,2026-07-17,IN,INR,Apparel,156.99,28.26,COD,3,131,6,0,Mobile_Web,0,1
DHAN-ORD-100527,CUST-1893,2026-07-10,NP,NPR,Computers,1772.13,230.38,ESEWA,8,102,3,1,Desktop,0,0
DHAN-ORD-100528,CUST-2241,2026-07-02,NP,NPR,Festive,2609.59,339.25,CONNECT_IPS,8,160,1,1,Mobile_Web,0,1
DHAN-ORD-100529,CUST-2047,2026-08-30,NP,NPR,Computers,3996.91,519.6,CONNECT_IPS,9,101,3,0,Mobile_App,0,0
DHAN-ORD-100530,CUST-1236,2026-08-20,NP,NPR,Toys,4650.02,604.5,ESEWA,6,126,4,0,Mobile_Web,0,0
DHAN-ORD-100531,CUST-1788,2026-09-04,NP,NPR,Toys,19134.83,2487.53,KHALTI,9,53,3,0,Mobile_App,1,0
DHAN-ORD-100532,CUST-2180,2026-09-19,IN,INR,Books,1643.29,295.79,RAZORPAY,5,21,3,1,Mobile_App,1,0
DHAN-ORD-100533,CUST-1389,2026-07-25,IN,INR,Computers,267.76,48.2,UPI,6,79,5,0,Mobile_App,0,0
DHAN-ORD-100534,CUST-1521,2026-08-13,NP,NPR,Apparel,1579.08,205.28,ESEWA,4,274,1,0,Mobile_Web,0,0
DHAN-ORD-100535,CUST-1090,2026-09-25,NP,NPR,Kitchen,3055.51,397.22,ESEWA,4,58,3,0,Desktop,1,0
DHAN-ORD-100536,CUST-2451,2026-08-26,NP,NPR,Kitchen,10212.76,1327.66,ESEWA,6,24,3,0,Mobile_App,0,0
DHAN-ORD-100537,CUST-1893,2026-07-09,IN,INR,Computers,5041.47,907.46,COD,1,123,4,1,Mobile_App,0,0
DHAN-ORD-100538,CUST-1003,2026-07-18,NP,NPR,Apparel,5176.09,672.89,ESEWA,1,272,2,0,Mobile_Web,0,0
DHAN-ORD-100539,CUST-2064,2026-07-05,NP,NPR,Beauty,1019.44,132.53,ESEWA,2,124,4,1,Mobile_App,0,0
DHAN-ORD-100540,CUST-2102,2026-07-03,NP,NPR,Computers,4387.41,570.36,KHALTI,4,47,8,0,Mobile_Web,0,0
DHAN-ORD-100541,CUST-2406,2026-07-28,IN,INR,Apparel,3584.32,645.18,UPI,2,57,5,0,Mobile_Web,0,0
DHAN-ORD-100542,CUST-2473,2026-07-08,IN,INR,Toys,15179.3,2732.27,RAZORPAY,5,129,4,2,Mobile_App,0,0
DHAN-ORD-100543,CUST-2373,2026-08-03,IN,INR,Toys,11571.76,2082.92,UPI,6,335,0,0,Desktop,0,0
DHAN-ORD-100544,CUST-1403,2026-07-29,IN,INR,Festive,3295.89,593.26,COD,1,26,2,0,Mobile_App,0,1
DHAN-ORD-100545,CUST-1745,2026-07-14,NP,NPR,Kitchen,2387.53,310.38,COD,2,121,4,2,Mobile_App,0,0
DHAN-ORD-100546,CUST-1883,2026-07-04,NP,NPR,Books,5831.79,758.13,COD,8,72,3,1,Mobile_App,0,0
DHAN-ORD-100547,CUST-1143,2026-08-03,NP,NPR,Festive,5012.72,651.65,ESEWA,8,127,4,2,Mobile_App,0,1
DHAN-ORD-100548,CUST-2360,2026-07-23,NP,NPR,Electronics,1126.27,146.42,CONNECT_IPS,1,259,2,1,Mobile_Web,0,1
DHAN-ORD-100549,CUST-1676,2026-08-14,NP,NPR,Electronics,4662.46,606.12,ESEWA,9,166,3,0,Desktop,0,1
DHAN-ORD-100550,CUST-2276,2026-07-23,NP,NPR,Kitchen,7209.09,937.18,ESEWA,9,54,2,0,Mobile_App,0,0
DHAN-ORD-100551,CUST-1642,2026-08-27,NP,NPR,Kitchen,2358.11,306.55,ESEWA,9,101,7,1,Desktop,0,0
DHAN-ORD-100552,CUST-2358,2026-07-25,AE,AED,Apparel,150.0,7.5,COD,6,47,6,2,Mobile_App,0,0
DHAN-ORD-100553,CUST-1255,2026-07-25,IN,INR,Apparel,1281.26,230.63,CARD,3,205,8,0,Mobile_App,0,0
DHAN-ORD-100554,CUST-2474,2026-09-01,IN,INR,Toys,1082.0,194.76,UPI,2,236,9,0,Mobile_Web,1,0
DHAN-ORD-100555,CUST-1615,2026-07-16,IN,INR,Beauty,990.61,178.31,RAZORPAY,9,15,5,0,Mobile_App,0,0
DHAN-ORD-100556,CUST-2038,2026-07-05,NP,NPR,Computers,14571.14,1894.25,ESEWA,9,56,2,0,Mobile_Web,0,1
DHAN-ORD-100557,CUST-1633,2026-07-01,IN,INR,Festive,7850.7,1413.13,UPI,2,191,5,0,Mobile_Web,0,0
DHAN-ORD-100558,CUST-2365,2026-08-12,NP,NPR,Electronics,5838.83,759.05,COD,6,93,4,1,Mobile_Web,0,1
DHAN-ORD-100559,CUST-1836,2026-07-30,IN,INR,Books,833.23,149.98,UPI,5,348,5,0,Mobile_App,0,0
DHAN-ORD-100560,CUST-1668,2026-08-06,NP,NPR,Computers,2454.06,319.03,KHALTI,6,31,5,0,Mobile_Web,0,0
DHAN-ORD-100561,CUST-1824,2026-07-08,AE,AED,Books,150.0,7.5,CARD,6,223,5,0,Desktop,0,0
DHAN-ORD-100562,CUST-2427,2026-07-05,NP,NPR,Computers,8887.81,1155.42,KHALTI,4,135,6,0,Mobile_App,0,0
DHAN-ORD-100563,CUST-1605,2026-07-01,NP,NPR,Electronics,958.07,124.55,ESEWA,4,182,1,0,Mobile_App,0,0
DHAN-ORD-100564,CUST-2135,2026-07-13,AE,AED,Computers,457.07,22.85,CARD,7,123,4,0,Mobile_App,0,0
DHAN-ORD-100565,CUST-1260,2026-07-27,NP,NPR,Apparel,749.63,97.45,ESEWA,2,121,0,0,Desktop,0,0
DHAN-ORD-100566,CUST-1392,2026-07-15,IN,INR,Festive,706.95,127.25,RAZORPAY,4,299,2,0,Mobile_App,0,0
DHAN-ORD-100567,CUST-1861,2026-07-18,IN,INR,Kitchen,2232.09,401.78,UPI,9,130,4,0,Desktop,0,0
DHAN-ORD-100568,CUST-2361,2026-09-09,IN,INR,Festive,5569.26,1002.47,UPI,7,7,5,0,Desktop,1,0
DHAN-ORD-100569,CUST-1776,2026-07-13,AE,AED,Apparel,150.0,7.5,CARD,6,71,7,2,Mobile_App,0,0
DHAN-ORD-100570,CUST-2387,2026-07-22,AE,AED,Apparel,369.89,18.49,APPLE_PAY,9,201,2,0,Desktop,0,0
DHAN-ORD-100571,CUST-1356,2026-08-15,NP,NPR,Festive,1483.82,192.9,ESEWA,7,47,6,0,Mobile_App,0,0
DHAN-ORD-100572,CUST-2260,2026-07-16,IN,INR,Electronics,719.21,129.46,UPI,8,167,2,1,Mobile_Web,0,1
DHAN-ORD-100573,CUST-2165,2026-07-30,IN,INR,Kitchen,6513.16,1172.37,UPI,6,280,3,0,Desktop,0,0
DHAN-ORD-100574,CUST-1616,2026-08-29,IN,INR,Festive,3441.54,619.48,UPI,3,128,3,0,Mobile_App,0,0
DHAN-ORD-100575,CUST-1831,2026-09-28,NP,NPR,Festive,322.17,41.88,COD,7,37,7,0,Mobile_App,1,0
DHAN-ORD-100576,CUST-2122,2026-07-05,IN,INR,Books,907.55,163.36,CARD,7,143,6,1,Mobile_App,0,1
DHAN-ORD-100577,CUST-1000,2026-09-17,AE,AED,Festive,176.27,8.81,APPLE_PAY,5,252,3,1,Mobile_App,1,0
DHAN-ORD-100578,CUST-1622,2026-07-21,AE,AED,Computers,150.0,7.5,CARD,6,101,4,1,Mobile_Web,0,0
DHAN-ORD-100579,CUST-1587,2026-07-09,NP,NPR,Festive,9021.56,1172.8,COD,3,46,2,0,Mobile_App,0,1
DHAN-ORD-100580,CUST-1430,2026-07-19,NP,NPR,Kitchen,1141.96,148.45,CONNECT_IPS,7,127,4,0,Mobile_Web,0,1
DHAN-ORD-100581,CUST-1880,2026-07-28,NP,NPR,Books,8751.47,1137.69,ESEWA,3,21,2,0,Mobile_App,0,0
DHAN-ORD-100582,CUST-2187,2026-07-21,IN,INR,Beauty,849.62,152.93,RAZORPAY,3,275,3,0,Mobile_Web,0,0
DHAN-ORD-100583,CUST-2242,2026-07-12,IN,INR,Apparel,1085.6,195.41,UPI,5,121,8,1,Mobile_Web,0,0
DHAN-ORD-100584,CUST-2340,2026-07-31,NP,NPR,Beauty,5150.81,669.61,ESEWA,2,50,1,0,Mobile_App,0,0
DHAN-ORD-100585,CUST-1659,2026-07-09,NP,NPR,Electronics,7789.19,1012.59,ESEWA,4,60,2,0,Mobile_Web,0,0
DHAN-ORD-100586,CUST-1952,2026-07-03,NP,NPR,Computers,1469.27,191.01,CONNECT_IPS,2,91,3,0,Mobile_App,0,0
DHAN-ORD-100587,CUST-1904,2026-07-05,NP,NPR,Festive,37304.81,4849.63,KHALTI,8,96,4,0,Mobile_Web,0,0
DHAN-ORD-100588,CUST-1905,2026-07-05,AE,AED,Fitness,150.0,7.5,APPLE_PAY,6,195,5,0,Mobile_Web,0,0
DHAN-ORD-100589,CUST-2383,2026-07-05,IN,INR,Computers,1765.75,317.83,RAZORPAY,1,13,1,0,Desktop,0,1
DHAN-ORD-100590,CUST-1437,2026-07-05,NP,NPR,Fitness,5808.07,755.05,ESEWA,3,139,3,0,Mobile_Web,0,0
DHAN-ORD-100591,CUST-2046,2026-07-31,NP,NPR,Apparel,1847.26,240.14,COD,2,180,4,1,Mobile_App,0,0
DHAN-ORD-100592,CUST-1969,2026-07-07,NP,NPR,Kitchen,1845.94,239.97,ESEWA,9,78,5,0,Mobile_App,0,0
DHAN-ORD-100593,CUST-1347,2026-07-13,AE,AED,Electronics,150.0,7.5,COD,6,62,5,0,Mobile_Web,0,0
DHAN-ORD-100594,CUST-2349,2026-09-07,NP,NPR,Festive,2604.92,338.64,COD,3,73,4,0,Mobile_App,1,0
DHAN-ORD-100595,CUST-1173,2026-07-20,NP,NPR,Apparel,2687.2,349.34,ESEWA,5,37,5,1,Mobile_Web,0,0
DHAN-ORD-100596,CUST-1581,2026-08-03,NP,NPR,Beauty,5929.61,770.85,KHALTI,7,163,3,0,Desktop,0,0
DHAN-ORD-100597,CUST-2055,2026-07-06,IN,INR,Apparel,1499.59,269.93,UPI,5,79,2,0,Mobile_App,0,0
DHAN-ORD-100598,CUST-2359,2026-07-07,IN,INR,Computers,934.69,168.24,UPI,7,99,7,1,Mobile_App,0,0
DHAN-ORD-100599,CUST-2296,2026-07-02,IN,INR,Beauty,7123.33,1282.2,UPI,4,78,0,0,Mobile_App,0,1
DHAN-ORD-100600,CUST-2268,2026-07-06,NP,NPR,Electronics,4893.29,636.13,KHALTI,6,71,3,0,Mobile_Web,0,0
DHAN-ORD-100601,CUST-1686,2026-07-10,NP,NPR,Electronics,7654.06,995.03,ESEWA,4,185,4,0,Mobile_Web,0,0
DHAN-ORD-100602,CUST-1191,2026-07-06,NP,NPR,Apparel,16161.42,2100.98,ESEWA,6,65,2,0,Desktop,0,0
DHAN-ORD-100603,CUST-1481,2026-07-03,IN,INR,Festive,1231.96,221.75,RAZORPAY,7,72,4,0,Mobile_App,0,0
DHAN-ORD-100604,CUST-2377,2026-07-04,NP,NPR,Kitchen,3690.91,479.82,KHALTI,9,67,6,0,Mobile_App,0,0
DHAN-ORD-100605,CUST-1635,2026-07-19,IN,INR,Electronics,6056.06,1090.09,UPI,8,59,6,1,Mobile_Web,0,0
DHAN-ORD-100606,CUST-1460,2026-07-07,IN,INR,Apparel,5488.95,988.01,RAZORPAY,7,81,2,0,Mobile_Web,0,0
DHAN-ORD-100607,CUST-1407,2026-07-14,IN,INR,Festive,11843.11,2131.76,RAZORPAY,8,78,2,0,Mobile_Web,0,0
DHAN-ORD-100608,CUST-1301,2026-07-22,NP,NPR,Toys,4506.67,585.87,KHALTI,6,87,5,0,Mobile_App,0,0
DHAN-ORD-100609,CUST-1050,2026-08-05,NP,NPR,Festive,275.1,35.76,KHALTI,5,99,0,0,Mobile_Web,0,0
DHAN-ORD-100610,CUST-1094,2026-07-02,NP,NPR,Beauty,1351.25,175.66,ESEWA,1,63,2,0,Mobile_App,0,0
DHAN-ORD-100611,CUST-1501,2026-08-18,IN,INR,Toys,1404.64,252.84,UPI,9,12,7,0,Desktop,0,0
DHAN-ORD-100612,CUST-1973,2026-07-30,IN,INR,Computers,1999.79,359.96,RAZORPAY,1,92,2,0,Mobile_App,0,0
DHAN-ORD-100613,CUST-2251,2026-07-03,NP,NPR,Kitchen,1680.76,218.5,KHALTI,6,101,1,0,Mobile_Web,0,0
DHAN-ORD-100614,CUST-1149,2026-09-01,NP,NPR,Kitchen,46625.95,6061.37,ESEWA,5,114,5,1,Desktop,1,0
DHAN-ORD-100615,CUST-1932,2026-09-15,IN,INR,Beauty,938.14,168.87,RAZORPAY,2,42,5,0,Mobile_Web,1,0
DHAN-ORD-100616,CUST-1848,2026-07-02,IN,INR,Festive,1830.16,329.43,RAZORPAY,3,212,3,0,Mobile_App,0,0
DHAN-ORD-100617,CUST-2289,2026-07-10,NP,NPR,Festive,6487.45,843.37,KHALTI,7,204,8,0,Mobile_App,0,0
DHAN-ORD-100618,CUST-2178,2026-08-19,IN,INR,Computers,2603.0,468.54,COD,2,70,4,0,Mobile_App,0,0
DHAN-ORD-100619,CUST-1398,2026-08-11,NP,NPR,Electronics,4991.79,648.93,ESEWA,5,241,0,0,Mobile_Web,0,0
DHAN-ORD-100620,CUST-2471,2026-07-07,NP,NPR,Kitchen,1396.9,181.6,KHALTI,1,106,6,0,Desktop,0,0
DHAN-ORD-100621,CUST-2426,2026-07-08,AE,AED,Electronics,327.03,16.35,CARD,3,52,4,0,Mobile_App,0,0
DHAN-ORD-100622,CUST-1786,2026-07-14,IN,INR,Apparel,150.0,27.0,COD,6,21,3,0,Desktop,0,0
DHAN-ORD-100623,CUST-2012,2026-07-20,IN,INR,Festive,12302.78,2214.5,COD,8,158,3,0,Mobile_Web,0,1
DHAN-ORD-100624,CUST-1818,2026-07-29,NP,NPR,Books,4049.54,526.44,KHALTI,8,89,2,0,Mobile_Web,0,1
DHAN-ORD-100625,CUST-1499,2026-07-14,IN,INR,Apparel,1380.47,248.48,UPI,3,86,8,0,Desktop,0,0
DHAN-ORD-100626,CUST-1302,2026-07-19,NP,NPR,Festive,13573.67,1764.58,COD,1,174,1,0,Mobile_App,0,1
DHAN-ORD-100627,CUST-2343,2026-08-11,NP,NPR,Beauty,1564.78,203.42,COD,7,258,6,0,Mobile_App,0,0
DHAN-ORD-100628,CUST-2408,2026-07-02,NP,NPR,Electronics,20520.19,2667.62,ESEWA,9,68,7,1,Mobile_App,0,0
DHAN-ORD-100629,CUST-1011,2026-07-09,NP,NPR,Beauty,18854.88,2451.13,CONNECT_IPS,8,90,2,1,Mobile_Web,0,1
DHAN-ORD-100630,CUST-1218,2026-08-07,IN,INR,Apparel,5592.54,1006.66,UPI,3,23,5,1,Desktop,0,1
DHAN-ORD-100631,CUST-1870,2026-09-06,IN,INR,Toys,2091.52,376.47,UPI,3,44,2,1,Mobile_App,1,0
DHAN-ORD-100632,CUST-1448,2026-07-22,NP,NPR,Electronics,1574.71,204.71,ESEWA,8,188,8,0,Mobile_App,0,0
DHAN-ORD-100633,CUST-1360,2026-07-23,NP,NPR,Kitchen,7131.07,927.04,KHALTI,3,35,6,1,Desktop,0,0
DHAN-ORD-100634,CUST-2425,2026-07-04,NP,NPR,Kitchen,1255.21,163.18,ESEWA,4,129,5,0,Desktop,0,0
DHAN-ORD-100635,CUST-2060,2026-07-18,NP,NPR,Books,34054.62,4427.1,ESEWA,7,37,6,0,Mobile_Web,0,0
DHAN-ORD-100636,CUST-1951,2026-07-23,IN,INR,Kitchen,702.7,126.49,RAZORPAY,9,159,5,0,Mobile_Web,0,0
DHAN-ORD-100637,CUST-1102,2026-07-09,IN,INR,Toys,5158.07,928.45,RAZORPAY,1,94,5,0,Mobile_Web,0,0
DHAN-ORD-100638,CUST-2141,2026-07-10,NP,NPR,Toys,1604.62,208.6,ESEWA,2,13,3,0,Mobile_App,0,0
DHAN-ORD-100639,CUST-1510,2026-07-15,NP,NPR,Electronics,2374.12,308.64,KHALTI,7,67,3,0,Mobile_App,0,0
DHAN-ORD-100640,CUST-1248,2026-07-01,IN,INR,Apparel,1208.39,217.51,COD,2,28,1,0,Desktop,0,0
DHAN-ORD-100641,CUST-1934,2026-07-12,IN,INR,Festive,3105.32,558.96,RAZORPAY,9,268,4,1,Mobile_App,0,0
DHAN-ORD-100642,CUST-1273,2026-07-08,NP,NPR,Beauty,1056.41,137.33,ESEWA,3,55,1,0,Mobile_App,0,0
DHAN-ORD-100643,CUST-1951,2026-07-12,NP,NPR,Books,784.41,101.97,KHALTI,1,272,5,1,Desktop,0,0
DHAN-ORD-100644,CUST-2367,2026-07-04,IN,INR,Electronics,1652.36,297.42,CARD,5,24,5,0,Mobile_Web,0,0
DHAN-ORD-100645,CUST-2087,2026-09-05,NP,NPR,Computers,1598.88,207.85,ESEWA,5,11,4,1,Mobile_Web,1,0
DHAN-ORD-100646,CUST-2144,2026-07-28,NP,NPR,Festive,13911.47,1808.49,KHALTI,6,75,2,0,Mobile_App,0,0
DHAN-ORD-100647,CUST-2219,2026-08-04,IN,INR,Festive,2961.18,533.01,COD,9,51,1,0,Mobile_App,0,1
DHAN-ORD-100648,CUST-1649,2026-08-16,IN,INR,Books,1026.92,184.85,UPI,9,51,3,0,Mobile_Web,0,0
DHAN-ORD-100649,CUST-1906,2026-07-21,IN,INR,Apparel,727.66,130.98,UPI,7,60,4,2,Mobile_Web,0,0
DHAN-ORD-100650,CUST-2254,2026-07-03,IN,INR,Festive,2485.05,447.31,RAZORPAY,1,32,4,0,Mobile_Web,0,0
DHAN-ORD-100651,CUST-2473,2026-07-24,IN,INR,Festive,5800.39,1044.07,RAZORPAY,4,17,2,0,Mobile_App,0,0
DHAN-ORD-100652,CUST-2033,2026-07-27,NP,NPR,Festive,22173.68,2882.58,ESEWA,6,103,4,1,Desktop,0,0
DHAN-ORD-100653,CUST-1873,2026-08-11,NP,NPR,Apparel,7105.9,923.77,COD,4,96,1,0,Mobile_App,0,1
DHAN-ORD-100654,CUST-2122,2026-07-17,NP,NPR,Kitchen,10289.81,1337.68,KHALTI,2,148,3,0,Mobile_App,0,0
DHAN-ORD-100655,CUST-1913,2026-07-05,NP,NPR,Festive,5783.93,751.91,KHALTI,5,92,4,0,Mobile_App,0,0
DHAN-ORD-100656,CUST-1325,2026-07-11,IN,INR,Kitchen,751.17,135.21,COD,4,142,2,0,Mobile_App,0,0
DHAN-ORD-100657,CUST-1972,2026-07-14,IN,INR,Beauty,3490.58,628.3,UPI,7,13,6,1,Mobile_App,0,1
DHAN-ORD-100658,CUST-1921,2026-08-01,AE,AED,Kitchen,150.0,7.5,APPLE_PAY,6,244,3,0,Mobile_Web,0,0
DHAN-ORD-100659,CUST-1530,2026-07-26,IN,INR,Apparel,2284.58,411.22,CARD,7,50,5,0,Mobile_App,0,0
DHAN-ORD-100660,CUST-1506,2026-07-14,NP,NPR,Beauty,38804.07,5044.53,ESEWA,5,315,1,0,Desktop,0,0
DHAN-ORD-100661,CUST-2305,2026-08-09,NP,NPR,Computers,4993.09,649.1,ESEWA,7,81,2,0,Mobile_App,0,0
DHAN-ORD-100662,CUST-1567,2026-07-28,IN,INR,Festive,5237.45,942.74,CARD,8,57,1,0,Mobile_App,0,0
DHAN-ORD-100663,CUST-2067,2026-07-09,IN,INR,Kitchen,5987.7,1077.79,COD,2,90,3,0,Mobile_App,0,0
DHAN-ORD-100664,CUST-1992,2026-07-04,IN,INR,Apparel,1502.3,270.41,RAZORPAY,8,22,2,0,Mobile_App,0,0
DHAN-ORD-100665,CUST-2283,2026-07-05,IN,INR,Computers,2900.95,522.17,UPI,2,176,4,1,Mobile_Web,0,0
DHAN-ORD-100666,CUST-1489,2026-07-09,IN,INR,Computers,593.45,106.82,UPI,8,50,2,0,Desktop,0,0
DHAN-ORD-100667,CUST-1562,2026-07-06,IN,INR,Electronics,709.5,127.71,UPI,7,75,6,0,Mobile_Web,0,1
DHAN-ORD-100668,CUST-1900,2026-07-07,NP,NPR,Apparel,10663.7,1386.28,ESEWA,7,117,3,0,Desktop,0,0
DHAN-ORD-100669,CUST-1158,2026-07-11,IN,INR,Computers,12244.37,2203.99,CARD,4,84,2,0,Mobile_App,0,0
DHAN-ORD-100670,CUST-2461,2026-07-06,IN,INR,Festive,3991.46,718.46,UPI,4,98,4,0,Mobile_App,0,0
DHAN-ORD-100671,CUST-1585,2026-09-07,NP,NPR,Electronics,2101.08,273.14,KHALTI,4,104,3,0,Mobile_Web,1,0
DHAN-ORD-100672,CUST-1480,2026-07-03,IN,INR,Electronics,1132.77,203.9,RAZORPAY,7,135,3,0,Mobile_Web,0,0
DHAN-ORD-100673,CUST-1556,2026-07-23,NP,NPR,Electronics,1440.12,187.22,COD,9,122,2,0,Mobile_App,0,0
DHAN-ORD-100674,CUST-1687,2026-07-16,AE,AED,Computers,150.0,7.5,APPLE_PAY,6,18,4,0,Mobile_App,0,0
DHAN-ORD-100675,CUST-1654,2026-08-01,NP,NPR,Fitness,16428.7,2135.73,COD,3,241,3,0,Mobile_App,0,0
DHAN-ORD-100676,CUST-2106,2026-07-04,IN,INR,Festive,461.52,83.07,UPI,2,183,3,0,Mobile_App,0,0
DHAN-ORD-100677,CUST-1165,2026-07-16,NP,NPR,Apparel,5257.65,683.49,KHALTI,1,251,4,0,Mobile_Web,0,1
DHAN-ORD-100678,CUST-1283,2026-07-15,IN,INR,Electronics,499.61,89.93,RAZORPAY,4,143,3,1,Mobile_App,0,0
DHAN-ORD-100679,CUST-1308,2026-08-30,NP,NPR,Electronics,4020.22,522.63,COD,6,106,6,1,Mobile_App,0,1
DHAN-ORD-100680,CUST-1473,2026-08-20,NP,NPR,Beauty,1520.1,197.61,ESEWA,8,357,3,0,Mobile_App,0,0
DHAN-ORD-100681,CUST-1784,2026-07-09,NP,NPR,Books,24123.44,3136.05,CONNECT_IPS,3,327,3,1,Mobile_Web,0,0
DHAN-ORD-100682,CUST-2421,2026-07-06,AE,AED,Electronics,150.0,7.5,APPLE_PAY,6,120,6,1,Mobile_App,0,0
DHAN-ORD-100683,CUST-1312,2026-08-03,NP,NPR,Toys,2285.37,297.1,ESEWA,8,228,0,0,Mobile_App,0,0
DHAN-ORD-100684,CUST-2446,2026-09-18,NP,NPR,Kitchen,2265.84,294.56,ESEWA,6,67,6,0,Mobile_App,1,0
DHAN-ORD-100685,CUST-1438,2026-07-25,IN,INR,Electronics,20896.92,3761.45,UPI,7,153,5,2,Mobile_App,0,1
DHAN-ORD-100686,CUST-1131,2026-07-26,NP,NPR,Beauty,1572.32,204.4,KHALTI,6,124,2,0,Mobile_App,0,0
DHAN-ORD-100687,CUST-1849,2026-07-10,AE,AED,Computers,672.96,33.65,CARD,6,70,2,0,Mobile_Web,0,0
DHAN-ORD-100688,CUST-1834,2026-08-14,NP,NPR,Fitness,1795.25,233.38,ESEWA,4,11,4,1,Mobile_App,0,0
DHAN-ORD-100689,CUST-1677,2026-07-07,IN,INR,Electronics,6390.53,1150.3,CARD,9,152,1,0,Mobile_App,0,0
DHAN-ORD-100690,CUST-2111,2026-07-12,NP,NPR,Toys,1346.75,175.08,ESEWA,5,90,3,0,Mobile_App,0,0
DHAN-ORD-100691,CUST-1954,2026-07-17,NP,NPR,Computers,314.01,40.82,ESEWA,8,263,3,0,Mobile_App,0,0
DHAN-ORD-100692,CUST-1851,2026-07-22,IN,INR,Books,1205.24,216.94,UPI,8,279,6,1,Mobile_App,0,0
DHAN-ORD-100693,CUST-1127,2026-07-09,IN,INR,Electronics,3776.88,679.84,UPI,5,41,2,0,Desktop,0,0
DHAN-ORD-100694,CUST-1423,2026-07-04,IN,INR,Festive,5135.79,924.44,UPI,5,142,2,0,Mobile_Web,0,1
DHAN-ORD-100695,CUST-1860,2026-07-29,NP,NPR,Fitness,13110.35,1704.35,ESEWA,6,122,5,1,Mobile_App,0,0
DHAN-ORD-100696,CUST-1797,2026-07-11,NP,NPR,Books,12794.87,1663.33,COD,5,156,6,0,Mobile_App,0,0
DHAN-ORD-100697,CUST-2196,2026-07-27,NP,NPR,Beauty,8013.53,1041.76,COD,3,62,5,1,Mobile_App,0,0
DHAN-ORD-100698,CUST-2424,2026-07-06,AE,AED,Toys,360.23,18.01,APPLE_PAY,9,182,3,0,Mobile_Web,0,0
DHAN-ORD-100699,CUST-1040,2026-07-20,NP,NPR,Kitchen,4128.16,536.66,ESEWA,6,32,2,0,Mobile_App,0,0
DHAN-ORD-100700,CUST-2179,2026-07-23,NP,NPR,Electronics,2618.14,340.36,KHALTI,8,192,3,0,Mobile_App,0,1
DHAN-ORD-100701,CUST-1779,2026-07-02,NP,NPR,Kitchen,13605.18,1768.67,KHALTI,6,196,4,0,Mobile_Web,0,0
DHAN-ORD-100702,CUST-1976,2026-07-13,IN,INR,Electronics,1616.75,291.01,RAZORPAY,5,90,5,0,Desktop,0,0
DHAN-ORD-100703,CUST-1012,2026-07-05,NP,NPR,Books,6059.92,787.79,ESEWA,2,74,1,0,Mobile_App,0,0
DHAN-ORD-100704,CUST-1720,2026-07-02,AE,AED,Computers,150.0,7.5,COD,6,254,5,1,Desktop,0,0
DHAN-ORD-100705,CUST-1611,2026-08-18,NP,NPR,Apparel,17486.59,2273.26,ESEWA,8,30,7,1,Desktop,0,0
DHAN-ORD-100706,CUST-1798,2026-07-12,IN,INR,Apparel,3111.88,560.14,RAZORPAY,6,218,1,0,Mobile_App,0,0
DHAN-ORD-100707,CUST-1858,2026-08-19,NP,NPR,Beauty,6433.24,836.32,ESEWA,7,58,2,0,Mobile_App,0,1
DHAN-ORD-100708,CUST-2102,2026-07-09,IN,INR,Apparel,2677.14,481.89,RAZORPAY,4,160,1,0,Mobile_App,0,0
DHAN-ORD-100709,CUST-2118,2026-08-04,AE,AED,Computers,1642.39,82.12,APPLE_PAY,4,60,6,0,Mobile_App,0,0
DHAN-ORD-100710,CUST-2235,2026-08-12,NP,NPR,Apparel,368.9,47.96,COD,8,187,1,0,Mobile_App,0,0
DHAN-ORD-100711,CUST-1451,2026-07-28,AE,AED,Electronics,337.51,16.88,CARD,4,40,6,1,Mobile_App,0,0
DHAN-ORD-100712,CUST-1999,2026-07-20,NP,NPR,Books,23206.77,3016.88,KHALTI,4,24,6,0,Mobile_Web,0,1
DHAN-ORD-100713,CUST-1449,2026-07-16,AE,AED,Toys,831.9,41.59,CARD,3,48,4,0,Mobile_App,0,0
DHAN-ORD-100714,CUST-1558,2026-07-13,IN,INR,Books,2153.36,387.6,COD,2,89,1,0,Mobile_App,0,0
DHAN-ORD-100715,CUST-1892,2026-09-18,NP,NPR,Computers,3177.37,413.06,ESEWA,9,65,3,0,Mobile_App,1,0
DHAN-ORD-100716,CUST-1994,2026-08-23,NP,NPR,Electronics,2301.82,299.24,KHALTI,6,71,3,0,Mobile_App,0,0
DHAN-ORD-100717,CUST-1059,2026-07-11,NP,NPR,Electronics,5360.44,696.86,KHALTI,5,100,2,0,Mobile_App,0,0
DHAN-ORD-100718,CUST-1796,2026-07-04,NP,NPR,Computers,2021.62,262.81,KHALTI,5,18,6,0,Mobile_App,0,0
DHAN-ORD-100719,CUST-1688,2026-08-09,NP,NPR,Electronics,6451.81,838.74,ESEWA,7,20,5,1,Desktop,0,0
DHAN-ORD-100720,CUST-2369,2026-09-22,NP,NPR,Apparel,8541.57,1110.4,KHALTI,9,225,4,0,Mobile_App,1,0
DHAN-ORD-100721,CUST-2390,2026-07-06,NP,NPR,Electronics,3482.22,452.69,COD,8,81,4,0,Desktop,0,0
DHAN-ORD-100722,CUST-1828,2026-07-03,IN,INR,Beauty,2508.36,451.5,RAZORPAY,6,28,2,0,Mobile_App,0,0
DHAN-ORD-100723,CUST-2483,2026-08-10,NP,NPR,Festive,4342.3,564.5,ESEWA,4,130,1,0,Mobile_Web,0,0
DHAN-ORD-100724,CUST-1338,2026-07-26,NP,NPR,Apparel,573.15,74.51,ESEWA,6,169,3,0,Desktop,0,0
DHAN-ORD-100725,CUST-1957,2026-08-25,IN,INR,Kitchen,666.57,119.98,UPI,9,162,4,0,Mobile_App,0,1
DHAN-ORD-100726,CUST-1261,2026-07-05,NP,NPR,Kitchen,11789.03,1532.57,KHALTI,8,188,4,0,Mobile_App,0,0
DHAN-ORD-100727,CUST-2274,2026-08-17,NP,NPR,Beauty,2635.79,342.65,ESEWA,7,50,9,3,Mobile_Web,0,0
DHAN-ORD-100728,CUST-2093,2026-07-07,NP,NPR,Electronics,583.4,75.84,ESEWA,7,124,2,0,Desktop,0,0
DHAN-ORD-100729,CUST-1055,2026-07-06,AE,AED,Apparel,429.45,21.47,CARD,6,16,4,0,Desktop,0,0
DHAN-ORD-100730,CUST-1806,2026-07-06,IN,INR,Kitchen,2291.62,412.49,COD,5,70,4,1,Mobile_App,0,0
DHAN-ORD-100731,CUST-2212,2026-08-20,NP,NPR,Festive,2426.31,315.42,ESEWA,5,191,0,0,Mobile_App,0,0
DHAN-ORD-100732,CUST-2155,2026-08-02,IN,INR,Toys,2306.83,415.23,UPI,2,191,2,0,Mobile_Web,0,0
DHAN-ORD-100733,CUST-2357,2026-07-23,NP,NPR,Apparel,1265.9,164.57,COD,5,51,5,0,Mobile_App,0,0
DHAN-ORD-100734,CUST-1055,2026-07-14,IN,INR,Kitchen,1938.76,348.98,UPI,3,101,3,0,Mobile_App,0,0
DHAN-ORD-100735,CUST-1171,2026-09-01,IN,INR,Electronics,3368.15,606.27,UPI,2,123,3,0,Mobile_Web,1,0
DHAN-ORD-100736,CUST-2316,2026-07-15,IN,INR,Fitness,2838.25,510.88,CARD,3,131,3,0,Mobile_App,0,0
DHAN-ORD-100737,CUST-1877,2026-08-20,NP,NPR,Beauty,30992.61,4029.04,COD,5,80,3,0,Mobile_App,0,0
DHAN-ORD-100738,CUST-1277,2026-07-18,NP,NPR,Electronics,663.5,86.26,KHALTI,6,129,2,0,Mobile_Web,0,0
DHAN-ORD-100739,CUST-1945,2026-07-15,NP,NPR,Electronics,4167.07,541.72,ESEWA,9,109,2,1,Mobile_App,0,0
DHAN-ORD-100740,CUST-1372,2026-07-19,IN,INR,Electronics,1169.92,210.59,UPI,8,42,4,0,Mobile_App,0,0
DHAN-ORD-100741,CUST-1102,2026-07-11,IN,INR,Fitness,5426.28,976.73,RAZORPAY,8,54,1,0,Mobile_App,0,0
DHAN-ORD-100742,CUST-1532,2026-08-11,IN,INR,Electronics,2468.72,444.37,UPI,2,529,4,1,Mobile_App,0,0
DHAN-ORD-100743,CUST-1776,2026-07-21,AE,AED,Beauty,194.76,9.74,CARD,5,90,4,0,Desktop,0,0
DHAN-ORD-100744,CUST-1670,2026-07-08,NP,NPR,Beauty,1577.01,205.01,ESEWA,2,32,2,0,Mobile_App,0,0
DHAN-ORD-100745,CUST-1433,2026-09-07,IN,INR,Apparel,6019.27,1083.47,COD,7,54,3,0,Mobile_App,1,0
DHAN-ORD-100746,CUST-1931,2026-07-15,IN,INR,Festive,3826.67,688.8,COD,1,113,6,0,Mobile_App,0,0
DHAN-ORD-100747,CUST-1669,2026-07-24,AE,AED,Festive,150.0,7.5,CARD,6,54,3,0,Mobile_App,0,1
DHAN-ORD-100748,CUST-1691,2026-09-10,AE,AED,Beauty,686.38,34.32,CARD,2,68,5,0,Desktop,1,0
DHAN-ORD-100749,CUST-1776,2026-07-30,IN,INR,Computers,1278.24,230.08,CARD,9,24,9,1,Desktop,0,0
DHAN-ORD-100750,CUST-1569,2026-07-04,NP,NPR,Kitchen,2873.48,373.55,ESEWA,2,24,6,1,Desktop,0,0
DHAN-ORD-100751,CUST-1863,2026-09-23,IN,INR,Apparel,1023.47,184.22,RAZORPAY,6,70,2,0,Mobile_App,1,0
DHAN-ORD-100752,CUST-1516,2026-07-30,NP,NPR,Apparel,705.64,91.73,COD,3,42,6,0,Desktop,0,1
DHAN-ORD-100753,CUST-1167,2026-07-13,IN,INR,Apparel,4419.69,795.54,RAZORPAY,9,157,5,0,Mobile_App,0,0
DHAN-ORD-100754,CUST-1963,2026-07-05,AE,AED,Electronics,976.78,48.84,APPLE_PAY,4,171,5,0,Mobile_Web,0,0
DHAN-ORD-100755,CUST-1039,2026-08-17,NP,NPR,Apparel,1359.32,176.71,CONNECT_IPS,9,170,2,0,Mobile_Web,0,0
DHAN-ORD-100756,CUST-2104,2026-07-30,IN,INR,Electronics,8753.51,1575.63,COD,5,263,5,1,Desktop,0,1
DHAN-ORD-100757,CUST-1106,2026-07-23,NP,NPR,Toys,6930.21,900.93,ESEWA,9,40,6,0,Mobile_App,0,0
DHAN-ORD-100758,CUST-1716,2026-09-06,NP,NPR,Kitchen,2589.35,336.62,KHALTI,6,166,3,0,Desktop,1,0
DHAN-ORD-100759,CUST-1459,2026-08-16,NP,NPR,Apparel,10393.69,1351.18,KHALTI,7,60,5,0,Mobile_App,0,0
DHAN-ORD-100760,CUST-2331,2026-07-05,IN,INR,Computers,4410.33,793.86,UPI,9,78,3,0,Mobile_App,0,0
DHAN-ORD-100761,CUST-1140,2026-07-12,AE,AED,Kitchen,150.0,7.5,APPLE_PAY,6,53,5,0,Mobile_App,0,0
DHAN-ORD-100762,CUST-2334,2026-07-09,AE,AED,Apparel,204.87,10.24,APPLE_PAY,6,31,4,0,Desktop,0,0
DHAN-ORD-100763,CUST-1082,2026-08-10,NP,NPR,Electronics,1386.81,180.29,KHALTI,9,183,3,0,Mobile_Web,0,0
DHAN-ORD-100764,CUST-1063,2026-07-02,IN,INR,Fitness,5606.66,1009.2,RAZORPAY,8,170,3,0,Mobile_Web,0,0
DHAN-ORD-100765,CUST-1506,2026-07-26,IN,INR,Apparel,5605.73,1009.03,RAZORPAY,7,93,4,1,Mobile_App,0,0
DHAN-ORD-100766,CUST-1408,2026-08-13,NP,NPR,Apparel,4678.54,608.21,ESEWA,7,73,2,0,Mobile_App,0,0
DHAN-ORD-100767,CUST-1041,2026-09-01,NP,NPR,Kitchen,3139.56,408.14,ESEWA,7,104,1,0,Mobile_App,1,0
DHAN-ORD-100768,CUST-2272,2026-07-13,NP,NPR,Beauty,8024.32,1043.16,COD,5,172,4,0,Mobile_Web,0,1
DHAN-ORD-100769,CUST-1312,2026-08-21,AE,AED,Apparel,150.0,7.5,APPLE_PAY,6,39,3,0,Mobile_App,0,0
DHAN-ORD-100770,CUST-1488,2026-07-04,IN,INR,Beauty,1117.98,201.24,UPI,1,229,7,1,Mobile_App,0,0
DHAN-ORD-100771,CUST-1258,2026-08-26,IN,INR,Apparel,3128.43,563.12,UPI,5,123,1,0,Mobile_App,0,0
DHAN-ORD-100772,CUST-1969,2026-07-05,NP,NPR,Kitchen,20221.25,2628.76,KHALTI,7,175,4,0,Mobile_App,0,0
DHAN-ORD-100773,CUST-2371,2026-07-16,IN,INR,Electronics,2282.53,410.86,UPI,5,195,5,0,Mobile_App,0,0
DHAN-ORD-100774,CUST-1234,2026-08-17,NP,NPR,Electronics,2508.59,326.12,KHALTI,6,72,5,1,Mobile_App,0,0
DHAN-ORD-100775,CUST-2155,2026-07-05,NP,NPR,Computers,3049.28,396.41,KHALTI,7,67,0,0,Mobile_App,0,0
DHAN-ORD-100776,CUST-1446,2026-07-08,IN,INR,Electronics,1553.02,279.54,RAZORPAY,5,47,3,1,Mobile_App,0,0
DHAN-ORD-100777,CUST-1952,2026-08-08,NP,NPR,Toys,1400.57,182.07,KHALTI,5,293,1,0,Mobile_App,0,0
DHAN-ORD-100778,CUST-2432,2026-08-08,IN,INR,Fitness,5022.6,904.07,UPI,9,266,4,0,Desktop,0,0
DHAN-ORD-100779,CUST-1524,2026-07-31,NP,NPR,Electronics,15676.38,2037.93,ESEWA,7,76,1,0,Mobile_App,0,0
DHAN-ORD-100780,CUST-1755,2026-08-05,IN,INR,Books,1235.13,222.32,CARD,2,223,3,0,Mobile_App,0,0
DHAN-ORD-100781,CUST-1343,2026-07-24,NP,NPR,Beauty,9435.15,1226.57,KHALTI,3,42,4,0,Mobile_Web,0,0
DHAN-ORD-100782,CUST-2240,2026-07-09,IN,INR,Festive,6618.09,1191.26,UPI,3,19,5,0,Mobile_App,0,1
DHAN-ORD-100783,CUST-2243,2026-07-13,NP,NPR,Apparel,2628.03,341.64,ESEWA,9,31,2,0,Mobile_Web,0,0
DHAN-ORD-100784,CUST-2471,2026-07-07,NP,NPR,Toys,191590.46,24906.76,KHALTI,7,103,3,0,Desktop,0,0
DHAN-ORD-100785,CUST-1234,2026-09-10,AE,AED,Computers,669.46,33.47,CARD,3,114,4,0,Mobile_App,1,0
DHAN-ORD-100786,CUST-1335,2026-07-27,NP,NPR,Electronics,487.92,63.43,KHALTI,1,101,4,0,Mobile_App,0,0
DHAN-ORD-100787,CUST-1637,2026-07-16,IN,INR,Computers,1988.93,358.01,CARD,8,129,3,0,Desktop,0,0
DHAN-ORD-100788,CUST-1221,2026-07-19,AE,AED,Toys,207.58,10.38,APPLE_PAY,9,308,3,0,Mobile_Web,0,0
DHAN-ORD-100789,CUST-2185,2026-09-27,NP,NPR,Kitchen,7478.05,972.15,COD,8,112,3,0,Mobile_App,1,0
DHAN-ORD-100790,CUST-1052,2026-07-05,NP,NPR,Fitness,24194.05,3145.23,COD,2,80,3,1,Mobile_App,0,1
DHAN-ORD-100791,CUST-1638,2026-07-27,IN,INR,Kitchen,5756.21,1036.12,UPI,5,9,3,0,Mobile_App,0,0
DHAN-ORD-100792,CUST-2179,2026-07-22,AE,AED,Fitness,1002.8,50.14,CARD,3,48,4,1,Mobile_App,0,0
DHAN-ORD-100793,CUST-2387,2026-07-29,AE,AED,Computers,327.43,16.37,COD,3,44,2,0,Desktop,0,0
DHAN-ORD-100794,CUST-1768,2026-07-01,NP,NPR,Electronics,3278.95,426.26,KHALTI,2,29,1,0,Mobile_App,0,0
DHAN-ORD-100795,CUST-1812,2026-08-31,IN,INR,Kitchen,3753.53,675.64,RAZORPAY,9,19,3,0,Mobile_App,0,0
DHAN-ORD-100796,CUST-2464,2026-09-19,NP,NPR,Kitchen,3619.34,470.51,CONNECT_IPS,1,220,3,0,Mobile_Web,1,0
DHAN-ORD-100797,CUST-1406,2026-07-25,AE,AED,Kitchen,578.8,28.94,CARD,2,38,2,0,Mobile_App,0,0
DHAN-ORD-100798,CUST-1155,2026-08-05,AE,AED,Toys,150.0,7.5,CARD,6,116,2,0,Desktop,0,0
DHAN-ORD-100799,CUST-2212,2026-09-15,NP,NPR,Computers,4602.71,598.35,ESEWA,3,121,3,0,Mobile_Web,1,0
DHAN-ORD-100800,CUST-2414,2026-08-06,NP,NPR,Kitchen,11374.41,1478.67,ESEWA,7,129,1,0,Mobile_App,0,0
DHAN-ORD-100801,CUST-2284,2026-07-05,NP,NPR,Festive,10232.25,1330.19,ESEWA,8,129,4,1,Mobile_App,0,1
DHAN-ORD-100802,CUST-1497,2026-07-26,NP,NPR,Computers,2887.46,375.37,ESEWA,7,172,4,1,Mobile_App,0,0
DHAN-ORD-100803,CUST-1208,2026-07-28,IN,INR,Books,9671.24,1740.82,RAZORPAY,5,73,4,0,Mobile_App,0,0
DHAN-ORD-100804,CUST-2427,2026-07-17,NP,NPR,Books,1225.78,159.35,COD,1,58,6,0,Desktop,0,0
DHAN-ORD-100805,CUST-1617,2026-08-10,NP,NPR,Computers,5392.54,701.03,ESEWA,1,77,3,0,Mobile_Web,0,1
DHAN-ORD-100806,CUST-2401,2026-09-20,NP,NPR,Electronics,7417.2,964.24,ESEWA,1,373,3,1,Mobile_App,1,0
DHAN-ORD-100807,CUST-2229,2026-09-16,AE,AED,Kitchen,150.0,7.5,CARD,6,40,3,0,Mobile_Web,1,1
DHAN-ORD-100808,CUST-1247,2026-07-18,IN,INR,Fitness,2008.67,361.56,UPI,1,18,5,0,Mobile_App,0,0
DHAN-ORD-100809,CUST-2159,2026-07-04,NP,NPR,Apparel,2207.49,286.97,COD,2,148,6,0,Mobile_Web,0,0
DHAN-ORD-100810,CUST-1084,2026-08-05,NP,NPR,Apparel,9685.07,1259.06,ESEWA,1,230,3,0,Desktop,0,0
DHAN-ORD-100811,CUST-1711,2026-08-24,AE,AED,Toys,150.0,7.5,CARD,6,82,1,0,Mobile_App,0,0
DHAN-ORD-100812,CUST-2091,2026-07-04,IN,INR,Computers,2655.77,478.04,COD,9,84,2,0,Mobile_Web,0,0
DHAN-ORD-100813,CUST-1877,2026-09-15,NP,NPR,Festive,47700.89,6201.12,KHALTI,9,179,2,0,Mobile_App,1,0
DHAN-ORD-100814,CUST-2354,2026-08-31,NP,NPR,Apparel,1275.82,165.86,KHALTI,6,77,4,0,Mobile_App,0,0
DHAN-ORD-100815,CUST-1758,2026-07-22,NP,NPR,Apparel,5182.43,673.72,COD,7,95,3,0,Mobile_App,0,0
DHAN-ORD-100816,CUST-1141,2026-07-27,NP,NPR,Festive,5902.24,767.29,COD,7,158,2,1,Mobile_App,0,0
DHAN-ORD-100817,CUST-2036,2026-07-16,IN,INR,Apparel,8958.03,1612.45,UPI,3,61,8,2,Desktop,0,0
DHAN-ORD-100818,CUST-2326,2026-07-02,AE,AED,Electronics,150.0,7.5,COD,6,49,4,0,Desktop,0,0
DHAN-ORD-100819,CUST-1698,2026-07-13,NP,NPR,Kitchen,8897.96,1156.73,ESEWA,5,96,2,0,Mobile_App,0,0
DHAN-ORD-100820,CUST-1025,2026-08-18,IN,INR,Beauty,6899.76,1241.96,RAZORPAY,5,78,5,0,Mobile_App,0,0
DHAN-ORD-100821,CUST-1860,2026-07-01,NP,NPR,Computers,586.48,76.24,COD,1,192,3,0,Mobile_App,0,0
DHAN-ORD-100822,CUST-2003,2026-07-13,IN,INR,Books,1020.28,183.65,RAZORPAY,3,71,4,0,Mobile_App,0,0
DHAN-ORD-100823,CUST-1216,2026-07-16,IN,INR,Computers,387.81,69.81,RAZORPAY,9,62,10,1,Desktop,0,0
DHAN-ORD-100824,CUST-1887,2026-07-24,NP,NPR,Apparel,5666.81,736.69,ESEWA,5,114,0,0,Desktop,0,1
DHAN-ORD-100825,CUST-1741,2026-09-14,NP,NPR,Beauty,5138.65,668.02,COD,8,83,7,0,Mobile_App,1,0
DHAN-ORD-100826,CUST-2301,2026-07-13,IN,INR,Computers,239.79,43.16,UPI,5,97,0,0,Mobile_App,0,0
DHAN-ORD-100827,CUST-1941,2026-07-13,NP,NPR,Festive,8487.95,1103.43,CONNECT_IPS,9,272,1,0,Mobile_App,0,0
DHAN-ORD-100828,CUST-2448,2026-08-10,NP,NPR,Festive,864.89,112.44,KHALTI,9,247,1,0,Mobile_App,0,0
DHAN-ORD-100829,CUST-1313,2026-07-19,NP,NPR,Beauty,6309.25,820.2,ESEWA,9,63,4,0,Mobile_App,0,0
DHAN-ORD-100830,CUST-1891,2026-07-08,AE,AED,Electronics,150.0,7.5,CARD,6,160,2,1,Mobile_App,0,1
DHAN-ORD-100831,CUST-1360,2026-07-19,NP,NPR,Computers,2148.95,279.36,ESEWA,6,100,4,1,Mobile_App,0,0
DHAN-ORD-100832,CUST-2068,2026-07-05,IN,INR,Kitchen,1127.61,202.97,RAZORPAY,2,82,4,0,Mobile_Web,0,0
DHAN-ORD-100833,CUST-2332,2026-07-06,NP,NPR,Electronics,23024.15,2993.14,ESEWA,2,44,7,1,Mobile_Web,0,0
DHAN-ORD-100834,CUST-1553,2026-07-21,IN,INR,Beauty,1916.66,345.0,RAZORPAY,8,119,6,1,Mobile_Web,0,0
DHAN-ORD-100835,CUST-2261,2026-07-17,IN,INR,Books,1245.88,224.26,COD,3,34,6,0,Desktop,0,0
DHAN-ORD-100836,CUST-2102,2026-09-12,IN,INR,Apparel,1328.12,239.06,COD,5,113,4,1,Mobile_App,1,0
DHAN-ORD-100837,CUST-1990,2026-07-14,NP,NPR,Festive,8172.24,1062.39,ESEWA,9,73,2,0,Mobile_App,0,0
DHAN-ORD-100838,CUST-1952,2026-07-27,IN,INR,Apparel,2366.51,425.97,RAZORPAY,8,117,6,1,Mobile_App,0,0
DHAN-ORD-100839,CUST-1892,2026-07-31,IN,INR,Beauty,864.67,155.64,RAZORPAY,9,80,5,1,Mobile_App,0,0
DHAN-ORD-100840,CUST-2497,2026-07-01,NP,NPR,Festive,595.82,77.46,COD,1,61,4,0,Mobile_Web,0,0
DHAN-ORD-100841,CUST-2213,2026-08-02,NP,NPR,Beauty,14668.89,1906.96,ESEWA,7,74,1,0,Mobile_App,0,1
DHAN-ORD-100842,CUST-1549,2026-07-06,NP,NPR,Festive,9563.42,1243.24,ESEWA,5,31,6,1,Mobile_App,0,0
DHAN-ORD-100843,CUST-1660,2026-07-08,NP,NPR,Electronics,2091.71,271.92,COD,3,14,2,0,Mobile_App,0,1
DHAN-ORD-100844,CUST-1502,2026-07-05,IN,INR,Computers,8483.44,1527.02,COD,5,106,6,0,Mobile_App,0,0
DHAN-ORD-100845,CUST-1177,2026-07-17,NP,NPR,Festive,1920.47,249.66,ESEWA,3,144,1,0,Mobile_App,0,0
DHAN-ORD-100846,CUST-1571,2026-07-03,NP,NPR,Apparel,21811.29,2835.47,ESEWA,4,101,5,0,Mobile_App,0,0
DHAN-ORD-100847,CUST-1923,2026-09-22,IN,INR,Festive,1387.11,249.68,COD,1,120,2,0,Desktop,1,1
DHAN-ORD-100848,CUST-1499,2026-07-21,NP,NPR,Festive,20641.52,2683.4,KHALTI,4,65,4,0,Mobile_App,0,0
DHAN-ORD-100849,CUST-1951,2026-07-28,NP,NPR,Computers,286.75,37.28,KHALTI,7,162,1,1,Mobile_App,0,1
DHAN-ORD-100850,CUST-2167,2026-07-03,NP,NPR,Beauty,2486.63,323.26,COD,2,248,4,0,Desktop,0,0
DHAN-ORD-100851,CUST-2249,2026-08-11,AE,AED,Kitchen,150.0,7.5,CARD,6,122,4,0,Mobile_Web,0,0
DHAN-ORD-100852,CUST-2368,2026-07-08,IN,INR,Apparel,1745.88,314.26,CARD,8,86,2,0,Mobile_Web,0,0
DHAN-ORD-100853,CUST-1776,2026-09-07,IN,INR,Fitness,1152.92,207.53,UPI,9,87,2,0,Desktop,1,0
DHAN-ORD-100854,CUST-1688,2026-07-07,NP,NPR,Electronics,10935.72,1421.64,KHALTI,9,81,8,0,Mobile_App,0,0
DHAN-ORD-100855,CUST-1058,2026-07-07,IN,INR,Apparel,4278.42,770.12,UPI,3,321,1,0,Desktop,0,0
DHAN-ORD-100856,CUST-2012,2026-07-02,NP,NPR,Apparel,1285.28,167.09,COD,7,78,5,0,Mobile_App,0,1
DHAN-ORD-100857,CUST-1665,2026-07-20,NP,NPR,Computers,813.84,105.8,KHALTI,3,193,5,0,Mobile_Web,0,0
DHAN-ORD-100858,CUST-1372,2026-07-25,NP,NPR,Fitness,4648.26,604.27,COD,4,41,2,0,Mobile_Web,0,1
DHAN-ORD-100859,CUST-1998,2026-07-03,IN,INR,Apparel,9664.58,1739.62,UPI,7,215,7,1,Mobile_App,0,1
DHAN-ORD-100860,CUST-1434,2026-08-14,NP,NPR,Books,4396.75,571.58,ESEWA,4,70,1,0,Mobile_App,0,0
DHAN-ORD-100861,CUST-1726,2026-07-19,NP,NPR,Kitchen,1007.97,131.04,KHALTI,8,150,2,1,Mobile_Web,0,1
DHAN-ORD-100862,CUST-1529,2026-07-23,NP,NPR,Computers,2753.36,357.94,COD,8,153,3,1,Mobile_App,0,0
DHAN-ORD-100863,CUST-1697,2026-07-18,NP,NPR,Beauty,6724.5,874.19,ESEWA,1,91,1,0,Mobile_App,0,0
DHAN-ORD-100864,CUST-1572,2026-07-16,IN,INR,Computers,1764.71,317.65,CARD,9,161,5,0,Mobile_Web,0,1
DHAN-ORD-100865,CUST-2220,2026-07-25,NP,NPR,Books,13493.65,1754.17,KHALTI,2,87,4,0,Mobile_App,0,0
DHAN-ORD-100866,CUST-2436,2026-07-06,IN,INR,Computers,3164.93,569.69,UPI,5,41,2,0,Mobile_App,0,0
DHAN-ORD-100867,CUST-1565,2026-07-07,NP,NPR,Toys,3561.99,463.06,COD,6,77,5,1,Mobile_Web,0,1
DHAN-ORD-100868,CUST-2138,2026-08-29,IN,INR,Beauty,6192.03,1114.57,COD,9,184,4,0,Desktop,0,1
DHAN-ORD-100869,CUST-1020,2026-09-26,IN,INR,Kitchen,20390.65,3670.32,RAZORPAY,5,103,2,0,Mobile_App,1,0
DHAN-ORD-100870,CUST-2058,2026-07-15,NP,NPR,Computers,14957.14,1944.43,CONNECT_IPS,8,198,3,1,Mobile_App,0,1
DHAN-ORD-100871,CUST-1391,2026-07-10,NP,NPR,Apparel,1775.77,230.85,ESEWA,2,33,3,0,Mobile_Web,0,0
DHAN-ORD-100872,CUST-1175,2026-07-31,IN,INR,Apparel,150.0,27.0,RAZORPAY,6,313,2,0,Desktop,0,0
DHAN-ORD-100873,CUST-1494,2026-07-16,IN,INR,Electronics,1213.94,218.51,UPI,7,171,7,0,Mobile_Web,0,0
DHAN-ORD-100874,CUST-2474,2026-07-01,NP,NPR,Festive,3555.64,462.23,COD,9,77,4,0,Mobile_App,0,0
DHAN-ORD-100875,CUST-1832,2026-07-06,NP,NPR,Electronics,1639.23,213.1,ESEWA,1,232,5,0,Mobile_App,0,0
DHAN-ORD-100876,CUST-2000,2026-08-07,IN,INR,Kitchen,15140.27,2725.25,RAZORPAY,2,174,5,0,Mobile_App,0,0
DHAN-ORD-100877,CUST-2137,2026-08-02,IN,INR,Beauty,25602.77,4608.5,RAZORPAY,6,40,3,0,Mobile_App,0,0
DHAN-ORD-100878,CUST-1492,2026-07-01,NP,NPR,Computers,2237.09,290.82,KHALTI,5,58,8,0,Mobile_App,0,0
DHAN-ORD-100879,CUST-2414,2026-07-08,NP,NPR,Festive,27611.97,3589.56,COD,8,102,3,1,Mobile_App,0,0
DHAN-ORD-100880,CUST-1975,2026-07-08,NP,NPR,Kitchen,14539.47,1890.13,ESEWA,4,153,4,1,Mobile_App,0,0
DHAN-ORD-100881,CUST-2322,2026-08-03,IN,INR,Computers,1795.39,323.17,RAZORPAY,4,311,5,0,Mobile_App,0,1
DHAN-ORD-100882,CUST-2457,2026-07-01,NP,NPR,Kitchen,6378.12,829.16,KHALTI,6,141,4,1,Mobile_App,0,0
DHAN-ORD-100883,CUST-2005,2026-07-04,AE,AED,Apparel,464.05,23.2,APPLE_PAY,5,43,1,0,Mobile_Web,0,0
DHAN-ORD-100884,CUST-1917,2026-08-18,NP,NPR,Beauty,8999.8,1169.97,ESEWA,8,418,3,0,Mobile_App,0,0
DHAN-ORD-100885,CUST-1035,2026-07-06,NP,NPR,Apparel,13526.48,1758.44,COD,8,64,3,1,Desktop,0,0
DHAN-ORD-100886,CUST-1190,2026-08-01,IN,INR,Computers,2709.98,487.8,UPI,9,208,4,1,Mobile_App,0,0
DHAN-ORD-100887,CUST-1602,2026-07-09,AE,AED,Electronics,150.0,7.5,CARD,6,33,2,0,Mobile_App,0,0
DHAN-ORD-100888,CUST-1453,2026-07-04,IN,INR,Fitness,6214.86,1118.67,COD,4,187,3,1,Mobile_App,0,1
DHAN-ORD-100889,CUST-1828,2026-07-09,NP,NPR,Computers,1143.66,148.68,ESEWA,9,150,4,0,Desktop,0,0
DHAN-ORD-100890,CUST-2416,2026-08-08,IN,INR,Festive,1707.13,307.28,RAZORPAY,6,40,5,0,Mobile_Web,0,0
DHAN-ORD-100891,CUST-1498,2026-08-28,IN,INR,Computers,5849.54,1052.92,CARD,8,179,1,0,Mobile_App,0,0
DHAN-ORD-100892,CUST-1627,2026-08-23,NP,NPR,Festive,2861.16,371.95,COD,8,105,1,0,Mobile_Web,0,0
DHAN-ORD-100893,CUST-2359,2026-07-16,NP,NPR,Kitchen,1113.06,144.7,COD,6,70,0,0,Desktop,0,0
DHAN-ORD-100894,CUST-2191,2026-08-03,NP,NPR,Apparel,1076.19,139.9,COD,5,101,4,0,Desktop,0,0
DHAN-ORD-100895,CUST-1755,2026-07-07,NP,NPR,Electronics,1406.08,182.79,ESEWA,2,83,2,1,Mobile_Web,0,1
DHAN-ORD-100896,CUST-1969,2026-07-11,AE,AED,Computers,688.0,34.4,CARD,4,39,2,1,Mobile_App,0,0
DHAN-ORD-100897,CUST-2133,2026-09-06,NP,NPR,Electronics,722.87,93.97,COD,2,246,2,0,Mobile_Web,1,1
DHAN-ORD-100898,CUST-2087,2026-07-01,AE,AED,Computers,150.0,7.5,CARD,6,30,4,0,Mobile_Web,0,0
DHAN-ORD-100899,CUST-1704,2026-07-03,NP,NPR,Electronics,3347.21,435.14,COD,8,68,3,0,Mobile_App,0,0
DHAN-ORD-100900,CUST-1871,2026-07-07,IN,INR,Beauty,1522.82,274.11,UPI,1,158,2,0,Desktop,0,0
DHAN-ORD-100901,CUST-2127,2026-07-01,NP,NPR,Apparel,6959.93,904.79,COD,2,103,3,0,Mobile_App,0,0
DHAN-ORD-100902,CUST-1677,2026-07-07,NP,NPR,Fitness,8880.35,1154.45,KHALTI,6,345,12,0,Mobile_App,0,0
DHAN-ORD-100903,CUST-1720,2026-07-27,NP,NPR,Apparel,8295.59,1078.43,KHALTI,6,158,4,1,Mobile_Web,0,0
DHAN-ORD-100904,CUST-2439,2026-07-17,NP,NPR,Apparel,303.29,39.43,KHALTI,6,60,7,1,Mobile_App,0,0
DHAN-ORD-100905,CUST-1929,2026-09-05,IN,INR,Kitchen,775.22,139.54,COD,1,201,3,0,Mobile_Web,1,0
DHAN-ORD-100906,CUST-1554,2026-08-21,NP,NPR,Beauty,4215.93,548.07,KHALTI,3,273,5,2,Mobile_App,0,1
DHAN-ORD-100907,CUST-1627,2026-07-13,IN,INR,Kitchen,1007.83,181.41,COD,8,190,4,1,Mobile_App,0,0
DHAN-ORD-100908,CUST-1514,2026-07-10,NP,NPR,Festive,1563.95,203.31,ESEWA,6,288,1,0,Desktop,0,0
DHAN-ORD-100909,CUST-1472,2026-07-15,NP,NPR,Electronics,1318.84,171.45,ESEWA,4,97,3,0,Desktop,0,0
DHAN-ORD-100910,CUST-1247,2026-07-27,NP,NPR,Computers,48733.41,6335.34,ESEWA,7,99,0,0,Mobile_App,0,0
DHAN-ORD-100911,CUST-2477,2026-07-10,AE,AED,Apparel,155.66,7.78,CARD,2,155,2,1,Mobile_App,0,0
DHAN-ORD-100912,CUST-1394,2026-07-30,IN,INR,Electronics,2925.27,526.55,CARD,9,41,2,0,Mobile_App,0,0
DHAN-ORD-100913,CUST-1646,2026-07-16,NP,NPR,Festive,2157.93,280.53,ESEWA,6,107,3,0,Mobile_App,0,0
DHAN-ORD-100914,CUST-1244,2026-07-25,NP,NPR,Festive,1677.23,218.04,ESEWA,3,204,2,0,Mobile_App,0,0
DHAN-ORD-100915,CUST-2097,2026-07-18,NP,NPR,Computers,577.08,75.02,ESEWA,1,65,1,1,Mobile_App,0,0
DHAN-ORD-100916,CUST-2413,2026-07-11,AE,AED,Computers,517.94,25.9,COD,4,117,5,0,Mobile_Web,0,0
DHAN-ORD-100917,CUST-1379,2026-09-27,IN,INR,Beauty,4069.56,732.52,CARD,1,119,4,0,Mobile_App,1,0
DHAN-ORD-100918,CUST-1392,2026-08-13,NP,NPR,Apparel,2381.09,309.54,CONNECT_IPS,5,130,4,1,Mobile_App,0,0
DHAN-ORD-100919,CUST-1443,2026-07-05,IN,INR,Electronics,2055.2,369.94,RAZORPAY,3,178,3,0,Mobile_App,0,0
DHAN-ORD-100920,CUST-1991,2026-08-30,NP,NPR,Toys,11223.63,1459.07,ESEWA,9,188,1,0,Mobile_Web,0,1
DHAN-ORD-100921,CUST-1566,2026-07-21,AE,AED,Apparel,150.0,7.5,CARD,6,164,3,0,Mobile_App,0,0
DHAN-ORD-100922,CUST-2483,2026-09-06,NP,NPR,Electronics,2977.08,387.02,COD,7,55,5,1,Mobile_Web,1,0
DHAN-ORD-100923,CUST-2207,2026-08-18,IN,INR,Computers,1553.89,279.7,COD,5,44,6,0,Desktop,0,0
DHAN-ORD-100924,CUST-2074,2026-07-17,NP,NPR,Toys,8988.54,1168.51,ESEWA,6,14,2,0,Mobile_App,0,0
DHAN-ORD-100925,CUST-2222,2026-07-01,IN,INR,Electronics,1999.14,359.85,UPI,1,125,3,0,Mobile_App,0,0
DHAN-ORD-100926,CUST-1579,2026-07-10,IN,INR,Festive,3310.15,595.83,RAZORPAY,7,48,9,2,Mobile_App,0,0
DHAN-ORD-100927,CUST-1205,2026-07-24,IN,INR,Kitchen,1093.85,196.89,UPI,4,141,4,0,Mobile_Web,0,0
DHAN-ORD-100928,CUST-1397,2026-07-31,IN,INR,Apparel,2002.84,360.51,UPI,4,94,5,1,Mobile_App,0,0
DHAN-ORD-100929,CUST-1606,2026-07-09,IN,INR,Festive,1052.08,189.37,RAZORPAY,8,92,7,0,Mobile_App,0,0
DHAN-ORD-100930,CUST-1465,2026-07-05,NP,NPR,Festive,2501.05,325.14,ESEWA,8,229,5,0,Mobile_App,0,0
DHAN-ORD-100931,CUST-1739,2026-08-24,NP,NPR,Kitchen,1247.29,162.15,ESEWA,5,27,1,0,Desktop,0,0
DHAN-ORD-100932,CUST-1367,2026-08-04,NP,NPR,Electronics,567.61,73.79,COD,9,20,5,0,Mobile_App,0,0
DHAN-ORD-100933,CUST-1619,2026-07-23,AE,AED,Fitness,182.37,9.12,APPLE_PAY,2,31,4,0,Mobile_App,0,0
DHAN-ORD-100934,CUST-1028,2026-07-06,NP,NPR,Kitchen,25138.17,3267.96,COD,1,142,1,0,Mobile_App,0,0
DHAN-ORD-100935,CUST-2450,2026-07-10,IN,INR,Electronics,12634.27,2274.17,UPI,7,206,5,0,Mobile_App,0,0
DHAN-ORD-100936,CUST-2093,2026-07-01,IN,INR,Festive,809.71,145.75,CARD,8,165,1,0,Mobile_Web,0,0
DHAN-ORD-100937,CUST-1259,2026-09-12,NP,NPR,Electronics,1087.28,141.35,COD,7,197,4,0,Mobile_App,1,0
DHAN-ORD-100938,CUST-1561,2026-07-04,NP,NPR,Computers,6563.46,853.25,ESEWA,2,121,5,1,Mobile_App,0,0
DHAN-ORD-100939,CUST-1093,2026-07-26,NP,NPR,Computers,1993.66,259.18,ESEWA,4,188,1,0,Mobile_App,0,0
DHAN-ORD-100940,CUST-1111,2026-07-10,NP,NPR,Apparel,1686.81,219.29,ESEWA,3,69,3,0,Mobile_Web,0,0
DHAN-ORD-100941,CUST-2133,2026-07-25,NP,NPR,Apparel,10598.05,1377.75,COD,5,56,1,0,Mobile_Web,0,0
DHAN-ORD-100942,CUST-1598,2026-08-01,NP,NPR,Electronics,3241.48,421.39,COD,1,52,1,0,Desktop,0,0
DHAN-ORD-100943,CUST-2428,2026-08-23,IN,INR,Electronics,4161.65,749.1,UPI,3,74,1,0,Mobile_App,0,0
DHAN-ORD-100944,CUST-1258,2026-07-07,AE,AED,Kitchen,268.65,13.43,APPLE_PAY,7,178,1,0,Mobile_App,0,0
DHAN-ORD-100945,CUST-2306,2026-07-01,NP,NPR,Apparel,2401.35,312.18,KHALTI,7,87,3,0,Mobile_Web,0,0
DHAN-ORD-100946,CUST-2005,2026-07-05,NP,NPR,Computers,992.63,129.04,ESEWA,2,36,1,0,Mobile_App,0,0
DHAN-ORD-100947,CUST-1210,2026-09-08,NP,NPR,Festive,1503.06,195.4,ESEWA,9,137,3,0,Mobile_App,1,0
DHAN-ORD-100948,CUST-1025,2026-09-01,IN,INR,Electronics,2379.61,428.33,UPI,3,39,2,0,Mobile_App,1,0
DHAN-ORD-100949,CUST-2175,2026-07-28,IN,INR,Books,970.68,174.72,RAZORPAY,7,162,3,0,Desktop,0,0
DHAN-ORD-100950,CUST-1582,2026-07-28,NP,NPR,Electronics,4729.51,614.84,COD,4,81,1,0,Desktop,0,0
DHAN-ORD-100951,CUST-1961,2026-08-02,NP,NPR,Fitness,3521.94,457.85,KHALTI,2,36,4,0,Mobile_App,0,0
DHAN-ORD-100952,CUST-1980,2026-07-06,IN,INR,Electronics,150.0,27.0,COD,6,156,3,0,Mobile_Web,0,0
DHAN-ORD-100953,CUST-1902,2026-09-12,IN,INR,Computers,1616.01,290.88,UPI,5,276,3,0,Mobile_Web,1,0
DHAN-ORD-100954,CUST-1697,2026-07-17,NP,NPR,Festive,11501.97,1495.26,COD,8,138,3,0,Mobile_App,0,1
DHAN-ORD-100955,CUST-1377,2026-07-15,IN,INR,Festive,946.44,170.36,UPI,1,145,3,0,Mobile_Web,0,0
DHAN-ORD-100956,CUST-1105,2026-07-22,NP,NPR,Kitchen,1115.25,144.98,COD,8,130,3,0,Mobile_App,0,0
DHAN-ORD-100957,CUST-1517,2026-07-02,NP,NPR,Apparel,627.3,81.55,COD,6,236,4,0,Mobile_App,0,1
DHAN-ORD-100958,CUST-1978,2026-07-06,IN,INR,Apparel,6132.74,1103.89,UPI,3,200,7,0,Mobile_Web,0,0
DHAN-ORD-100959,CUST-1233,2026-08-10,IN,INR,Festive,7568.08,1362.25,RAZORPAY,8,48,3,2,Desktop,0,0
DHAN-ORD-100960,CUST-1133,2026-07-03,NP,NPR,Electronics,3644.24,473.75,ESEWA,8,102,4,0,Mobile_App,0,0
DHAN-ORD-100961,CUST-1820,2026-07-28,AE,AED,Beauty,150.0,7.5,APPLE_PAY,6,30,4,1,Mobile_App,0,0
DHAN-ORD-100962,CUST-2007,2026-07-09,NP,NPR,Beauty,2446.31,318.02,ESEWA,7,71,8,1,Mobile_Web,0,0
DHAN-ORD-100963,CUST-1151,2026-07-15,IN,INR,Kitchen,1539.61,277.13,COD,9,125,4,0,Mobile_App,0,0
DHAN-ORD-100964,CUST-2181,2026-07-11,NP,NPR,Festive,10229.16,1329.79,COD,5,60,3,0,Mobile_App,0,0
DHAN-ORD-100965,CUST-2289,2026-07-14,IN,INR,Electronics,5621.36,1011.84,RAZORPAY,5,124,3,0,Mobile_App,0,0
DHAN-ORD-100966,CUST-2405,2026-08-08,AE,AED,Computers,150.0,7.5,CARD,6,331,3,0,Desktop,0,0
DHAN-ORD-100967,CUST-1109,2026-07-11,NP,NPR,Apparel,4281.95,556.65,CONNECT_IPS,6,150,4,1,Mobile_App,0,0
DHAN-ORD-100968,CUST-1310,2026-07-26,AE,AED,Apparel,1253.24,62.66,APPLE_PAY,2,267,4,1,Mobile_App,0,0
DHAN-ORD-100969,CUST-1305,2026-07-20,IN,INR,Electronics,5238.77,942.98,RAZORPAY,9,47,5,0,Mobile_App,0,0
DHAN-ORD-100970,CUST-2152,2026-08-02,IN,INR,Kitchen,3527.37,634.93,COD,8,117,6,0,Desktop,0,1
DHAN-ORD-100971,CUST-1622,2026-09-21,NP,NPR,Books,8167.43,1061.77,ESEWA,4,93,6,1,Mobile_App,1,0
DHAN-ORD-100972,CUST-1174,2026-08-09,IN,INR,Electronics,924.07,166.33,RAZORPAY,6,60,2,0,Mobile_Web,0,0
DHAN-ORD-100973,CUST-1508,2026-07-08,IN,INR,Apparel,426.65,76.8,RAZORPAY,3,41,3,0,Mobile_App,0,0
DHAN-ORD-100974,CUST-1242,2026-07-01,NP,NPR,Toys,1319.66,171.56,COD,5,184,3,0,Mobile_App,0,0
DHAN-ORD-100975,CUST-2142,2026-07-10,AE,AED,Kitchen,360.57,18.03,CARD,9,78,3,1,Mobile_App,0,1
DHAN-ORD-100976,CUST-1852,2026-07-28,NP,NPR,Festive,543.21,70.62,ESEWA,3,128,2,0,Mobile_Web,0,0
DHAN-ORD-100977,CUST-2241,2026-07-02,NP,NPR,Toys,1468.8,190.94,ESEWA,1,69,6,0,Mobile_Web,0,0
DHAN-ORD-100978,CUST-2220,2026-07-21,NP,NPR,Beauty,8020.76,1042.7,KHALTI,1,21,3,0,Mobile_App,0,0
DHAN-ORD-100979,CUST-2266,2026-07-28,IN,INR,Apparel,677.77,122.0,RAZORPAY,2,14,4,1,Mobile_App,0,0
DHAN-ORD-100980,CUST-1462,2026-07-13,IN,INR,Apparel,5949.68,1070.94,UPI,9,43,2,0,Mobile_App,0,0
DHAN-ORD-100981,CUST-2070,2026-08-14,NP,NPR,Apparel,9441.69,1227.42,COD,9,129,2,0,Desktop,0,0
DHAN-ORD-100982,CUST-1779,2026-07-04,AE,AED,Festive,317.51,15.88,APPLE_PAY,2,34,1,0,Desktop,0,0
DHAN-ORD-100983,CUST-1922,2026-07-03,NP,NPR,Kitchen,850.37,110.55,KHALTI,4,459,3,0,Mobile_App,0,0
DHAN-ORD-100984,CUST-1906,2026-08-09,NP,NPR,Electronics,12434.38,1616.47,ESEWA,5,120,0,0,Mobile_Web,0,0
DHAN-ORD-100985,CUST-1608,2026-07-21,NP,NPR,Electronics,1925.08,250.26,ESEWA,8,54,1,0,Mobile_App,0,0
DHAN-ORD-100986,CUST-2205,2026-08-04,IN,INR,Computers,1782.8,320.9,UPI,9,36,2,0,Mobile_App,0,0
DHAN-ORD-100987,CUST-1878,2026-07-18,AE,AED,Computers,235.29,11.76,CARD,1,10,3,0,Mobile_App,0,0
DHAN-ORD-100988,CUST-1625,2026-07-09,IN,INR,Festive,1817.51,327.15,RAZORPAY,8,56,4,0,Desktop,0,0
DHAN-ORD-100989,CUST-2164,2026-08-21,IN,INR,Apparel,1933.17,347.97,RAZORPAY,7,9,2,1,Mobile_App,0,0
DHAN-ORD-100990,CUST-2271,2026-08-18,NP,NPR,Apparel,2435.57,316.62,ESEWA,5,8,4,0,Mobile_App,0,0
DHAN-ORD-100991,CUST-1123,2026-08-05,NP,NPR,Apparel,49277.99,6406.14,KHALTI,2,24,3,0,Mobile_Web,0,0
DHAN-ORD-100992,CUST-2248,2026-07-10,NP,NPR,Festive,655.77,85.25,COD,7,162,3,0,Mobile_App,0,1
DHAN-ORD-100993,CUST-1203,2026-07-27,NP,NPR,Beauty,6402.03,832.26,ESEWA,3,73,1,0,Mobile_App,0,0
DHAN-ORD-100994,CUST-1425,2026-07-14,NP,NPR,Festive,2226.52,289.45,KHALTI,3,275,5,2,Mobile_Web,0,0
DHAN-ORD-100995,CUST-2281,2026-07-03,IN,INR,Kitchen,1514.65,272.64,COD,2,27,4,0,Mobile_Web,0,0
DHAN-ORD-100996,CUST-1432,2026-09-13,NP,NPR,Festive,4650.78,604.6,ESEWA,6,160,1,0,Desktop,1,0
DHAN-ORD-100997,CUST-1541,2026-07-05,IN,INR,Apparel,18085.21,3255.34,COD,4,57,5,0,Mobile_App,0,0
DHAN-ORD-100998,CUST-2352,2026-07-01,NP,NPR,Electronics,1644.72,213.81,KHALTI,6,97,2,0,Mobile_App,0,0
DHAN-ORD-100999,CUST-1166,2026-07-18,NP,NPR,Apparel,3847.19,500.13,ESEWA,4,149,3,0,Mobile_App,0,1
DHAN-ORD-101000,CUST-1321,2026-07-07,IN,INR,Beauty,1538.57,276.94,RAZORPAY,8,161,3,0,Mobile_App,0,0
DHAN-ORD-101001,CUST-1491,2026-07-24,NP,NPR,Computers,1108.42,144.09,ESEWA,1,163,3,0,Mobile_App,0,0
DHAN-ORD-101002,CUST-1355,2026-08-31,IN,INR,Apparel,4198.16,755.67,COD,4,18,4,0,Mobile_App,0,1
DHAN-ORD-101003,CUST-2130,2026-08-09,IN,INR,Electronics,3695.58,665.2,UPI,5,114,2,0,Mobile_Web,0,0
DHAN-ORD-101004,CUST-1153,2026-08-19,NP,NPR,Computers,12962.19,1685.08,CONNECT_IPS,2,250,5,0,Mobile_App,0,1
DHAN-ORD-101005,CUST-1320,2026-08-02,AE,AED,Books,150.0,7.5,CARD,6,19,2,1,Mobile_App,0,0
DHAN-ORD-101006,CUST-1005,2026-08-05,NP,NPR,Apparel,3727.73,484.6,COD,1,41,3,0,Mobile_Web,0,1
DHAN-ORD-101007,CUST-1836,2026-08-26,NP,NPR,Festive,1571.47,204.29,ESEWA,5,440,3,0,Mobile_Web,0,0
DHAN-ORD-101008,CUST-1922,2026-07-09,IN,INR,Apparel,721.23,129.82,RAZORPAY,1,124,3,0,Mobile_App,0,0
DHAN-ORD-101009,CUST-2411,2026-07-21,NP,NPR,Kitchen,17731.93,2305.15,CONNECT_IPS,1,37,3,0,Mobile_Web,0,0
DHAN-ORD-101010,CUST-2216,2026-07-08,IN,INR,Beauty,1657.89,298.42,UPI,1,83,2,0,Mobile_App,0,0
DHAN-ORD-101011,CUST-1962,2026-08-11,IN,INR,Apparel,1097.09,197.48,UPI,8,66,2,0,Desktop,0,0
DHAN-ORD-101012,CUST-1596,2026-09-25,AE,AED,Books,242.7,12.13,APPLE_PAY,8,29,5,0,Mobile_Web,1,0
DHAN-ORD-101013,CUST-1066,2026-07-02,NP,NPR,Electronics,7250.09,942.51,CONNECT_IPS,5,356,2,0,Mobile_Web,0,0
DHAN-ORD-101014,CUST-1474,2026-08-06,NP,NPR,Festive,48042.2,6245.49,COD,9,175,1,0,Desktop,0,0
DHAN-ORD-101015,CUST-1590,2026-09-16,IN,INR,Festive,732.85,131.91,UPI,3,435,6,0,Mobile_App,1,0
DHAN-ORD-101016,CUST-2447,2026-07-06,NP,NPR,Apparel,5722.87,743.97,KHALTI,7,190,3,0,Mobile_Web,0,0
DHAN-ORD-101017,CUST-1579,2026-07-26,NP,NPR,Festive,2794.85,363.33,ESEWA,4,130,6,1,Mobile_App,0,0
DHAN-ORD-101018,CUST-2439,2026-09-13,NP,NPR,Kitchen,10298.32,1338.78,ESEWA,2,30,1,0,Mobile_Web,1,0
DHAN-ORD-101019,CUST-1929,2026-07-02,NP,NPR,Books,10355.85,1346.26,COD,5,127,5,0,Mobile_App,0,0
DHAN-ORD-101020,CUST-1145,2026-08-05,NP,NPR,Apparel,9555.27,1242.19,COD,6,152,5,0,Mobile_App,0,0
DHAN-ORD-101021,CUST-2407,2026-07-11,IN,INR,Computers,3159.12,568.64,RAZORPAY,9,27,5,2,Mobile_App,0,0
DHAN-ORD-101022,CUST-1478,2026-09-16,IN,INR,Festive,5146.19,926.31,UPI,7,43,3,0,Mobile_App,1,0
DHAN-ORD-101023,CUST-1541,2026-07-17,NP,NPR,Beauty,1547.36,201.16,KHALTI,8,105,3,1,Mobile_App,0,1
DHAN-ORD-101024,CUST-2280,2026-09-25,NP,NPR,Beauty,760.23,98.83,COD,4,166,4,0,Desktop,1,1
DHAN-ORD-101025,CUST-2207,2026-07-20,NP,NPR,Apparel,550.27,71.54,COD,1,62,5,0,Mobile_App,0,0
DHAN-ORD-101026,CUST-2354,2026-08-29,IN,INR,Computers,682.51,122.85,UPI,7,69,4,0,Mobile_Web,0,0
DHAN-ORD-101027,CUST-1405,2026-08-25,NP,NPR,Beauty,504.83,65.63,CONNECT_IPS,9,146,3,0,Mobile_App,0,0
DHAN-ORD-101028,CUST-1870,2026-07-12,IN,INR,Festive,4205.95,757.07,COD,2,40,2,1,Mobile_App,0,1
DHAN-ORD-101029,CUST-1235,2026-08-22,NP,NPR,Computers,2605.63,338.73,COD,4,66,7,0,Mobile_App,0,0
DHAN-ORD-101030,CUST-2115,2026-07-02,IN,INR,Electronics,5513.48,992.43,UPI,5,201,2,1,Mobile_App,0,1
DHAN-ORD-101031,CUST-1460,2026-07-28,NP,NPR,Computers,456.01,59.28,COD,6,40,7,0,Mobile_Web,0,0
DHAN-ORD-101032,CUST-2326,2026-07-08,IN,INR,Kitchen,4332.69,779.88,UPI,3,65,4,0,Desktop,0,0
DHAN-ORD-101033,CUST-1305,2026-07-04,NP,NPR,Toys,7881.89,1024.65,ESEWA,6,53,2,0,Mobile_Web,0,0
DHAN-ORD-101034,CUST-1544,2026-07-03,IN,INR,Fitness,2260.71,406.93,UPI,1,144,4,0,Mobile_App,0,0
DHAN-ORD-101035,CUST-1291,2026-08-05,NP,NPR,Books,644.65,83.8,COD,5,51,3,0,Mobile_App,0,0
DHAN-ORD-101036,CUST-1146,2026-07-13,IN,INR,Apparel,321.61,57.89,UPI,6,253,6,1,Desktop,0,0
DHAN-ORD-101037,CUST-1122,2026-08-08,IN,INR,Electronics,1735.24,312.34,COD,7,138,6,1,Mobile_App,0,0
DHAN-ORD-101038,CUST-1339,2026-07-03,NP,NPR,Festive,12039.29,1565.11,KHALTI,6,125,3,0,Mobile_Web,0,0
DHAN-ORD-101039,CUST-1629,2026-07-12,IN,INR,Fitness,391.01,70.38,RAZORPAY,4,79,7,0,Desktop,0,1
DHAN-ORD-101040,CUST-2218,2026-07-24,IN,INR,Apparel,600.15,108.03,UPI,6,53,2,0,Mobile_Web,0,0
DHAN-ORD-101041,CUST-2165,2026-08-16,NP,NPR,Apparel,68012.75,8841.66,KHALTI,8,52,4,1,Mobile_App,0,1
DHAN-ORD-101042,CUST-1591,2026-07-12,NP,NPR,Festive,2296.71,298.57,COD,1,205,6,1,Mobile_Web,0,0
DHAN-ORD-101043,CUST-1899,2026-07-30,NP,NPR,Toys,4297.35,558.66,KHALTI,4,55,2,0,Mobile_Web,0,0
DHAN-ORD-101044,CUST-1254,2026-09-04,IN,INR,Kitchen,2091.33,376.44,UPI,3,131,2,1,Mobile_App,1,1
DHAN-ORD-101045,CUST-1959,2026-07-29,IN,INR,Toys,766.58,137.98,UPI,1,63,3,1,Mobile_Web,0,0
DHAN-ORD-101046,CUST-2410,2026-07-08,NP,NPR,Computers,1554.62,202.1,ESEWA,6,205,3,0,Mobile_Web,0,0
DHAN-ORD-101047,CUST-1622,2026-07-01,NP,NPR,Kitchen,5549.79,721.47,ESEWA,5,170,4,0,Mobile_App,0,0
DHAN-ORD-101048,CUST-2433,2026-08-31,IN,INR,Kitchen,597.28,107.51,COD,3,45,1,0,Mobile_App,0,0
DHAN-ORD-101049,CUST-1824,2026-07-01,AE,AED,Electronics,411.63,20.58,APPLE_PAY,6,34,2,0,Mobile_Web,0,0
DHAN-ORD-101050,CUST-1557,2026-09-01,NP,NPR,Computers,3103.71,403.48,ESEWA,7,79,6,1,Mobile_App,1,0
DHAN-ORD-101051,CUST-2024,2026-07-23,AE,AED,Computers,729.8,36.49,COD,9,72,3,0,Desktop,0,0
DHAN-ORD-101052,CUST-2105,2026-09-22,NP,NPR,Apparel,1306.1,169.79,COD,1,91,1,1,Mobile_App,1,1
DHAN-ORD-101053,CUST-2011,2026-08-18,NP,NPR,Fitness,19069.66,2479.06,COD,7,95,6,0,Mobile_Web,0,1
DHAN-ORD-101054,CUST-1896,2026-07-06,IN,INR,Books,1567.18,282.09,RAZORPAY,1,46,2,0,Desktop,0,0
DHAN-ORD-101055,CUST-1164,2026-07-13,NP,NPR,Kitchen,3239.02,421.07,ESEWA,8,116,7,0,Mobile_App,0,0
DHAN-ORD-101056,CUST-2224,2026-08-13,NP,NPR,Apparel,5243.99,681.72,COD,5,84,6,0,Mobile_App,0,1
DHAN-ORD-101057,CUST-1081,2026-07-16,NP,NPR,Festive,2942.39,382.51,KHALTI,8,168,2,0,Mobile_Web,0,0
DHAN-ORD-101058,CUST-1884,2026-07-20,IN,INR,Electronics,24144.88,4346.08,COD,6,21,2,0,Mobile_App,0,1
DHAN-ORD-101059,CUST-1660,2026-07-30,IN,INR,Toys,2450.4,441.07,RAZORPAY,2,356,3,1,Mobile_App,0,1
DHAN-ORD-101060,CUST-2236,2026-09-01,NP,NPR,Toys,2630.08,341.91,ESEWA,2,132,4,0,Mobile_App,1,0
DHAN-ORD-101061,CUST-1512,2026-08-04,NP,NPR,Computers,1738.68,226.03,COD,1,93,2,0,Mobile_App,0,1
DHAN-ORD-101062,CUST-1052,2026-08-13,NP,NPR,Festive,520.67,67.69,KHALTI,7,38,2,0,Mobile_App,0,0
DHAN-ORD-101063,CUST-1187,2026-07-17,IN,INR,Fitness,3819.61,687.53,UPI,3,67,4,1,Mobile_Web,0,0
DHAN-ORD-101064,CUST-1468,2026-07-17,NP,NPR,Computers,4206.0,546.78,ESEWA,3,68,1,1,Desktop,0,0
DHAN-ORD-101065,CUST-2380,2026-08-10,IN,INR,Computers,818.71,147.37,RAZORPAY,8,58,3,0,Mobile_App,0,0
DHAN-ORD-101066,CUST-2178,2026-07-09,NP,NPR,Computers,9161.43,1190.99,KHALTI,8,34,3,0,Mobile_Web,0,0
DHAN-ORD-101067,CUST-2202,2026-07-04,NP,NPR,Kitchen,12243.86,1591.7,KHALTI,3,113,1,0,Mobile_App,0,1
DHAN-ORD-101068,CUST-1042,2026-07-14,NP,NPR,Beauty,1306.43,169.84,ESEWA,1,123,4,0,Desktop,0,0
DHAN-ORD-101069,CUST-2376,2026-07-11,NP,NPR,Beauty,668.51,86.91,KHALTI,2,253,2,0,Mobile_Web,0,0
DHAN-ORD-101070,CUST-1551,2026-07-11,AE,AED,Electronics,150.0,7.5,CARD,6,233,5,1,Mobile_App,0,0
DHAN-ORD-101071,CUST-2180,2026-07-08,NP,NPR,Festive,1013.23,131.72,COD,5,161,1,0,Mobile_App,0,0
DHAN-ORD-101072,CUST-1082,2026-07-02,NP,NPR,Kitchen,22977.75,2987.11,KHALTI,9,217,4,0,Mobile_Web,0,0
DHAN-ORD-101073,CUST-1358,2026-07-01,NP,NPR,Computers,10693.31,1390.13,ESEWA,1,46,3,0,Mobile_App,0,0
DHAN-ORD-101074,CUST-1963,2026-08-11,NP,NPR,Electronics,1361.73,177.02,COD,2,129,7,2,Mobile_App,0,0
DHAN-ORD-101075,CUST-2062,2026-07-17,NP,NPR,Beauty,1031.18,134.05,ESEWA,5,7,2,0,Desktop,0,0
DHAN-ORD-101076,CUST-2334,2026-07-15,NP,NPR,Kitchen,17027.74,2213.61,ESEWA,8,74,1,0,Mobile_App,0,0
DHAN-ORD-101077,CUST-1905,2026-08-04,NP,NPR,Electronics,9432.46,1226.22,ESEWA,9,61,6,0,Mobile_App,0,1
DHAN-ORD-101078,CUST-1569,2026-07-08,IN,INR,Computers,3852.41,693.43,UPI,9,41,6,0,Mobile_App,0,0
DHAN-ORD-101079,CUST-1371,2026-09-28,NP,NPR,Fitness,1271.83,165.34,KHALTI,2,46,4,0,Mobile_App,1,0
DHAN-ORD-101080,CUST-2198,2026-08-16,NP,NPR,Books,2269.29,295.01,KHALTI,1,94,4,0,Mobile_App,0,0
DHAN-ORD-101081,CUST-1892,2026-07-03,AE,AED,Electronics,248.88,12.44,APPLE_PAY,5,131,4,0,Mobile_App,0,0
DHAN-ORD-101082,CUST-2300,2026-07-17,NP,NPR,Kitchen,355.04,46.16,COD,4,95,7,1,Desktop,0,0
DHAN-ORD-101083,CUST-2007,2026-09-02,NP,NPR,Apparel,3986.89,518.3,ESEWA,8,288,5,0,Desktop,1,0
DHAN-ORD-101084,CUST-1186,2026-09-25,NP,NPR,Toys,4006.86,520.89,KHALTI,1,28,5,0,Mobile_App,1,0
DHAN-ORD-101085,CUST-1962,2026-07-19,NP,NPR,Kitchen,806.79,104.88,ESEWA,5,44,3,0,Mobile_App,0,0
DHAN-ORD-101086,CUST-1712,2026-07-29,IN,INR,Festive,3281.41,590.65,COD,5,179,5,0,Mobile_App,0,1
DHAN-ORD-101087,CUST-1836,2026-07-06,NP,NPR,Apparel,2817.68,366.3,CONNECT_IPS,9,49,5,0,Desktop,0,1
DHAN-ORD-101088,CUST-1682,2026-08-21,IN,INR,Beauty,402.84,72.51,RAZORPAY,6,73,3,0,Mobile_Web,0,0
DHAN-ORD-101089,CUST-1657,2026-07-08,NP,NPR,Apparel,1393.74,181.19,ESEWA,7,74,2,0,Mobile_App,0,0
DHAN-ORD-101090,CUST-2372,2026-09-24,NP,NPR,Books,800.74,104.1,COD,8,277,3,0,Mobile_App,1,0
DHAN-ORD-101091,CUST-1214,2026-08-01,IN,INR,Fitness,6989.98,1258.2,RAZORPAY,5,77,4,1,Desktop,0,0
DHAN-ORD-101092,CUST-1329,2026-07-29,NP,NPR,Computers,7562.44,983.12,KHALTI,2,67,4,0,Mobile_App,0,0
DHAN-ORD-101093,CUST-1675,2026-07-22,IN,INR,Kitchen,4334.53,780.22,UPI,5,98,1,0,Mobile_App,0,0
DHAN-ORD-101094,CUST-1843,2026-07-08,NP,NPR,Beauty,6203.9,806.51,KHALTI,2,128,5,0,Mobile_Web,0,0
DHAN-ORD-101095,CUST-2420,2026-07-06,IN,INR,Electronics,4590.38,826.27,RAZORPAY,9,64,4,0,Mobile_App,0,1
DHAN-ORD-101096,CUST-2014,2026-07-08,NP,NPR,Apparel,26064.88,3388.43,COD,9,101,7,1,Mobile_Web,0,1
DHAN-ORD-101097,CUST-1590,2026-07-07,IN,INR,Festive,578.56,104.14,COD,2,294,6,1,Mobile_App,0,1
DHAN-ORD-101098,CUST-2356,2026-08-15,NP,NPR,Toys,55413.09,7203.7,ESEWA,9,60,2,0,Mobile_App,0,0
DHAN-ORD-101099,CUST-1820,2026-07-13,IN,INR,Books,621.73,111.91,RAZORPAY,9,29,3,0,Mobile_Web,0,0
DHAN-ORD-101100,CUST-2126,2026-07-02,NP,NPR,Electronics,10463.91,1360.31,COD,5,83,3,1,Mobile_App,0,0
DHAN-ORD-101101,CUST-1075,2026-07-15,IN,INR,Festive,1044.0,187.92,RAZORPAY,9,46,8,0,Mobile_App,0,0
DHAN-ORD-101102,CUST-1931,2026-09-03,NP,NPR,Toys,275.12,35.77,CONNECT_IPS,5,218,3,0,Mobile_App,1,0
DHAN-ORD-101103,CUST-1180,2026-09-17,AE,AED,Kitchen,430.71,21.54,APPLE_PAY,7,132,7,1,Mobile_Web,1,1
DHAN-ORD-101104,CUST-1644,2026-09-07,NP,NPR,Toys,23658.02,3075.54,ESEWA,6,184,2,0,Mobile_App,1,0
DHAN-ORD-101105,CUST-1516,2026-07-06,NP,NPR,Computers,1596.75,207.58,KHALTI,3,234,3,0,Mobile_App,0,0
DHAN-ORD-101106,CUST-1662,2026-07-16,NP,NPR,Fitness,350.49,45.56,COD,8,48,3,0,Desktop,0,0
DHAN-ORD-101107,CUST-1237,2026-08-12,NP,NPR,Beauty,12153.92,1580.01,KHALTI,3,78,1,0,Mobile_App,0,0
DHAN-ORD-101108,CUST-1827,2026-08-05,NP,NPR,Electronics,1313.93,170.81,ESEWA,8,81,1,0,Mobile_Web,0,0
DHAN-ORD-101109,CUST-2053,2026-07-06,AE,AED,Apparel,150.0,7.5,CARD,6,25,3,0,Desktop,0,0
DHAN-ORD-101110,CUST-1002,2026-08-20,AE,AED,Apparel,150.0,7.5,CARD,6,227,4,0,Mobile_App,0,0
DHAN-ORD-101111,CUST-2346,2026-07-08,NP,NPR,Electronics,12302.27,1599.3,KHALTI,8,262,4,0,Mobile_Web,0,0
DHAN-ORD-101112,CUST-2111,2026-07-08,AE,AED,Computers,317.64,15.88,CARD,2,63,2,0,Mobile_App,0,0
DHAN-ORD-101113,CUST-1946,2026-07-24,NP,NPR,Kitchen,26255.97,3413.28,ESEWA,2,67,5,0,Mobile_App,0,0
DHAN-ORD-101114,CUST-1846,2026-07-27,NP,NPR,Apparel,7623.84,991.1,ESEWA,9,92,2,0,Desktop,0,0
DHAN-ORD-101115,CUST-1111,2026-07-27,IN,INR,Festive,2537.18,456.69,COD,8,216,2,0,Desktop,0,0
DHAN-ORD-101116,CUST-1384,2026-07-03,IN,INR,Festive,1833.65,330.06,UPI,6,68,2,1,Mobile_App,0,1
DHAN-ORD-101117,CUST-2061,2026-09-01,AE,AED,Beauty,191.12,9.56,CARD,2,345,2,0,Mobile_App,1,0
DHAN-ORD-101118,CUST-1740,2026-07-10,NP,NPR,Toys,936.5,121.75,ESEWA,9,20,3,1,Mobile_Web,0,0
DHAN-ORD-101119,CUST-2275,2026-07-05,IN,INR,Kitchen,745.51,134.19,RAZORPAY,7,17,2,0,Desktop,0,0
DHAN-ORD-101120,CUST-2020,2026-09-04,NP,NPR,Toys,3425.36,445.3,ESEWA,5,80,6,1,Mobile_App,1,0
DHAN-ORD-101121,CUST-2280,2026-07-04,NP,NPR,Electronics,3082.57,400.73,COD,4,216,2,1,Mobile_App,0,1
DHAN-ORD-101122,CUST-1905,2026-08-29,NP,NPR,Kitchen,12301.2,1599.16,KHALTI,7,168,3,0,Desktop,0,1
DHAN-ORD-101123,CUST-1105,2026-08-19,AE,AED,Apparel,158.06,7.9,CARD,5,97,4,1,Mobile_App,0,0
DHAN-ORD-101124,CUST-1416,2026-08-01,IN,INR,Computers,3310.0,595.8,RAZORPAY,7,105,2,0,Mobile_App,0,1
DHAN-ORD-101125,CUST-1546,2026-07-25,IN,INR,Toys,1487.21,267.7,COD,2,178,1,0,Mobile_Web,0,0
DHAN-ORD-101126,CUST-2124,2026-07-03,NP,NPR,Festive,7368.49,957.9,ESEWA,6,13,6,1,Mobile_App,0,0
DHAN-ORD-101127,CUST-1268,2026-07-16,NP,NPR,Kitchen,12128.31,1576.68,KHALTI,5,130,1,0,Mobile_Web,0,0
DHAN-ORD-101128,CUST-1589,2026-07-14,NP,NPR,Kitchen,3373.79,438.59,KHALTI,7,77,1,0,Mobile_App,0,0
DHAN-ORD-101129,CUST-1897,2026-07-10,NP,NPR,Festive,4427.97,575.64,ESEWA,8,28,4,1,Mobile_App,0,0
DHAN-ORD-101130,CUST-2430,2026-08-08,NP,NPR,Fitness,6502.46,845.32,ESEWA,4,82,8,1,Mobile_App,0,0
DHAN-ORD-101131,CUST-1992,2026-07-21,IN,INR,Electronics,2357.96,424.43,RAZORPAY,8,71,3,0,Mobile_App,0,0
DHAN-ORD-101132,CUST-1248,2026-07-03,NP,NPR,Electronics,6391.21,830.86,COD,1,106,6,0,Mobile_App,0,0
DHAN-ORD-101133,CUST-1059,2026-07-08,NP,NPR,Apparel,33934.15,4411.44,ESEWA,4,64,2,0,Mobile_Web,0,0
DHAN-ORD-101134,CUST-2290,2026-08-04,NP,NPR,Apparel,1032.07,134.17,KHALTI,6,65,9,2,Mobile_App,0,0
DHAN-ORD-101135,CUST-2246,2026-07-03,NP,NPR,Electronics,5833.08,758.3,KHALTI,1,63,2,0,Mobile_App,0,0
DHAN-ORD-101136,CUST-1490,2026-08-27,NP,NPR,Electronics,8978.42,1167.19,KHALTI,5,47,2,1,Mobile_Web,0,0
DHAN-ORD-101137,CUST-2453,2026-07-21,AE,AED,Festive,800.52,40.03,CARD,8,57,1,0,Desktop,0,0
DHAN-ORD-101138,CUST-1324,2026-07-20,IN,INR,Apparel,1614.26,290.57,RAZORPAY,3,152,3,1,Mobile_Web,0,0
DHAN-ORD-101139,CUST-1636,2026-07-27,IN,INR,Books,16530.39,2975.47,CARD,6,87,3,0,Desktop,0,0
DHAN-ORD-101140,CUST-2128,2026-08-22,NP,NPR,Toys,1860.24,241.83,ESEWA,6,26,4,0,Mobile_App,0,0
DHAN-ORD-101141,CUST-1028,2026-07-13,NP,NPR,Books,9785.34,1272.09,COD,2,49,4,1,Desktop,0,0
DHAN-ORD-101142,CUST-2131,2026-08-03,NP,NPR,Electronics,13906.11,1807.79,ESEWA,1,73,3,1,Mobile_App,0,0
DHAN-ORD-101143,CUST-1835,2026-07-26,IN,INR,Fitness,1162.47,209.24,COD,1,114,3,1,Mobile_Web,0,0
DHAN-ORD-101144,CUST-1190,2026-07-10,IN,INR,Computers,3432.07,617.77,UPI,3,81,2,0,Mobile_App,0,0
DHAN-ORD-101145,CUST-1460,2026-09-02,NP,NPR,Apparel,1504.71,195.61,ESEWA,1,74,6,0,Mobile_App,1,0
DHAN-ORD-101146,CUST-1232,2026-08-17,NP,NPR,Beauty,7624.99,991.25,COD,1,34,3,1,Mobile_App,0,1
DHAN-ORD-101147,CUST-1945,2026-08-02,NP,NPR,Kitchen,6775.82,880.86,ESEWA,7,48,8,0,Mobile_Web,0,0
DHAN-ORD-101148,CUST-1240,2026-08-27,IN,INR,Festive,844.13,151.94,COD,7,54,11,1,Mobile_App,0,0
DHAN-ORD-101149,CUST-2326,2026-08-30,AE,AED,Festive,150.0,7.5,CARD,6,159,1,0,Mobile_Web,0,0
DHAN-ORD-101150,CUST-1315,2026-08-06,IN,INR,Computers,3990.78,718.34,RAZORPAY,3,128,6,0,Mobile_Web,0,1
DHAN-ORD-101151,CUST-2020,2026-08-24,NP,NPR,Apparel,1723.18,224.01,ESEWA,4,242,4,0,Mobile_App,0,0
DHAN-ORD-101152,CUST-2467,2026-08-05,NP,NPR,Kitchen,1922.44,249.92,CONNECT_IPS,5,183,5,0,Mobile_App,0,0
DHAN-ORD-101153,CUST-1597,2026-08-04,NP,NPR,Kitchen,3709.63,482.25,ESEWA,1,82,3,0,Mobile_Web,0,0
DHAN-ORD-101154,CUST-2042,2026-07-29,NP,NPR,Festive,894.55,116.29,KHALTI,3,100,3,0,Mobile_Web,0,0
DHAN-ORD-101155,CUST-2444,2026-08-11,NP,NPR,Electronics,20310.18,2640.32,COD,6,227,4,1,Mobile_Web,0,1
DHAN-ORD-101156,CUST-1559,2026-07-06,IN,INR,Books,1768.66,318.36,UPI,4,66,2,0,Mobile_App,0,0
DHAN-ORD-101157,CUST-1850,2026-09-02,IN,INR,Electronics,280.94,50.57,RAZORPAY,1,319,3,0,Mobile_App,1,0
DHAN-ORD-101158,CUST-1988,2026-08-31,NP,NPR,Apparel,615.38,80.0,KHALTI,3,146,0,0,Mobile_App,0,0
DHAN-ORD-101159,CUST-1967,2026-07-01,IN,INR,Apparel,1020.96,183.77,CARD,3,183,4,1,Mobile_App,0,0
DHAN-ORD-101160,CUST-1499,2026-08-22,NP,NPR,Electronics,21072.35,2739.41,ESEWA,3,120,4,0,Mobile_App,0,0
DHAN-ORD-101161,CUST-1935,2026-07-05,NP,NPR,Electronics,10180.72,1323.49,CONNECT_IPS,1,106,3,0,Mobile_Web,0,1
DHAN-ORD-101162,CUST-2128,2026-07-13,NP,NPR,Festive,1734.67,225.51,CONNECT_IPS,6,286,7,0,Mobile_App,0,0
DHAN-ORD-101163,CUST-1296,2026-08-10,NP,NPR,Toys,6233.47,810.35,KHALTI,5,64,4,0,Mobile_Web,0,0
DHAN-ORD-101164,CUST-1785,2026-07-06,NP,NPR,Electronics,1201.78,156.23,COD,4,85,5,0,Mobile_App,0,0
DHAN-ORD-101165,CUST-1390,2026-08-21,NP,NPR,Beauty,4906.43,637.84,ESEWA,1,290,5,0,Mobile_App,0,0
DHAN-ORD-101166,CUST-2227,2026-08-23,NP,NPR,Computers,2815.15,365.97,CONNECT_IPS,7,67,4,0,Mobile_App,0,0
DHAN-ORD-101167,CUST-2040,2026-07-22,AE,AED,Electronics,560.55,28.03,CARD,2,71,3,1,Mobile_Web,0,0
DHAN-ORD-101168,CUST-1279,2026-07-01,NP,NPR,Beauty,1989.64,258.65,ESEWA,9,54,1,0,Mobile_App,0,0
DHAN-ORD-101169,CUST-1142,2026-07-11,NP,NPR,Computers,3782.51,491.73,KHALTI,2,229,6,1,Mobile_App,0,0
DHAN-ORD-101170,CUST-1565,2026-07-29,NP,NPR,Festive,3995.63,519.43,COD,8,31,2,0,Mobile_Web,0,1
DHAN-ORD-101171,CUST-1849,2026-07-30,IN,INR,Toys,15719.61,2829.53,CARD,5,113,5,0,Mobile_App,0,0
DHAN-ORD-101172,CUST-1696,2026-07-30,NP,NPR,Books,7258.49,943.6,ESEWA,4,147,1,0,Mobile_App,0,0
DHAN-ORD-101173,CUST-2039,2026-07-10,IN,INR,Apparel,1545.07,278.11,COD,6,228,3,0,Mobile_App,0,0
DHAN-ORD-101174,CUST-1547,2026-07-31,NP,NPR,Books,2190.17,284.72,KHALTI,3,9,4,1,Mobile_App,0,0
DHAN-ORD-101175,CUST-1005,2026-07-24,NP,NPR,Apparel,1891.19,245.85,KHALTI,1,144,3,0,Desktop,0,0
DHAN-ORD-101176,CUST-1579,2026-08-15,IN,INR,Apparel,3846.11,692.3,RAZORPAY,3,55,2,1,Mobile_App,0,1
DHAN-ORD-101177,CUST-2486,2026-07-04,NP,NPR,Books,15913.19,2068.71,COD,1,71,1,0,Mobile_App,0,0
DHAN-ORD-101178,CUST-1611,2026-08-12,NP,NPR,Apparel,13596.46,1767.54,ESEWA,6,23,4,2,Mobile_App,0,0
DHAN-ORD-101179,CUST-2202,2026-07-24,NP,NPR,Computers,10364.87,1347.43,ESEWA,5,159,5,0,Desktop,0,0
DHAN-ORD-101180,CUST-2187,2026-07-09,IN,INR,Toys,1420.38,255.67,COD,7,190,3,0,Mobile_App,0,0
DHAN-ORD-101181,CUST-2351,2026-07-13,NP,NPR,Festive,5846.73,760.07,ESEWA,5,58,0,0,Desktop,0,1
DHAN-ORD-101182,CUST-2002,2026-07-31,NP,NPR,Fitness,3036.1,394.69,KHALTI,3,272,3,0,Mobile_App,0,0
DHAN-ORD-101183,CUST-1304,2026-09-19,AE,AED,Apparel,457.81,22.89,CARD,7,14,4,1,Mobile_Web,1,0
DHAN-ORD-101184,CUST-1914,2026-07-04,NP,NPR,Apparel,3853.48,500.95,ESEWA,1,145,7,0,Mobile_Web,0,1
DHAN-ORD-101185,CUST-2103,2026-09-22,IN,INR,Books,3137.51,564.75,RAZORPAY,5,119,6,1,Mobile_App,1,0
DHAN-ORD-101186,CUST-1991,2026-08-04,IN,INR,Computers,8404.77,1512.86,UPI,7,147,6,1,Mobile_Web,0,0
DHAN-ORD-101187,CUST-1706,2026-07-03,NP,NPR,Apparel,2459.98,319.8,ESEWA,2,142,2,1,Mobile_App,0,1
DHAN-ORD-101188,CUST-1680,2026-07-11,NP,NPR,Electronics,1947.87,253.22,KHALTI,3,177,3,0,Mobile_App,0,0
DHAN-ORD-101189,CUST-2130,2026-08-06,NP,NPR,Apparel,3682.02,478.66,ESEWA,1,9,6,0,Mobile_Web,0,0
DHAN-ORD-101190,CUST-2112,2026-07-03,IN,INR,Apparel,848.57,152.74,RAZORPAY,2,72,2,0,Mobile_Web,0,0
DHAN-ORD-101191,CUST-1772,2026-07-27,IN,INR,Electronics,1223.19,220.17,UPI,8,80,1,0,Mobile_App,0,0
DHAN-ORD-101192,CUST-1932,2026-07-13,IN,INR,Electronics,2701.16,486.21,COD,1,113,5,1,Mobile_App,0,0
DHAN-ORD-101193,CUST-1659,2026-07-30,AE,AED,Apparel,297.02,14.85,CARD,9,215,3,0,Mobile_Web,0,0
DHAN-ORD-101194,CUST-1386,2026-07-02,IN,INR,Computers,2782.0,500.76,RAZORPAY,1,112,4,0,Mobile_Web,0,0
DHAN-ORD-101195,CUST-2428,2026-08-31,NP,NPR,Electronics,11045.26,1435.88,CONNECT_IPS,2,37,1,0,Mobile_App,0,0
DHAN-ORD-101196,CUST-1489,2026-07-19,NP,NPR,Festive,6066.15,788.6,ESEWA,9,88,4,0,Desktop,0,0
DHAN-ORD-101197,CUST-2171,2026-07-15,IN,INR,Electronics,470.59,84.71,CARD,2,248,3,0,Mobile_App,0,0
DHAN-ORD-101198,CUST-1784,2026-08-11,NP,NPR,Beauty,3045.92,395.97,COD,3,319,2,0,Desktop,0,0
DHAN-ORD-101199,CUST-1478,2026-07-05,NP,NPR,Books,417.89,54.33,ESEWA,3,144,5,0,Mobile_Web,0,0
DHAN-ORD-101200,CUST-1841,2026-08-12,IN,INR,Electronics,2594.51,467.01,COD,2,183,5,1,Mobile_App,0,0
DHAN-ORD-101201,CUST-1089,2026-07-01,NP,NPR,Kitchen,11734.05,1525.43,KHALTI,7,253,1,0,Desktop,0,0
DHAN-ORD-101202,CUST-1651,2026-07-01,AE,AED,Apparel,150.0,7.5,COD,6,246,4,1,Mobile_App,0,0
DHAN-ORD-101203,CUST-1968,2026-07-12,IN,INR,Toys,1648.6,296.75,RAZORPAY,1,16,0,0,Mobile_App,0,1
DHAN-ORD-101204,CUST-2444,2026-07-21,NP,NPR,Festive,11370.8,1478.2,ESEWA,3,358,4,0,Mobile_App,0,0
DHAN-ORD-101205,CUST-1780,2026-08-14,AE,AED,Festive,404.28,20.21,APPLE_PAY,8,50,4,0,Mobile_App,0,0
DHAN-ORD-101206,CUST-1790,2026-08-04,NP,NPR,Fitness,2016.22,262.11,COD,9,254,3,0,Mobile_Web,0,0
DHAN-ORD-101207,CUST-2359,2026-07-18,NP,NPR,Electronics,6768.85,879.95,COD,9,155,6,0,Mobile_App,0,0
DHAN-ORD-101208,CUST-2335,2026-07-10,NP,NPR,Computers,7460.27,969.84,ESEWA,8,37,3,0,Mobile_App,0,0
DHAN-ORD-101209,CUST-1311,2026-09-24,NP,NPR,Kitchen,2924.73,380.21,KHALTI,8,73,4,1,Mobile_App,1,0
DHAN-ORD-101210,CUST-2014,2026-07-17,NP,NPR,Computers,1169.18,151.99,ESEWA,8,30,2,1,Mobile_App,0,1
DHAN-ORD-101211,CUST-1075,2026-07-19,NP,NPR,Toys,10211.37,1327.48,ESEWA,5,68,3,1,Mobile_App,0,1
DHAN-ORD-101212,CUST-1258,2026-07-06,NP,NPR,Apparel,14351.4,1865.68,KHALTI,5,208,4,0,Mobile_App,0,0
DHAN-ORD-101213,CUST-2028,2026-08-17,NP,NPR,Computers,4147.52,539.18,CONNECT_IPS,7,187,5,1,Mobile_App,0,0
DHAN-ORD-101214,CUST-2208,2026-08-05,IN,INR,Festive,543.48,97.83,UPI,3,72,2,0,Mobile_App,0,0
DHAN-ORD-101215,CUST-1679,2026-07-08,IN,INR,Electronics,967.5,174.15,RAZORPAY,4,122,3,0,Mobile_App,0,0
DHAN-ORD-101216,CUST-1205,2026-07-03,NP,NPR,Kitchen,3367.93,437.83,ESEWA,1,191,3,0,Mobile_App,0,0
DHAN-ORD-101217,CUST-1901,2026-08-04,NP,NPR,Apparel,1071.62,139.31,COD,9,13,4,0,Mobile_Web,0,1
DHAN-ORD-101218,CUST-1204,2026-08-01,NP,NPR,Kitchen,3048.96,396.36,CONNECT_IPS,6,22,2,0,Mobile_App,0,0
DHAN-ORD-101219,CUST-2077,2026-07-10,NP,NPR,Kitchen,2324.53,302.19,ESEWA,2,186,5,1,Mobile_App,0,0
DHAN-ORD-101220,CUST-1935,2026-07-01,IN,INR,Computers,339.9,61.18,COD,6,127,4,0,Desktop,0,0
DHAN-ORD-101221,CUST-1031,2026-07-05,IN,INR,Kitchen,989.52,178.11,RAZORPAY,8,161,6,1,Desktop,0,0
DHAN-ORD-101222,CUST-2479,2026-07-17,NP,NPR,Toys,5637.11,732.82,CONNECT_IPS,3,47,3,2,Mobile_App,0,1
DHAN-ORD-101223,CUST-1295,2026-09-25,NP,NPR,Festive,3607.8,469.01,ESEWA,7,62,4,0,Mobile_App,1,0
DHAN-ORD-101224,CUST-1839,2026-07-17,NP,NPR,Kitchen,11694.94,1520.34,KHALTI,3,105,4,0,Mobile_App,0,0
DHAN-ORD-101225,CUST-2340,2026-07-31,IN,INR,Kitchen,1274.37,229.39,RAZORPAY,5,84,4,0,Mobile_App,0,0
DHAN-ORD-101226,CUST-1316,2026-07-16,NP,NPR,Apparel,785.31,102.09,ESEWA,2,89,4,0,Mobile_Web,0,0
DHAN-ORD-101227,CUST-1153,2026-07-10,AE,AED,Books,150.0,7.5,COD,6,245,6,1,Mobile_App,0,0
DHAN-ORD-101228,CUST-1961,2026-08-04,IN,INR,Electronics,737.36,132.72,UPI,8,176,5,0,Mobile_App,0,0
DHAN-ORD-101229,CUST-1542,2026-07-16,NP,NPR,Kitchen,858.26,111.57,ESEWA,3,119,2,0,Desktop,0,0
DHAN-ORD-101230,CUST-1693,2026-09-06,IN,INR,Fitness,1143.05,205.75,UPI,9,174,4,0,Mobile_App,1,0
DHAN-ORD-101231,CUST-2276,2026-07-08,AE,AED,Apparel,174.61,8.73,APPLE_PAY,3,54,5,0,Mobile_App,0,0
DHAN-ORD-101232,CUST-2418,2026-07-08,IN,INR,Computers,9105.04,1638.91,RAZORPAY,6,125,4,0,Mobile_App,0,0
DHAN-ORD-101233,CUST-1814,2026-07-01,NP,NPR,Apparel,20552.33,2671.8,KHALTI,5,92,1,0,Mobile_Web,0,0
DHAN-ORD-101234,CUST-2330,2026-08-01,NP,NPR,Electronics,2198.33,285.78,KHALTI,2,58,4,2,Mobile_App,0,0
DHAN-ORD-101235,CUST-1164,2026-07-14,IN,INR,Beauty,4076.35,733.74,COD,8,173,2,0,Desktop,0,0
DHAN-ORD-101236,CUST-1672,2026-08-29,IN,INR,Beauty,2520.51,453.69,COD,9,108,4,0,Mobile_Web,0,0
DHAN-ORD-101237,CUST-2381,2026-07-20,IN,INR,Festive,1673.35,301.2,COD,8,23,3,0,Mobile_App,0,1
DHAN-ORD-101238,CUST-2092,2026-07-14,IN,INR,Beauty,521.44,93.86,UPI,8,89,6,0,Mobile_App,0,0
DHAN-ORD-101239,CUST-1778,2026-07-07,IN,INR,Electronics,1036.23,186.52,COD,1,35,0,0,Mobile_App,0,0
DHAN-ORD-101240,CUST-1648,2026-08-30,AE,AED,Electronics,399.37,19.97,APPLE_PAY,3,244,3,0,Mobile_App,0,0
DHAN-ORD-101241,CUST-2283,2026-08-14,NP,NPR,Festive,2529.15,328.79,ESEWA,9,137,6,0,Desktop,0,0
DHAN-ORD-101242,CUST-2471,2026-08-14,NP,NPR,Electronics,6247.43,812.17,ESEWA,1,90,3,0,Mobile_App,0,0
DHAN-ORD-101243,CUST-1999,2026-08-25,IN,INR,Kitchen,752.26,135.41,COD,5,55,3,1,Mobile_App,0,0
DHAN-ORD-101244,CUST-2108,2026-08-12,IN,INR,Electronics,1930.51,347.49,UPI,4,92,1,0,Mobile_App,0,1
DHAN-ORD-101245,CUST-1073,2026-07-30,IN,INR,Fitness,1626.49,292.77,COD,6,56,1,0,Mobile_App,0,0
DHAN-ORD-101246,CUST-2264,2026-07-05,NP,NPR,Beauty,5656.35,735.33,ESEWA,4,60,3,0,Mobile_App,0,0
DHAN-ORD-101247,CUST-1140,2026-07-01,IN,INR,Kitchen,1925.5,346.59,COD,8,96,3,1,Mobile_App,0,0
DHAN-ORD-101248,CUST-1480,2026-09-15,IN,INR,Kitchen,765.4,137.77,COD,9,82,3,0,Mobile_App,1,0
DHAN-ORD-101249,CUST-2292,2026-07-29,NP,NPR,Festive,21585.04,2806.06,COD,3,136,2,0,Mobile_Web,0,0
DHAN-ORD-101250,CUST-2401,2026-08-17,NP,NPR,Apparel,5859.84,761.78,ESEWA,9,36,2,0,Mobile_App,0,0
DHAN-ORD-101251,CUST-1588,2026-07-20,NP,NPR,Toys,10601.03,1378.13,ESEWA,8,151,2,0,Mobile_App,0,0
DHAN-ORD-101252,CUST-1465,2026-07-04,NP,NPR,Festive,2272.34,295.4,COD,4,70,3,0,Mobile_App,0,0
DHAN-ORD-101253,CUST-1185,2026-07-05,NP,NPR,Festive,312.7,40.65,KHALTI,6,78,2,0,Mobile_Web,0,0
DHAN-ORD-101254,CUST-1888,2026-08-04,NP,NPR,Electronics,5156.9,670.4,KHALTI,8,106,5,1,Mobile_App,0,1
DHAN-ORD-101255,CUST-1201,2026-07-17,NP,NPR,Books,4394.67,571.31,ESEWA,2,238,6,1,Mobile_App,0,0
DHAN-ORD-101256,CUST-2297,2026-07-07,IN,INR,Computers,1545.71,278.23,UPI,6,59,6,0,Desktop,0,0
DHAN-ORD-101257,CUST-2441,2026-07-21,IN,INR,Kitchen,2353.57,423.64,RAZORPAY,4,128,3,1,Mobile_Web,0,0
DHAN-ORD-101258,CUST-1205,2026-07-02,IN,INR,Festive,1473.73,265.27,UPI,6,122,0,0,Mobile_App,0,0
DHAN-ORD-101259,CUST-1908,2026-07-27,NP,NPR,Electronics,8523.54,1108.06,ESEWA,9,75,6,0,Desktop,0,0
DHAN-ORD-101260,CUST-1340,2026-07-10,NP,NPR,Electronics,5043.64,655.67,CONNECT_IPS,3,28,4,1,Mobile_Web,0,0
DHAN-ORD-101261,CUST-2421,2026-08-17,IN,INR,Electronics,2032.01,365.76,RAZORPAY,7,77,2,0,Mobile_Web,0,0
DHAN-ORD-101262,CUST-1613,2026-07-12,NP,NPR,Apparel,19263.68,2504.28,CONNECT_IPS,3,121,1,0,Mobile_App,0,0
DHAN-ORD-101263,CUST-1059,2026-07-19,AE,AED,Kitchen,157.51,7.88,APPLE_PAY,4,127,4,0,Mobile_App,0,0
DHAN-ORD-101264,CUST-1094,2026-07-01,IN,INR,Toys,9451.08,1701.19,UPI,1,359,4,1,Mobile_Web,0,0
DHAN-ORD-101265,CUST-1664,2026-07-03,NP,NPR,Festive,7636.19,992.7,COD,4,300,4,0,Mobile_Web,0,1
DHAN-ORD-101266,CUST-1114,2026-07-15,AE,AED,Apparel,150.0,7.5,APPLE_PAY,6,95,9,1,Mobile_App,0,0
DHAN-ORD-101267,CUST-1600,2026-07-20,NP,NPR,Electronics,13721.59,1783.81,KHALTI,5,141,1,0,Mobile_App,0,0
DHAN-ORD-101268,CUST-1734,2026-07-28,NP,NPR,Festive,2867.01,372.71,KHALTI,5,177,3,0,Mobile_Web,0,0
DHAN-ORD-101269,CUST-1767,2026-07-11,IN,INR,Electronics,6698.09,1205.66,UPI,2,76,3,0,Mobile_Web,0,0
DHAN-ORD-101270,CUST-1882,2026-08-05,NP,NPR,Computers,5784.16,751.94,KHALTI,6,94,4,0,Mobile_App,0,0
DHAN-ORD-101271,CUST-1298,2026-08-29,AE,AED,Computers,429.87,21.49,APPLE_PAY,6,286,5,0,Mobile_App,0,0
DHAN-ORD-101272,CUST-1500,2026-08-15,NP,NPR,Apparel,11458.33,1489.58,ESEWA,1,120,3,0,Mobile_Web,0,0
DHAN-ORD-101273,CUST-2087,2026-07-02,NP,NPR,Computers,2648.31,344.28,ESEWA,2,117,4,0,Mobile_Web,0,0
DHAN-ORD-101274,CUST-1843,2026-07-20,IN,INR,Computers,892.63,160.67,UPI,1,266,9,0,Mobile_App,0,0
DHAN-ORD-101275,CUST-2159,2026-07-04,IN,INR,Electronics,2096.66,377.4,UPI,8,63,1,1,Mobile_App,0,1
DHAN-ORD-101276,CUST-2396,2026-07-09,NP,NPR,Electronics,4291.47,557.89,KHALTI,7,66,5,1,Mobile_App,0,0
DHAN-ORD-101277,CUST-1368,2026-08-09,NP,NPR,Apparel,466.01,60.58,COD,7,80,1,0,Mobile_App,0,0
DHAN-ORD-101278,CUST-1348,2026-07-05,IN,INR,Fitness,1471.09,264.8,UPI,4,82,7,3,Mobile_App,0,1
DHAN-ORD-101279,CUST-1358,2026-07-21,NP,NPR,Toys,1725.92,224.37,KHALTI,6,142,4,0,Mobile_App,0,0
DHAN-ORD-101280,CUST-1161,2026-07-29,IN,INR,Electronics,411.41,74.05,COD,6,99,2,0,Mobile_App,0,0
DHAN-ORD-101281,CUST-2248,2026-08-06,IN,INR,Electronics,10611.78,1910.12,UPI,9,204,4,0,Desktop,0,0
DHAN-ORD-101282,CUST-1783,2026-07-25,IN,INR,Books,455.86,82.05,RAZORPAY,5,237,4,0,Mobile_Web,0,0
DHAN-ORD-101283,CUST-2269,2026-07-01,IN,INR,Computers,4735.45,852.38,RAZORPAY,1,147,1,0,Mobile_App,0,0
DHAN-ORD-101284,CUST-2399,2026-07-12,NP,NPR,Festive,150.0,19.5,KHALTI,6,162,3,1,Mobile_Web,0,0
DHAN-ORD-101285,CUST-1493,2026-07-22,IN,INR,Electronics,26668.77,4800.38,RAZORPAY,1,33,2,0,Mobile_App,0,1
DHAN-ORD-101286,CUST-2019,2026-07-03,IN,INR,Books,3544.68,638.04,UPI,7,29,1,1,Mobile_App,0,0
DHAN-ORD-101287,CUST-2194,2026-07-13,NP,NPR,Kitchen,4822.9,626.98,ESEWA,7,268,0,0,Mobile_Web,0,0
DHAN-ORD-101288,CUST-1293,2026-07-02,AE,AED,Kitchen,150.0,7.5,APPLE_PAY,6,44,1,0,Mobile_App,0,0
DHAN-ORD-101289,CUST-1475,2026-07-03,NP,NPR,Apparel,2412.09,313.57,KHALTI,9,481,3,0,Mobile_App,0,0
DHAN-ORD-101290,CUST-1944,2026-07-16,NP,NPR,Apparel,1078.25,140.17,ESEWA,7,68,1,0,Mobile_App,0,0
DHAN-ORD-101291,CUST-2306,2026-07-05,NP,NPR,Electronics,26628.63,3461.72,COD,6,252,4,0,Mobile_App,0,1
DHAN-ORD-101292,CUST-1520,2026-07-26,AE,AED,Apparel,204.61,10.23,APPLE_PAY,6,148,8,0,Mobile_App,0,0
DHAN-ORD-101293,CUST-1941,2026-08-05,NP,NPR,Toys,150.0,19.5,COD,6,163,3,1,Mobile_App,0,0
DHAN-ORD-101294,CUST-1522,2026-08-18,IN,INR,Computers,2529.35,455.28,COD,9,209,7,0,Mobile_Web,0,1
DHAN-ORD-101295,CUST-2365,2026-07-07,IN,INR,Computers,2112.29,380.21,UPI,6,107,2,0,Mobile_Web,0,0
DHAN-ORD-101296,CUST-1019,2026-07-06,NP,NPR,Beauty,10165.8,1321.55,CONNECT_IPS,4,77,1,0,Mobile_App,0,1
DHAN-ORD-101297,CUST-1952,2026-07-04,NP,NPR,Computers,2934.16,381.44,COD,9,295,4,0,Mobile_Web,0,0
DHAN-ORD-101298,CUST-1589,2026-07-31,IN,INR,Apparel,1436.21,258.52,CARD,5,115,5,0,Mobile_App,0,0
DHAN-ORD-101299,CUST-2387,2026-08-06,NP,NPR,Electronics,1465.34,190.49,ESEWA,7,165,10,1,Mobile_Web,0,0
DHAN-ORD-101300,CUST-2119,2026-07-01,IN,INR,Kitchen,5342.74,961.69,RAZORPAY,5,187,6,0,Mobile_App,0,0
DHAN-ORD-101301,CUST-1323,2026-09-21,NP,NPR,Electronics,1621.77,210.83,ESEWA,1,39,4,0,Mobile_Web,1,0
DHAN-ORD-101302,CUST-1151,2026-07-02,NP,NPR,Beauty,7101.38,923.18,ESEWA,9,146,2,0,Mobile_App,0,0
DHAN-ORD-101303,CUST-1904,2026-07-24,IN,INR,Computers,3856.78,694.22,RAZORPAY,4,196,2,0,Mobile_App,0,0
DHAN-ORD-101304,CUST-1707,2026-08-07,NP,NPR,Computers,14436.4,1876.73,ESEWA,9,111,3,0,Mobile_App,0,0
DHAN-ORD-101305,CUST-2203,2026-08-31,NP,NPR,Computers,5246.23,682.01,KHALTI,8,119,2,0,Mobile_Web,0,1
DHAN-ORD-101306,CUST-1612,2026-08-07,NP,NPR,Books,3605.0,468.65,KHALTI,5,61,3,0,Mobile_App,0,0
DHAN-ORD-101307,CUST-2308,2026-08-18,NP,NPR,Computers,18293.47,2378.15,COD,5,230,2,0,Mobile_Web,0,0
DHAN-ORD-101308,CUST-1868,2026-07-13,NP,NPR,Apparel,2344.16,304.74,KHALTI,4,96,3,0,Mobile_App,0,0
DHAN-ORD-101309,CUST-2413,2026-08-20,IN,INR,Computers,1155.34,207.96,RAZORPAY,3,124,4,1,Mobile_App,0,0
DHAN-ORD-101310,CUST-1512,2026-07-03,NP,NPR,Computers,11756.01,1528.28,ESEWA,2,46,5,0,Mobile_App,0,1
DHAN-ORD-101311,CUST-1935,2026-09-06,NP,NPR,Beauty,5686.48,739.24,ESEWA,7,147,0,0,Mobile_App,1,0
DHAN-ORD-101312,CUST-1618,2026-07-24,IN,INR,Beauty,1405.28,252.95,COD,1,37,5,0,Mobile_App,0,0
DHAN-ORD-101313,CUST-1407,2026-08-20,NP,NPR,Books,1827.53,237.58,COD,9,60,4,0,Mobile_App,0,0
DHAN-ORD-101314,CUST-1787,2026-07-19,NP,NPR,Books,12456.84,1619.39,ESEWA,9,136,2,0,Mobile_Web,0,0
DHAN-ORD-101315,CUST-1989,2026-07-31,AE,AED,Fitness,150.0,7.5,COD,6,59,4,1,Mobile_App,0,0
DHAN-ORD-101316,CUST-1218,2026-07-23,IN,INR,Apparel,506.23,91.12,RAZORPAY,2,32,6,1,Mobile_Web,0,0
DHAN-ORD-101317,CUST-1485,2026-08-09,IN,INR,Beauty,730.23,131.44,RAZORPAY,1,223,3,0,Mobile_App,0,0
DHAN-ORD-101318,CUST-1781,2026-07-03,IN,INR,Kitchen,1609.05,289.63,UPI,7,37,6,0,Mobile_App,0,0
DHAN-ORD-101319,CUST-2171,2026-07-02,NP,NPR,Books,13016.39,1692.13,ESEWA,2,73,5,1,Mobile_Web,0,0
DHAN-ORD-101320,CUST-1735,2026-07-09,IN,INR,Apparel,1442.06,259.57,COD,2,169,3,0,Mobile_App,0,0
DHAN-ORD-101321,CUST-2177,2026-07-06,NP,NPR,Apparel,2415.83,314.06,COD,3,335,4,0,Desktop,0,1
DHAN-ORD-101322,CUST-1605,2026-08-31,NP,NPR,Electronics,1997.84,259.72,KHALTI,8,51,3,0,Mobile_Web,0,0
DHAN-ORD-101323,CUST-2432,2026-07-08,NP,NPR,Computers,23655.29,3075.19,KHALTI,3,21,1,0,Mobile_App,0,0
DHAN-ORD-101324,CUST-1604,2026-07-22,NP,NPR,Books,9419.75,1224.57,ESEWA,5,200,4,0,Mobile_App,0,0
DHAN-ORD-101325,CUST-1044,2026-07-13,NP,NPR,Electronics,17878.51,2324.21,ESEWA,4,34,7,0,Mobile_Web,0,0
DHAN-ORD-101326,CUST-2348,2026-07-07,AE,AED,Kitchen,150.0,7.5,CARD,6,114,6,0,Desktop,0,0
DHAN-ORD-101327,CUST-1810,2026-08-16,NP,NPR,Computers,857.29,111.45,KHALTI,2,261,5,0,Mobile_App,0,0
DHAN-ORD-101328,CUST-1562,2026-08-02,NP,NPR,Festive,6919.68,899.56,KHALTI,7,258,3,0,Mobile_App,0,0
DHAN-ORD-101329,CUST-1016,2026-07-21,NP,NPR,Computers,1987.16,258.33,ESEWA,7,145,5,0,Desktop,0,0
DHAN-ORD-101330,CUST-2159,2026-07-25,NP,NPR,Festive,4086.76,531.28,KHALTI,9,153,5,0,Mobile_Web,0,0
DHAN-ORD-101331,CUST-2404,2026-08-08,IN,INR,Computers,282.6,50.87,UPI,3,155,2,0,Mobile_Web,0,0
DHAN-ORD-101332,CUST-1100,2026-07-08,NP,NPR,Festive,10555.19,1372.17,COD,7,87,6,0,Mobile_App,0,0
DHAN-ORD-101333,CUST-2241,2026-09-17,NP,NPR,Toys,6369.68,828.06,ESEWA,6,20,2,1,Mobile_App,1,0
DHAN-ORD-101334,CUST-2017,2026-07-21,NP,NPR,Electronics,6526.69,848.47,COD,1,37,2,0,Mobile_Web,0,0
DHAN-ORD-101335,CUST-1586,2026-08-01,IN,INR,Apparel,729.24,131.26,UPI,9,115,4,0,Mobile_App,0,0
DHAN-ORD-101336,CUST-1471,2026-07-07,NP,NPR,Electronics,12666.08,1646.59,KHALTI,3,18,5,0,Mobile_Web,0,0
DHAN-ORD-101337,CUST-2243,2026-08-04,NP,NPR,Electronics,3250.91,422.62,ESEWA,1,112,3,0,Mobile_App,0,0
DHAN-ORD-101338,CUST-1721,2026-07-03,NP,NPR,Festive,3191.75,414.93,KHALTI,5,111,9,1,Mobile_Web,0,1
DHAN-ORD-101339,CUST-1448,2026-07-01,NP,NPR,Kitchen,6427.06,835.52,COD,1,164,1,0,Desktop,0,1
DHAN-ORD-101340,CUST-2303,2026-07-09,NP,NPR,Kitchen,15519.73,2017.56,COD,3,128,0,0,Mobile_Web,0,0
DHAN-ORD-101341,CUST-1389,2026-07-19,IN,INR,Electronics,5519.24,993.46,UPI,2,164,4,0,Mobile_App,0,0
DHAN-ORD-101342,CUST-2271,2026-08-30,IN,INR,Kitchen,2458.07,442.45,UPI,1,174,2,0,Mobile_Web,0,0
DHAN-ORD-101343,CUST-1513,2026-08-08,IN,INR,Festive,27428.36,4937.1,RAZORPAY,5,262,1,0,Mobile_App,0,0
DHAN-ORD-101344,CUST-2388,2026-08-10,NP,NPR,Kitchen,1128.92,146.76,KHALTI,3,157,4,0,Mobile_App,0,0
DHAN-ORD-101345,CUST-2476,2026-07-17,NP,NPR,Books,1432.04,186.17,KHALTI,1,248,3,1,Mobile_App,0,0
DHAN-ORD-101346,CUST-2350,2026-07-13,NP,NPR,Books,1705.99,221.78,KHALTI,4,50,3,0,Mobile_Web,0,0
DHAN-ORD-101347,CUST-2394,2026-07-14,AE,AED,Computers,192.99,9.65,CARD,3,32,4,0,Mobile_Web,0,0
DHAN-ORD-101348,CUST-1280,2026-08-11,IN,INR,Electronics,1001.82,180.33,COD,2,230,4,0,Mobile_App,0,1
DHAN-ORD-101349,CUST-2286,2026-07-02,IN,INR,Festive,659.33,118.68,UPI,2,156,4,0,Mobile_App,0,0
DHAN-ORD-101350,CUST-1198,2026-08-30,NP,NPR,Kitchen,2916.54,379.15,KHALTI,9,29,4,0,Mobile_App,0,0
DHAN-ORD-101351,CUST-2285,2026-07-26,NP,NPR,Computers,7003.83,910.5,COD,1,86,2,0,Mobile_Web,0,0
DHAN-ORD-101352,CUST-2323,2026-07-18,NP,NPR,Electronics,16850.76,2190.6,ESEWA,2,440,2,0,Mobile_App,0,0
DHAN-ORD-101353,CUST-1080,2026-08-08,IN,INR,Apparel,1558.1,280.46,RAZORPAY,1,111,2,0,Mobile_Web,0,0
DHAN-ORD-101354,CUST-1632,2026-07-21,AE,AED,Fitness,207.45,10.37,CARD,9,127,0,0,Mobile_App,0,0
DHAN-ORD-101355,CUST-1902,2026-09-01,AE,AED,Computers,150.0,7.5,APPLE_PAY,6,45,2,0,Desktop,1,0
DHAN-ORD-101356,CUST-1068,2026-09-08,NP,NPR,Computers,858.51,111.61,ESEWA,3,81,5,1,Mobile_App,1,0
DHAN-ORD-101357,CUST-2186,2026-07-17,NP,NPR,Festive,1354.6,176.1,KHALTI,4,66,1,0,Mobile_App,0,0
DHAN-ORD-101358,CUST-1747,2026-07-10,AE,AED,Toys,290.83,14.54,CARD,2,47,0,0,Mobile_App,0,0
DHAN-ORD-101359,CUST-2499,2026-07-27,IN,INR,Apparel,1355.05,243.91,RAZORPAY,5,100,2,0,Mobile_App,0,0
DHAN-ORD-101360,CUST-1269,2026-09-12,NP,NPR,Toys,6627.38,861.56,KHALTI,3,109,2,0,Mobile_Web,1,0
DHAN-ORD-101361,CUST-1184,2026-07-08,NP,NPR,Kitchen,7074.93,919.74,ESEWA,9,332,3,0,Mobile_Web,0,0
DHAN-ORD-101362,CUST-1604,2026-07-30,NP,NPR,Toys,1948.91,253.36,ESEWA,4,157,4,0,Mobile_Web,0,0
DHAN-ORD-101363,CUST-1669,2026-07-30,NP,NPR,Kitchen,2890.11,375.71,ESEWA,1,46,3,0,Mobile_App,0,0
DHAN-ORD-101364,CUST-1850,2026-08-09,NP,NPR,Electronics,4042.27,525.5,COD,1,124,2,0,Mobile_App,0,0
DHAN-ORD-101365,CUST-1359,2026-07-05,IN,INR,Toys,822.58,148.06,RAZORPAY,3,49,3,0,Mobile_App,0,0
DHAN-ORD-101366,CUST-1411,2026-08-07,NP,NPR,Kitchen,6865.03,892.45,COD,7,136,7,1,Mobile_Web,0,0
DHAN-ORD-101367,CUST-1270,2026-09-10,NP,NPR,Books,2917.09,379.22,COD,1,165,3,0,Mobile_App,1,1
DHAN-ORD-101368,CUST-2104,2026-07-06,NP,NPR,Kitchen,4004.55,520.59,KHALTI,8,197,4,1,Mobile_Web,0,0
DHAN-ORD-101369,CUST-1749,2026-07-09,IN,INR,Festive,650.19,117.03,RAZORPAY,2,292,4,0,Mobile_App,0,0
DHAN-ORD-101370,CUST-2087,2026-07-17,IN,INR,Festive,6131.29,1103.63,RAZORPAY,2,160,3,0,Mobile_App,0,0
DHAN-ORD-101371,CUST-2027,2026-07-06,NP,NPR,Electronics,4327.42,562.56,ESEWA,7,47,3,1,Desktop,0,1
DHAN-ORD-101372,CUST-1558,2026-08-27,AE,AED,Fitness,645.04,32.25,CARD,6,293,4,0,Mobile_Web,0,0
DHAN-ORD-101373,CUST-1336,2026-07-21,AE,AED,Kitchen,188.41,9.42,APPLE_PAY,8,49,5,0,Mobile_App,0,0
DHAN-ORD-101374,CUST-1526,2026-07-09,NP,NPR,Festive,650.09,84.51,COD,2,145,4,0,Mobile_App,0,0
DHAN-ORD-101375,CUST-1986,2026-08-31,NP,NPR,Beauty,10825.56,1407.32,ESEWA,7,15,6,0,Mobile_App,0,0
DHAN-ORD-101376,CUST-1604,2026-07-18,IN,INR,Toys,2787.34,501.72,UPI,6,100,4,1,Mobile_Web,0,0
DHAN-ORD-101377,CUST-1693,2026-07-22,IN,INR,Beauty,1291.33,232.44,RAZORPAY,4,318,6,1,Mobile_App,0,0
DHAN-ORD-101378,CUST-1235,2026-07-14,AE,AED,Electronics,184.95,9.25,APPLE_PAY,4,160,1,0,Mobile_App,0,0
DHAN-ORD-101379,CUST-1959,2026-07-27,IN,INR,Electronics,3425.61,616.61,COD,5,21,2,0,Mobile_App,0,0
DHAN-ORD-101380,CUST-1154,2026-07-06,IN,INR,Kitchen,4325.38,778.57,CARD,5,60,3,0,Mobile_App,0,0
DHAN-ORD-101381,CUST-1288,2026-07-15,NP,NPR,Toys,14388.72,1870.53,ESEWA,6,95,1,1,Mobile_App,0,0
DHAN-ORD-101382,CUST-1462,2026-07-15,NP,NPR,Apparel,2359.6,306.75,CONNECT_IPS,1,89,7,0,Mobile_App,0,0
DHAN-ORD-101383,CUST-2385,2026-07-09,NP,NPR,Apparel,3113.12,404.71,KHALTI,8,47,5,0,Mobile_App,0,0
DHAN-ORD-101384,CUST-2483,2026-08-02,NP,NPR,Electronics,26734.75,3475.52,KHALTI,4,59,4,1,Mobile_App,0,0
DHAN-ORD-101385,CUST-2381,2026-07-12,IN,INR,Beauty,180.8,32.54,UPI,9,69,1,0,Mobile_App,0,0
DHAN-ORD-101386,CUST-1813,2026-08-14,IN,INR,Computers,19974.57,3595.42,COD,3,45,4,0,Desktop,0,0
DHAN-ORD-101387,CUST-2141,2026-07-05,IN,INR,Fitness,14244.84,2564.07,UPI,6,309,2,1,Mobile_App,0,0
DHAN-ORD-101388,CUST-1749,2026-07-16,NP,NPR,Books,21617.22,2810.24,KHALTI,8,104,3,0,Mobile_App,0,0
DHAN-ORD-101389,CUST-1184,2026-07-19,IN,INR,Kitchen,577.04,103.87,RAZORPAY,1,106,2,0,Mobile_App,0,0
DHAN-ORD-101390,CUST-1808,2026-07-09,NP,NPR,Computers,1154.1,150.03,CONNECT_IPS,2,109,4,0,Mobile_Web,0,0
DHAN-ORD-101391,CUST-1028,2026-07-03,NP,NPR,Electronics,692.86,90.07,CONNECT_IPS,8,81,3,0,Mobile_App,0,1
DHAN-ORD-101392,CUST-1541,2026-07-06,IN,INR,Apparel,1744.8,314.06,RAZORPAY,7,141,3,1,Mobile_App,0,1
DHAN-ORD-101393,CUST-2098,2026-07-23,IN,INR,Apparel,4050.48,729.09,UPI,9,44,5,0,Mobile_Web,0,0
DHAN-ORD-101394,CUST-1253,2026-07-13,AE,AED,Fitness,409.15,20.46,APPLE_PAY,4,146,5,0,Mobile_Web,0,0
DHAN-ORD-101395,CUST-1931,2026-08-22,NP,NPR,Electronics,4386.73,570.27,COD,3,39,4,0,Mobile_App,0,0
DHAN-ORD-101396,CUST-1754,2026-07-17,NP,NPR,Toys,8847.52,1150.18,ESEWA,9,142,7,1,Mobile_App,0,0
DHAN-ORD-101397,CUST-2377,2026-07-09,NP,NPR,Apparel,3632.01,472.16,COD,5,65,7,0,Mobile_App,0,1
DHAN-ORD-101398,CUST-2376,2026-07-29,NP,NPR,Electronics,5877.3,764.05,ESEWA,9,31,2,1,Mobile_App,0,1
DHAN-ORD-101399,CUST-1536,2026-08-06,IN,INR,Beauty,1674.25,301.37,RAZORPAY,9,108,5,0,Desktop,0,0
DHAN-ORD-101400,CUST-2197,2026-07-06,IN,INR,Computers,865.25,155.75,UPI,1,48,3,2,Mobile_App,0,1
DHAN-ORD-101401,CUST-1780,2026-07-06,IN,INR,Beauty,6555.36,1179.96,RAZORPAY,3,69,2,0,Mobile_App,0,0
DHAN-ORD-101402,CUST-2307,2026-07-02,NP,NPR,Festive,940.61,122.28,KHALTI,4,22,1,0,Mobile_Web,0,0
DHAN-ORD-101403,CUST-1760,2026-08-09,IN,INR,Kitchen,2645.75,476.23,RAZORPAY,8,103,2,1,Mobile_App,0,1
DHAN-ORD-101404,CUST-1221,2026-08-02,NP,NPR,Festive,12800.71,1664.09,KHALTI,2,103,4,0,Mobile_Web,0,0
DHAN-ORD-101405,CUST-2382,2026-07-20,IN,INR,Apparel,505.77,91.04,UPI,1,173,7,0,Mobile_App,0,0
DHAN-ORD-101406,CUST-1478,2026-08-25,NP,NPR,Electronics,9669.44,1257.03,KHALTI,3,247,1,0,Mobile_App,0,0
DHAN-ORD-101407,CUST-1965,2026-08-19,NP,NPR,Apparel,2868.36,372.89,KHALTI,6,80,2,0,Mobile_App,0,0
DHAN-ORD-101408,CUST-1051,2026-07-27,NP,NPR,Beauty,4663.11,606.2,ESEWA,1,171,2,0,Desktop,0,0
DHAN-ORD-101409,CUST-2268,2026-08-30,AE,AED,Kitchen,158.28,7.91,APPLE_PAY,5,124,3,0,Mobile_App,0,0
DHAN-ORD-101410,CUST-2149,2026-07-07,NP,NPR,Computers,7265.61,944.53,ESEWA,2,70,2,0,Mobile_App,0,0
DHAN-ORD-101411,CUST-1671,2026-07-04,NP,NPR,Kitchen,10205.84,1326.76,COD,8,37,3,0,Mobile_App,0,1
DHAN-ORD-101412,CUST-2249,2026-07-10,IN,INR,Computers,5500.86,990.15,RAZORPAY,1,199,8,0,Mobile_Web,0,0
DHAN-ORD-101413,CUST-1453,2026-07-02,NP,NPR,Computers,7040.18,915.22,KHALTI,2,143,5,1,Mobile_App,0,0
DHAN-ORD-101414,CUST-2326,2026-07-23,NP,NPR,Kitchen,5558.13,722.56,COD,5,209,8,0,Desktop,0,1
DHAN-ORD-101415,CUST-1129,2026-09-21,NP,NPR,Electronics,800.17,104.02,ESEWA,8,42,5,0,Mobile_App,1,0
DHAN-ORD-101416,CUST-2301,2026-07-02,NP,NPR,Festive,1201.73,156.22,ESEWA,4,25,3,0,Mobile_Web,0,0
DHAN-ORD-101417,CUST-1950,2026-07-04,AE,AED,Kitchen,150.0,7.5,APPLE_PAY,6,34,3,0,Mobile_App,0,0
DHAN-ORD-101418,CUST-2435,2026-07-19,IN,INR,Toys,2315.66,416.82,RAZORPAY,2,82,4,0,Mobile_Web,0,0
DHAN-ORD-101419,CUST-1618,2026-09-20,NP,NPR,Beauty,1884.1,244.93,ESEWA,3,209,8,1,Mobile_Web,1,0
DHAN-ORD-101420,CUST-2329,2026-07-12,AE,AED,Apparel,150.0,7.5,CARD,6,47,2,0,Mobile_App,0,0
DHAN-ORD-101421,CUST-1836,2026-07-22,NP,NPR,Electronics,6917.14,899.23,ESEWA,5,139,2,0,Desktop,0,0
DHAN-ORD-101422,CUST-1238,2026-07-02,NP,NPR,Books,5523.4,718.04,ESEWA,6,48,2,0,Mobile_Web,0,0
DHAN-ORD-101423,CUST-1286,2026-07-05,NP,NPR,Beauty,6357.65,826.49,COD,3,98,1,0,Mobile_App,0,0
DHAN-ORD-101424,CUST-1092,2026-08-09,NP,NPR,Festive,7448.48,968.3,COD,5,90,5,0,Desktop,0,0
DHAN-ORD-101425,CUST-1076,2026-07-11,NP,NPR,Kitchen,352.95,45.88,KHALTI,1,99,2,0,Mobile_App,0,0
DHAN-ORD-101426,CUST-1623,2026-07-01,AE,AED,Computers,286.15,14.31,APPLE_PAY,7,220,2,0,Mobile_App,0,0
DHAN-ORD-101427,CUST-2008,2026-07-01,IN,INR,Apparel,7067.64,1272.18,RAZORPAY,2,100,7,2,Desktop,0,0
DHAN-ORD-101428,CUST-1237,2026-07-31,NP,NPR,Computers,5475.1,711.76,KHALTI,3,141,4,1,Mobile_App,0,0
DHAN-ORD-101429,CUST-1199,2026-08-30,IN,INR,Beauty,4009.99,721.8,UPI,4,16,3,0,Mobile_App,0,0
DHAN-ORD-101430,CUST-1480,2026-07-19,IN,INR,Electronics,849.11,152.84,RAZORPAY,3,69,2,1,Mobile_Web,0,0
DHAN-ORD-101431,CUST-2100,2026-07-22,AE,AED,Apparel,575.87,28.79,CARD,8,33,2,0,Mobile_App,0,0
DHAN-ORD-101432,CUST-1277,2026-07-21,IN,INR,Books,899.69,161.94,COD,8,267,2,0,Mobile_App,0,1
DHAN-ORD-101433,CUST-1795,2026-08-02,NP,NPR,Beauty,962.53,125.13,COD,8,84,3,0,Mobile_App,0,1
DHAN-ORD-101434,CUST-1929,2026-07-05,IN,INR,Fitness,3700.9,666.16,UPI,1,96,4,0,Mobile_App,0,0
DHAN-ORD-101435,CUST-1759,2026-07-01,IN,INR,Beauty,5121.13,921.8,RAZORPAY,9,88,5,1,Mobile_Web,0,0
DHAN-ORD-101436,CUST-2373,2026-07-12,IN,INR,Beauty,1938.38,348.91,CARD,3,187,3,1,Mobile_App,0,1
DHAN-ORD-101437,CUST-2426,2026-08-06,NP,NPR,Festive,2851.17,370.65,COD,7,255,2,0,Mobile_App,0,1
DHAN-ORD-101438,CUST-2106,2026-07-07,NP,NPR,Festive,2158.1,280.55,ESEWA,7,48,2,0,Desktop,0,0
DHAN-ORD-101439,CUST-1858,2026-08-03,NP,NPR,Fitness,1123.12,146.01,COD,7,140,3,0,Mobile_App,0,0
DHAN-ORD-101440,CUST-2202,2026-07-16,NP,NPR,Electronics,843.47,109.65,COD,6,1,2,1,Mobile_App,0,1
DHAN-ORD-101441,CUST-2488,2026-07-03,NP,NPR,Beauty,5046.73,656.07,KHALTI,6,97,0,0,Mobile_App,0,0
DHAN-ORD-101442,CUST-1316,2026-08-03,IN,INR,Electronics,694.14,124.95,RAZORPAY,1,217,2,0,Mobile_Web,0,0
DHAN-ORD-101443,CUST-1849,2026-07-18,NP,NPR,Kitchen,7170.83,932.21,ESEWA,6,203,5,0,Desktop,0,0
DHAN-ORD-101444,CUST-2341,2026-08-30,IN,INR,Beauty,6627.41,1192.93,UPI,3,89,1,0,Mobile_Web,0,0
DHAN-ORD-101445,CUST-1202,2026-07-06,NP,NPR,Festive,2449.08,318.38,KHALTI,1,12,7,2,Mobile_App,0,0
DHAN-ORD-101446,CUST-2002,2026-08-05,AE,AED,Festive,150.0,7.5,APPLE_PAY,6,114,1,0,Mobile_App,0,0
DHAN-ORD-101447,CUST-2260,2026-08-24,NP,NPR,Kitchen,1455.82,189.26,ESEWA,6,169,3,0,Mobile_App,0,0
DHAN-ORD-101448,CUST-1835,2026-09-25,NP,NPR,Computers,17846.7,2320.07,COD,8,12,1,0,Mobile_Web,1,0
DHAN-ORD-101449,CUST-1572,2026-08-04,IN,INR,Festive,1284.57,231.22,COD,6,75,3,0,Mobile_App,0,0
DHAN-ORD-101450,CUST-1067,2026-07-21,IN,INR,Electronics,1135.86,204.45,RAZORPAY,1,76,2,0,Desktop,0,0
DHAN-ORD-101451,CUST-2413,2026-07-29,AE,AED,Apparel,150.0,7.5,APPLE_PAY,6,81,1,0,Mobile_App,0,0
DHAN-ORD-101452,CUST-1758,2026-08-30,NP,NPR,Computers,1103.58,143.47,ESEWA,5,64,4,0,Mobile_App,0,0
DHAN-ORD-101453,CUST-1444,2026-07-26,NP,NPR,Kitchen,365.06,47.46,ESEWA,5,209,4,1,Mobile_Web,0,0
DHAN-ORD-101454,CUST-1908,2026-07-01,AE,AED,Books,1876.47,93.82,CARD,4,76,0,0,Mobile_App,0,0
DHAN-ORD-101455,CUST-1910,2026-09-19,NP,NPR,Computers,6127.59,796.59,COD,7,188,4,0,Mobile_App,1,0
DHAN-ORD-101456,CUST-1483,2026-08-05,IN,INR,Kitchen,11377.81,2048.01,RAZORPAY,1,15,6,0,Mobile_App,0,0
DHAN-ORD-101457,CUST-1742,2026-08-03,NP,NPR,Electronics,7372.57,958.43,ESEWA,1,34,2,1,Mobile_Web,0,1
DHAN-ORD-101458,CUST-1203,2026-07-08,NP,NPR,Festive,3618.84,470.45,KHALTI,9,95,2,1,Desktop,0,1
DHAN-ORD-101459,CUST-2404,2026-08-02,NP,NPR,Festive,7165.77,931.55,ESEWA,1,217,8,0,Mobile_App,0,0
DHAN-ORD-101460,CUST-1752,2026-07-16,NP,NPR,Electronics,20054.52,2607.09,CONNECT_IPS,2,25,0,0,Mobile_App,0,0
DHAN-ORD-101461,CUST-2115,2026-08-01,IN,INR,Computers,1247.18,224.49,COD,5,279,3,1,Mobile_App,0,1
DHAN-ORD-101462,CUST-2320,2026-07-04,AE,AED,Apparel,150.0,7.5,APPLE_PAY,6,119,4,0,Desktop,0,0
DHAN-ORD-101463,CUST-1734,2026-08-02,NP,NPR,Kitchen,927.23,120.54,ESEWA,9,41,8,0,Mobile_Web,0,0
DHAN-ORD-101464,CUST-1124,2026-08-13,IN,INR,Apparel,3712.51,668.25,RAZORPAY,4,138,3,0,Desktop,0,1
DHAN-ORD-101465,CUST-1815,2026-07-02,NP,NPR,Computers,16609.15,2159.19,ESEWA,4,147,2,0,Mobile_App,0,0
DHAN-ORD-101466,CUST-1565,2026-07-24,NP,NPR,Computers,10062.71,1308.15,KHALTI,9,91,2,0,Mobile_App,0,0
DHAN-ORD-101467,CUST-1388,2026-07-16,NP,NPR,Apparel,33671.0,4377.23,CONNECT_IPS,2,100,5,0,Mobile_App,0,0
DHAN-ORD-101468,CUST-1250,2026-08-31,AE,AED,Electronics,150.0,7.5,APPLE_PAY,6,41,3,0,Desktop,0,0
DHAN-ORD-101469,CUST-1931,2026-08-15,IN,INR,Festive,5373.82,967.29,RAZORPAY,9,141,4,1,Desktop,0,0
DHAN-ORD-101470,CUST-1187,2026-07-26,IN,INR,Computers,1180.22,212.44,COD,1,49,7,0,Mobile_App,0,1
DHAN-ORD-101471,CUST-2357,2026-08-10,IN,INR,Electronics,446.24,80.32,UPI,5,32,2,0,Mobile_App,0,0
DHAN-ORD-101472,CUST-1434,2026-09-02,IN,INR,Books,9761.13,1757.0,UPI,5,37,2,0,Mobile_App,1,0
DHAN-ORD-101473,CUST-2314,2026-07-16,AE,AED,Kitchen,150.0,7.5,CARD,6,30,4,0,Mobile_Web,0,0
DHAN-ORD-101474,CUST-2309,2026-07-12,IN,INR,Apparel,3780.72,680.53,UPI,9,71,4,0,Mobile_App,0,0
DHAN-ORD-101475,CUST-2222,2026-08-03,AE,AED,Electronics,150.0,7.5,CARD,6,269,4,0,Mobile_App,0,0
DHAN-ORD-101476,CUST-1043,2026-08-19,NP,NPR,Apparel,4816.58,626.16,ESEWA,1,165,1,0,Mobile_App,0,0
DHAN-ORD-101477,CUST-1103,2026-08-13,NP,NPR,Toys,7463.57,970.26,ESEWA,2,84,5,0,Mobile_Web,0,0
DHAN-ORD-101478,CUST-1683,2026-08-17,NP,NPR,Electronics,4391.72,570.92,COD,8,227,2,0,Mobile_App,0,1
DHAN-ORD-101479,CUST-1498,2026-07-18,NP,NPR,Festive,734.07,95.43,COD,5,203,3,2,Mobile_App,0,0
DHAN-ORD-101480,CUST-1257,2026-08-21,IN,INR,Apparel,4537.66,816.78,UPI,1,79,3,1,Mobile_App,0,1
DHAN-ORD-101481,CUST-2156,2026-07-04,NP,NPR,Kitchen,30633.18,3982.31,ESEWA,6,126,0,0,Mobile_App,0,1
DHAN-ORD-101482,CUST-1420,2026-07-24,IN,INR,Apparel,2206.85,397.23,RAZORPAY,1,36,5,0,Mobile_App,0,0
DHAN-ORD-101483,CUST-1140,2026-07-01,NP,NPR,Apparel,12810.13,1665.32,KHALTI,3,72,2,0,Mobile_App,0,0
DHAN-ORD-101484,CUST-2135,2026-07-12,NP,NPR,Electronics,8561.62,1113.01,CONNECT_IPS,2,117,2,0,Desktop,0,0
DHAN-ORD-101485,CUST-1424,2026-07-14,NP,NPR,Kitchen,5332.37,693.21,ESEWA,4,144,5,1,Mobile_App,0,0
DHAN-ORD-101486,CUST-2200,2026-07-16,AE,AED,Kitchen,645.73,32.29,CARD,6,253,6,0,Mobile_App,0,0
DHAN-ORD-101487,CUST-1442,2026-08-05,NP,NPR,Kitchen,7205.01,936.65,ESEWA,5,31,4,0,Mobile_App,0,0
DHAN-ORD-101488,CUST-1477,2026-07-15,NP,NPR,Toys,2582.62,335.74,COD,8,154,3,0,Mobile_App,0,0
DHAN-ORD-101489,CUST-1672,2026-07-18,IN,INR,Beauty,10713.89,1928.5,RAZORPAY,3,199,8,1,Mobile_App,0,0
DHAN-ORD-101490,CUST-1302,2026-07-09,IN,INR,Books,1998.74,359.77,UPI,9,262,5,0,Mobile_Web,0,0
DHAN-ORD-101491,CUST-2220,2026-07-15,NP,NPR,Electronics,12750.52,1657.57,ESEWA,6,63,7,2,Desktop,0,0
DHAN-ORD-101492,CUST-1005,2026-07-08,NP,NPR,Kitchen,979.61,127.35,KHALTI,7,135,3,0,Mobile_App,0,0
DHAN-ORD-101493,CUST-1567,2026-07-03,NP,NPR,Fitness,23907.17,3107.93,COD,3,85,2,0,Mobile_App,0,0
DHAN-ORD-101494,CUST-1296,2026-07-28,AE,AED,Beauty,150.0,7.5,COD,6,180,7,0,Desktop,0,1
DHAN-ORD-101495,CUST-1266,2026-08-03,NP,NPR,Beauty,8097.64,1052.69,ESEWA,6,43,2,0,Mobile_App,0,0
DHAN-ORD-101496,CUST-2106,2026-07-29,NP,NPR,Computers,1708.52,222.11,ESEWA,7,70,4,0,Mobile_App,0,0
DHAN-ORD-101497,CUST-1513,2026-07-19,NP,NPR,Kitchen,12376.89,1609.0,CONNECT_IPS,1,74,4,0,Mobile_Web,0,0
DHAN-ORD-101498,CUST-1357,2026-07-15,NP,NPR,Electronics,2383.05,309.8,KHALTI,7,329,3,0,Desktop,0,0
DHAN-ORD-101499,CUST-1225,2026-08-29,IN,INR,Books,283.59,51.05,COD,4,232,2,0,Mobile_Web,0,0
DHAN-ORD-101500,CUST-2353,2026-07-22,NP,NPR,Electronics,25603.29,3328.43,ESEWA,7,94,4,0,Mobile_App,0,0
DHAN-ORD-101501,CUST-1052,2026-07-20,NP,NPR,Festive,9078.17,1180.16,ESEWA,6,309,4,0,Mobile_Web,0,0
DHAN-ORD-101502,CUST-1269,2026-07-01,NP,NPR,Apparel,963.6,125.27,KHALTI,9,164,1,0,Mobile_App,0,0
DHAN-ORD-101503,CUST-1030,2026-07-13,NP,NPR,Kitchen,7193.19,935.11,COD,2,44,6,1,Mobile_App,0,0
DHAN-ORD-101504,CUST-1733,2026-07-15,NP,NPR,Beauty,7115.82,925.06,ESEWA,5,88,2,1,Mobile_App,0,0
DHAN-ORD-101505,CUST-1487,2026-07-16,IN,INR,Festive,4339.02,781.02,RAZORPAY,1,139,3,0,Mobile_Web,0,1
DHAN-ORD-101506,CUST-2205,2026-07-27,IN,INR,Festive,462.61,83.27,UPI,3,365,5,1,Mobile_Web,0,0
DHAN-ORD-101507,CUST-1663,2026-07-23,AE,AED,Electronics,175.41,8.77,CARD,4,102,1,0,Mobile_App,0,0
DHAN-ORD-101508,CUST-1032,2026-07-29,IN,INR,Kitchen,9980.31,1796.46,COD,8,50,7,0,Mobile_App,0,0
DHAN-ORD-101509,CUST-1356,2026-08-13,IN,INR,Kitchen,4180.73,752.53,UPI,4,137,5,0,Mobile_App,0,0
DHAN-ORD-101510,CUST-1543,2026-08-20,NP,NPR,Computers,1278.85,166.25,COD,9,29,4,0,Mobile_App,0,0
DHAN-ORD-101511,CUST-1107,2026-08-07,IN,INR,Apparel,6253.23,1125.58,UPI,7,53,1,0,Mobile_App,0,0
DHAN-ORD-101512,CUST-1259,2026-07-04,IN,INR,Festive,11643.45,2095.82,UPI,6,140,3,0,Mobile_App,0,0
DHAN-ORD-101513,CUST-1862,2026-07-01,IN,INR,Kitchen,2333.29,419.99,COD,2,96,7,0,Mobile_App,0,0
DHAN-ORD-101514,CUST-2077,2026-07-07,NP,NPR,Toys,3470.32,451.14,COD,5,76,3,1,Mobile_Web,0,1
DHAN-ORD-101515,CUST-1232,2026-07-01,NP,NPR,Apparel,695.23,90.38,COD,2,139,1,0,Mobile_Web,0,1
DHAN-ORD-101516,CUST-1130,2026-08-01,IN,INR,Kitchen,3881.13,698.6,RAZORPAY,2,107,2,2,Mobile_Web,0,0
DHAN-ORD-101517,CUST-1975,2026-09-07,IN,INR,Computers,2513.62,452.45,RAZORPAY,2,474,2,0,Desktop,1,0
DHAN-ORD-101518,CUST-1918,2026-07-09,AE,AED,Apparel,150.0,7.5,COD,6,135,1,0,Mobile_App,0,0
DHAN-ORD-101519,CUST-1741,2026-09-17,NP,NPR,Festive,2253.69,292.98,COD,3,118,4,1,Mobile_App,1,0
DHAN-ORD-101520,CUST-2051,2026-07-02,NP,NPR,Apparel,4545.68,590.94,ESEWA,9,96,3,0,Mobile_App,0,0
DHAN-ORD-101521,CUST-2215,2026-09-20,NP,NPR,Computers,16361.05,2126.94,CONNECT_IPS,8,20,1,0,Mobile_Web,1,0
DHAN-ORD-101522,CUST-1223,2026-07-13,IN,INR,Electronics,2915.46,524.78,RAZORPAY,8,74,4,2,Mobile_App,0,1
DHAN-ORD-101523,CUST-1925,2026-07-04,NP,NPR,Computers,10326.86,1342.49,ESEWA,3,65,0,0,Mobile_App,0,0
DHAN-ORD-101524,CUST-2031,2026-07-20,NP,NPR,Apparel,5898.19,766.76,COD,3,159,3,1,Mobile_App,0,1
DHAN-ORD-101525,CUST-1453,2026-07-09,AE,AED,Toys,180.44,9.02,APPLE_PAY,9,93,4,0,Desktop,0,0
DHAN-ORD-101526,CUST-2259,2026-07-11,NP,NPR,Computers,2511.17,326.45,ESEWA,9,423,3,0,Mobile_App,0,0
DHAN-ORD-101527,CUST-1088,2026-07-12,IN,INR,Festive,1531.63,275.69,COD,1,241,2,0,Mobile_App,0,0
DHAN-ORD-101528,CUST-2489,2026-08-18,NP,NPR,Apparel,3552.29,461.8,ESEWA,6,78,3,0,Mobile_Web,0,0
DHAN-ORD-101529,CUST-2349,2026-07-24,IN,INR,Apparel,3311.94,596.15,UPI,8,217,4,0,Desktop,0,1
DHAN-ORD-101530,CUST-2067,2026-07-12,IN,INR,Books,1801.6,324.29,UPI,1,171,7,1,Mobile_Web,0,0
DHAN-ORD-101531,CUST-1617,2026-07-29,AE,AED,Computers,292.33,14.62,APPLE_PAY,4,283,3,0,Mobile_App,0,0
DHAN-ORD-101532,CUST-1938,2026-08-07,AE,AED,Festive,162.6,8.13,APPLE_PAY,9,647,4,0,Mobile_Web,0,0
DHAN-ORD-101533,CUST-2317,2026-07-10,NP,NPR,Computers,4803.69,624.48,KHALTI,6,89,2,0,Mobile_App,0,0
DHAN-ORD-101534,CUST-1063,2026-07-17,NP,NPR,Kitchen,4550.12,591.52,KHALTI,5,90,2,0,Desktop,0,0
DHAN-ORD-101535,CUST-1124,2026-07-04,NP,NPR,Festive,5849.83,760.48,COD,8,51,1,0,Mobile_Web,0,0
DHAN-ORD-101536,CUST-1980,2026-07-06,IN,INR,Festive,5711.95,1028.15,COD,5,178,4,0,Mobile_Web,0,0
DHAN-ORD-101537,CUST-1822,2026-08-04,IN,INR,Beauty,643.79,115.88,RAZORPAY,4,380,2,0,Mobile_App,0,0
DHAN-ORD-101538,CUST-1873,2026-07-07,NP,NPR,Apparel,12891.97,1675.96,ESEWA,3,52,6,0,Mobile_App,0,0
DHAN-ORD-101539,CUST-2405,2026-07-23,IN,INR,Apparel,488.51,87.93,COD,2,144,0,0,Mobile_App,0,1
DHAN-ORD-101540,CUST-1221,2026-08-07,NP,NPR,Festive,8487.66,1103.4,COD,9,86,3,0,Mobile_App,0,1
DHAN-ORD-101541,CUST-2004,2026-07-04,IN,INR,Computers,4034.55,726.22,RAZORPAY,2,96,3,1,Mobile_Web,0,1
DHAN-ORD-101542,CUST-2458,2026-07-26,AE,AED,Fitness,309.03,15.45,APPLE_PAY,3,48,2,0,Mobile_App,0,0
DHAN-ORD-101543,CUST-1908,2026-07-09,NP,NPR,Beauty,9139.11,1188.08,ESEWA,4,101,4,0,Mobile_App,0,0
DHAN-ORD-101544,CUST-1150,2026-07-09,NP,NPR,Beauty,8710.16,1132.32,ESEWA,7,73,1,0,Desktop,0,0
DHAN-ORD-101545,CUST-1165,2026-07-20,NP,NPR,Kitchen,15338.6,1994.02,COD,2,67,3,1,Mobile_App,0,1
DHAN-ORD-101546,CUST-1659,2026-08-19,IN,INR,Beauty,2032.51,365.85,UPI,7,265,2,0,Mobile_App,0,0
DHAN-ORD-101547,CUST-2245,2026-07-24,NP,NPR,Books,26837.45,3488.87,KHALTI,8,91,2,0,Desktop,0,0
DHAN-ORD-101548,CUST-1303,2026-07-02,NP,NPR,Beauty,1501.59,195.21,ESEWA,7,13,6,0,Mobile_App,0,0
DHAN-ORD-101549,CUST-1134,2026-07-31,NP,NPR,Books,4550.01,591.5,ESEWA,5,246,3,0,Mobile_App,0,0
DHAN-ORD-101550,CUST-1258,2026-07-01,NP,NPR,Electronics,597.59,77.69,KHALTI,3,79,4,0,Mobile_App,0,1
DHAN-ORD-101551,CUST-1563,2026-07-28,NP,NPR,Toys,637.34,82.85,ESEWA,7,53,2,0,Mobile_Web,0,0
DHAN-ORD-101552,CUST-2278,2026-08-21,IN,INR,Fitness,1432.99,257.94,RAZORPAY,1,102,3,0,Mobile_App,0,0
DHAN-ORD-101553,CUST-2296,2026-09-03,NP,NPR,Apparel,955.59,124.23,KHALTI,1,51,4,1,Mobile_App,1,0
DHAN-ORD-101554,CUST-2198,2026-07-08,IN,INR,Apparel,2563.39,461.41,RAZORPAY,7,72,3,0,Mobile_Web,0,0
DHAN-ORD-101555,CUST-2123,2026-07-08,IN,INR,Apparel,9433.6,1698.05,UPI,1,130,3,0,Mobile_App,0,0
DHAN-ORD-101556,CUST-2458,2026-07-29,NP,NPR,Festive,9891.9,1285.95,ESEWA,9,184,5,0,Mobile_App,0,0
DHAN-ORD-101557,CUST-1665,2026-07-16,NP,NPR,Festive,9637.65,1252.89,ESEWA,7,420,3,0,Mobile_Web,0,0
DHAN-ORD-101558,CUST-1780,2026-08-24,IN,INR,Computers,3233.91,582.1,UPI,2,197,2,0,Mobile_App,0,1
DHAN-ORD-101559,CUST-2223,2026-09-08,AE,AED,Festive,446.6,22.33,APPLE_PAY,5,111,5,0,Mobile_App,1,0
DHAN-ORD-101560,CUST-2086,2026-07-14,NP,NPR,Kitchen,940.44,122.26,ESEWA,4,174,2,1,Mobile_App,0,0
DHAN-ORD-101561,CUST-1603,2026-07-09,NP,NPR,Electronics,475.66,61.84,ESEWA,7,203,0,0,Mobile_App,0,0
DHAN-ORD-101562,CUST-1929,2026-08-15,NP,NPR,Festive,7621.4,990.78,ESEWA,7,34,9,0,Mobile_Web,0,0
DHAN-ORD-101563,CUST-2035,2026-07-10,IN,INR,Kitchen,4602.96,828.53,RAZORPAY,3,48,5,0,Mobile_Web,0,0
DHAN-ORD-101564,CUST-2239,2026-08-21,NP,NPR,Fitness,4636.85,602.79,KHALTI,1,87,1,0,Mobile_Web,0,0
DHAN-ORD-101565,CUST-1881,2026-07-17,NP,NPR,Electronics,3702.88,481.37,ESEWA,3,61,4,0,Mobile_App,0,0
DHAN-ORD-101566,CUST-1203,2026-08-03,IN,INR,Computers,1181.91,212.74,COD,2,42,2,0,Mobile_App,0,0
DHAN-ORD-101567,CUST-2437,2026-07-04,IN,INR,Beauty,2207.66,397.38,COD,2,59,3,0,Mobile_Web,0,0
DHAN-ORD-101568,CUST-1234,2026-07-30,NP,NPR,Computers,5022.07,652.87,COD,9,191,3,0,Mobile_App,0,0
DHAN-ORD-101569,CUST-2340,2026-07-19,NP,NPR,Toys,6192.71,805.05,ESEWA,9,131,4,0,Mobile_App,0,1
DHAN-ORD-101570,CUST-2333,2026-07-27,IN,INR,Electronics,1580.55,284.5,UPI,5,361,6,1,Desktop,0,0
DHAN-ORD-101571,CUST-2129,2026-07-06,NP,NPR,Kitchen,399.81,51.98,ESEWA,3,159,5,0,Mobile_Web,0,0
DHAN-ORD-101572,CUST-2476,2026-08-10,NP,NPR,Computers,4355.64,566.23,KHALTI,8,56,7,0,Mobile_App,0,0
DHAN-ORD-101573,CUST-1440,2026-08-29,IN,INR,Electronics,2629.93,473.39,UPI,1,88,4,0,Desktop,0,0
DHAN-ORD-101574,CUST-1880,2026-07-08,NP,NPR,Fitness,1123.89,146.11,ESEWA,7,129,2,0,Mobile_App,0,0
DHAN-ORD-101575,CUST-1924,2026-07-04,IN,INR,Electronics,2087.7,375.79,UPI,8,61,6,0,Desktop,0,0
DHAN-ORD-101576,CUST-1467,2026-07-01,AE,AED,Apparel,538.56,26.93,CARD,7,151,3,0,Mobile_App,0,0
DHAN-ORD-101577,CUST-1847,2026-07-31,NP,NPR,Festive,482.43,62.72,ESEWA,5,30,4,0,Mobile_App,0,0
DHAN-ORD-101578,CUST-1694,2026-07-29,NP,NPR,Apparel,5957.46,774.47,ESEWA,8,101,1,0,Desktop,0,0
DHAN-ORD-101579,CUST-1928,2026-07-24,IN,INR,Fitness,226.53,40.78,UPI,1,46,6,0,Mobile_Web,0,0
DHAN-ORD-101580,CUST-1816,2026-07-08,IN,INR,Computers,1873.72,337.27,UPI,1,112,4,2,Mobile_Web,0,0
DHAN-ORD-101581,CUST-1851,2026-07-15,AE,AED,Electronics,207.3,10.37,CARD,9,61,3,0,Desktop,0,0
DHAN-ORD-101582,CUST-2494,2026-07-28,IN,INR,Festive,5739.5,1033.11,RAZORPAY,6,451,3,1,Mobile_App,0,0
DHAN-ORD-101583,CUST-1194,2026-07-21,NP,NPR,Toys,2532.47,329.22,KHALTI,3,28,3,0,Desktop,0,0
DHAN-ORD-101584,CUST-1640,2026-08-12,IN,INR,Apparel,3582.42,644.84,COD,9,99,4,0,Mobile_App,0,0
DHAN-ORD-101585,CUST-1874,2026-07-05,NP,NPR,Apparel,4219.61,548.55,COD,7,191,8,0,Mobile_App,0,1
DHAN-ORD-101586,CUST-1640,2026-08-05,NP,NPR,Kitchen,3159.92,410.79,ESEWA,9,57,4,0,Mobile_App,0,1
DHAN-ORD-101587,CUST-2362,2026-07-16,NP,NPR,Computers,657.37,85.46,ESEWA,9,31,5,1,Desktop,0,0
DHAN-ORD-101588,CUST-1522,2026-07-17,NP,NPR,Fitness,4069.38,529.02,COD,1,162,3,0,Mobile_App,0,0
DHAN-ORD-101589,CUST-1766,2026-08-07,IN,INR,Apparel,823.84,148.29,UPI,4,77,6,0,Mobile_App,0,0
DHAN-ORD-101590,CUST-1312,2026-08-05,NP,NPR,Beauty,2783.69,361.88,KHALTI,2,171,5,0,Mobile_Web,0,0
DHAN-ORD-101591,CUST-2406,2026-08-22,NP,NPR,Festive,20756.66,2698.37,COD,2,130,4,0,Desktop,0,1
DHAN-ORD-101592,CUST-1971,2026-07-05,NP,NPR,Kitchen,1088.98,141.57,ESEWA,8,189,3,1,Mobile_App,0,1
DHAN-ORD-101593,CUST-1137,2026-07-04,IN,INR,Electronics,4342.69,781.68,RAZORPAY,4,97,2,1,Mobile_App,0,1
DHAN-ORD-101594,CUST-1186,2026-08-08,IN,INR,Festive,857.86,154.41,RAZORPAY,2,127,3,0,Mobile_App,0,0
DHAN-ORD-101595,CUST-1174,2026-07-26,NP,NPR,Fitness,14656.93,1905.4,CONNECT_IPS,4,96,3,2,Mobile_Web,0,1
DHAN-ORD-101596,CUST-1190,2026-07-10,NP,NPR,Beauty,5515.65,717.03,ESEWA,7,100,3,0,Mobile_App,0,1
DHAN-ORD-101597,CUST-1884,2026-07-03,NP,NPR,Computers,7821.05,1016.74,ESEWA,9,44,3,0,Mobile_Web,0,0
DHAN-ORD-101598,CUST-1197,2026-07-03,AE,AED,Electronics,150.0,7.5,CARD,6,137,4,0,Mobile_App,0,0
DHAN-ORD-101599,CUST-1763,2026-09-06,IN,INR,Apparel,2039.19,367.05,CARD,5,66,4,0,Mobile_App,1,0
DHAN-ORD-101600,CUST-1266,2026-07-07,NP,NPR,Kitchen,2589.89,336.69,ESEWA,6,123,3,1,Mobile_App,0,0
DHAN-ORD-101601,CUST-2139,2026-07-12,IN,INR,Festive,2018.61,363.35,RAZORPAY,2,332,2,0,Mobile_App,0,0
DHAN-ORD-101602,CUST-1122,2026-07-08,NP,NPR,Books,998.14,129.76,COD,8,28,3,1,Mobile_App,0,1
DHAN-ORD-101603,CUST-2201,2026-07-14,IN,INR,Fitness,846.25,152.32,CARD,9,72,2,0,Desktop,0,0
DHAN-ORD-101604,CUST-2150,2026-07-03,NP,NPR,Kitchen,26476.7,3441.97,KHALTI,7,146,1,0,Mobile_App,0,0
DHAN-ORD-101605,CUST-2150,2026-07-22,NP,NPR,Fitness,5090.78,661.8,COD,5,80,4,0,Mobile_Web,0,1
DHAN-ORD-101606,CUST-1675,2026-07-03,NP,NPR,Kitchen,21610.14,2809.32,KHALTI,1,132,1,0,Mobile_App,0,0
DHAN-ORD-101607,CUST-2372,2026-08-18,NP,NPR,Electronics,1733.05,225.3,COD,5,32,4,2,Mobile_App,0,0
DHAN-ORD-101608,CUST-1250,2026-07-08,AE,AED,Computers,243.38,12.17,CARD,9,12,2,0,Mobile_App,0,0
DHAN-ORD-101609,CUST-1841,2026-07-24,NP,NPR,Kitchen,1058.99,137.67,KHALTI,5,23,5,0,Mobile_App,0,0
DHAN-ORD-101610,CUST-1724,2026-09-02,IN,INR,Festive,7712.99,1388.34,UPI,8,34,2,0,Desktop,1,0
DHAN-ORD-101611,CUST-2362,2026-08-01,IN,INR,Electronics,1895.37,341.17,RAZORPAY,5,22,1,0,Mobile_App,0,0
DHAN-ORD-101612,CUST-1866,2026-07-23,NP,NPR,Electronics,4096.0,532.48,COD,1,6,2,0,Mobile_Web,0,1
DHAN-ORD-101613,CUST-2476,2026-07-12,NP,NPR,Books,5711.76,742.53,KHALTI,5,136,4,0,Desktop,0,0
DHAN-ORD-101614,CUST-1105,2026-07-13,NP,NPR,Computers,1087.29,141.35,COD,7,87,3,0,Mobile_App,0,1
DHAN-ORD-101615,CUST-1589,2026-08-03,IN,INR,Fitness,12307.82,2215.41,UPI,4,12,5,1,Mobile_App,0,0
DHAN-ORD-101616,CUST-2229,2026-09-03,NP,NPR,Electronics,2862.85,372.17,ESEWA,9,30,4,1,Mobile_App,1,0
DHAN-ORD-101617,CUST-1639,2026-08-02,NP,NPR,Computers,5283.46,686.85,ESEWA,9,179,3,0,Mobile_Web,0,0
DHAN-ORD-101618,CUST-1720,2026-07-25,NP,NPR,Festive,6887.48,895.37,CONNECT_IPS,2,353,4,1,Mobile_App,0,0
DHAN-ORD-101619,CUST-1212,2026-08-09,IN,INR,Computers,1083.99,195.12,COD,3,64,7,1,Desktop,0,0
DHAN-ORD-101620,CUST-2183,2026-07-19,NP,NPR,Apparel,3651.66,474.72,ESEWA,6,53,5,0,Mobile_App,0,0
DHAN-ORD-101621,CUST-2039,2026-07-02,NP,NPR,Electronics,8235.15,1070.57,ESEWA,9,47,2,0,Mobile_App,0,0
DHAN-ORD-101622,CUST-1435,2026-07-25,NP,NPR,Computers,1478.97,192.27,ESEWA,2,189,3,0,Mobile_App,0,0
DHAN-ORD-101623,CUST-1316,2026-07-05,NP,NPR,Computers,2376.71,308.97,COD,9,197,4,0,Mobile_Web,0,1
DHAN-ORD-101624,CUST-2344,2026-07-06,IN,INR,Computers,1637.92,294.83,UPI,8,69,2,0,Mobile_App,0,0
DHAN-ORD-101625,CUST-1987,2026-08-05,NP,NPR,Computers,949.71,123.46,COD,4,42,6,1,Mobile_App,0,1
DHAN-ORD-101626,CUST-1459,2026-07-07,IN,INR,Toys,1917.84,345.21,UPI,9,52,4,1,Mobile_App,0,0
DHAN-ORD-101627,CUST-1221,2026-07-24,IN,INR,Beauty,1389.85,250.17,COD,3,194,3,1,Mobile_Web,0,0
DHAN-ORD-101628,CUST-1717,2026-07-04,IN,INR,Kitchen,1540.25,277.25,RAZORPAY,1,44,2,0,Mobile_App,0,0
DHAN-ORD-101629,CUST-2139,2026-07-18,IN,INR,Kitchen,1065.6,191.81,RAZORPAY,3,80,6,0,Mobile_Web,0,0
DHAN-ORD-101630,CUST-1752,2026-08-12,NP,NPR,Festive,10315.73,1341.04,KHALTI,1,85,1,0,Mobile_App,0,0
DHAN-ORD-101631,CUST-1235,2026-07-13,NP,NPR,Festive,4193.56,545.16,KHALTI,8,120,3,0,Mobile_Web,0,0
DHAN-ORD-101632,CUST-1570,2026-08-02,IN,INR,Toys,814.95,146.69,COD,4,156,3,0,Mobile_Web,0,1
DHAN-ORD-101633,CUST-2175,2026-08-17,NP,NPR,Festive,14103.29,1833.43,KHALTI,9,280,2,1,Mobile_Web,0,0
DHAN-ORD-101634,CUST-1463,2026-09-17,IN,INR,Electronics,4375.03,787.51,UPI,1,113,2,0,Mobile_App,1,0
DHAN-ORD-101635,CUST-1878,2026-07-09,NP,NPR,Kitchen,3269.22,425.0,KHALTI,2,24,4,0,Mobile_App,0,0
DHAN-ORD-101636,CUST-2148,2026-07-16,AE,AED,Apparel,150.0,7.5,CARD,6,66,2,1,Desktop,0,1
DHAN-ORD-101637,CUST-2273,2026-07-05,IN,INR,Apparel,847.03,152.47,RAZORPAY,1,21,1,0,Mobile_App,0,0
DHAN-ORD-101638,CUST-2256,2026-08-26,NP,NPR,Beauty,842.11,109.47,COD,5,170,1,0,Mobile_App,0,0
DHAN-ORD-101639,CUST-2382,2026-09-17,NP,NPR,Kitchen,978.43,127.2,COD,6,23,5,0,Mobile_App,1,0
DHAN-ORD-101640,CUST-2316,2026-07-24,IN,INR,Books,4729.75,851.36,UPI,4,106,3,0,Desktop,0,0
DHAN-ORD-101641,CUST-2140,2026-08-25,IN,INR,Festive,2647.37,476.53,UPI,1,293,1,0,Desktop,0,0
DHAN-ORD-101642,CUST-1053,2026-07-23,NP,NPR,Kitchen,21022.48,2732.92,KHALTI,7,11,3,0,Mobile_App,0,0
DHAN-ORD-101643,CUST-2247,2026-07-30,IN,INR,Toys,971.98,174.96,UPI,8,84,4,1,Mobile_Web,0,0
DHAN-ORD-101644,CUST-2347,2026-07-03,NP,NPR,Electronics,1720.27,223.64,KHALTI,1,27,6,1,Mobile_App,0,0
DHAN-ORD-101645,CUST-2420,2026-08-12,NP,NPR,Computers,2207.89,287.03,ESEWA,2,106,2,0,Mobile_App,0,0
DHAN-ORD-101646,CUST-1547,2026-07-05,IN,INR,Kitchen,3972.61,715.07,UPI,3,162,2,0,Desktop,0,1
DHAN-ORD-101647,CUST-1059,2026-08-22,IN,INR,Kitchen,1104.1,198.74,UPI,6,46,1,0,Mobile_Web,0,0
DHAN-ORD-101648,CUST-1369,2026-08-15,IN,INR,Computers,3113.35,560.4,RAZORPAY,8,52,5,1,Mobile_App,0,0
DHAN-ORD-101649,CUST-1559,2026-08-07,IN,INR,Fitness,887.64,159.78,UPI,5,178,2,0,Desktop,0,0
DHAN-ORD-101650,CUST-2439,2026-07-02,NP,NPR,Kitchen,1751.56,227.7,KHALTI,5,82,2,0,Mobile_App,0,0
DHAN-ORD-101651,CUST-1632,2026-07-11,IN,INR,Apparel,2702.4,486.43,COD,2,125,5,0,Mobile_Web,0,1
DHAN-ORD-101652,CUST-1695,2026-07-10,NP,NPR,Computers,4052.29,526.8,ESEWA,2,187,3,0,Mobile_Web,0,0
DHAN-ORD-101653,CUST-1718,2026-07-14,NP,NPR,Electronics,1079.11,140.28,COD,8,56,2,0,Mobile_App,0,0
DHAN-ORD-101654,CUST-1012,2026-07-03,NP,NPR,Festive,8788.62,1142.52,KHALTI,4,230,3,1,Desktop,0,1
DHAN-ORD-101655,CUST-1371,2026-09-21,NP,NPR,Apparel,6473.23,841.52,ESEWA,2,81,1,1,Mobile_App,1,0
DHAN-ORD-101656,CUST-1293,2026-07-25,NP,NPR,Books,756.45,98.34,COD,9,7,7,0,Desktop,0,0
DHAN-ORD-101657,CUST-2159,2026-07-11,NP,NPR,Books,21342.62,2774.54,COD,3,361,8,0,Mobile_App,0,1
DHAN-ORD-101658,CUST-2346,2026-07-16,NP,NPR,Kitchen,17758.72,2308.63,KHALTI,1,71,1,0,Desktop,0,0
DHAN-ORD-101659,CUST-1820,2026-07-18,NP,NPR,Electronics,6631.55,862.1,KHALTI,7,50,6,0,Desktop,0,0
DHAN-ORD-101660,CUST-1142,2026-07-28,IN,INR,Festive,1041.58,187.48,RAZORPAY,6,71,3,0,Mobile_Web,0,0
DHAN-ORD-101661,CUST-1290,2026-07-22,NP,NPR,Books,1005.62,130.73,ESEWA,6,125,6,2,Desktop,0,0
DHAN-ORD-101662,CUST-2296,2026-09-14,NP,NPR,Apparel,1860.15,241.82,KHALTI,6,111,5,1,Mobile_App,1,0
DHAN-ORD-101663,CUST-1062,2026-07-21,IN,INR,Fitness,6862.64,1235.28,UPI,4,103,4,1,Desktop,0,1
DHAN-ORD-101664,CUST-1187,2026-08-25,IN,INR,Fitness,1755.24,315.94,CARD,9,50,10,1,Mobile_App,0,0
DHAN-ORD-101665,CUST-2086,2026-08-27,IN,INR,Kitchen,7586.43,1365.56,RAZORPAY,8,89,3,0,Mobile_App,0,0
DHAN-ORD-101666,CUST-1440,2026-07-08,NP,NPR,Apparel,871.62,113.31,ESEWA,7,316,8,0,Mobile_App,0,0
DHAN-ORD-101667,CUST-1770,2026-09-19,IN,INR,Festive,5214.36,938.58,UPI,3,124,3,0,Mobile_App,1,1
DHAN-ORD-101668,CUST-1859,2026-07-04,NP,NPR,Apparel,388.67,50.53,ESEWA,1,251,5,1,Mobile_App,0,0
DHAN-ORD-101669,CUST-1929,2026-08-21,NP,NPR,Computers,8568.05,1113.85,COD,9,169,5,1,Mobile_Web,0,0
DHAN-ORD-101670,CUST-1698,2026-07-15,NP,NPR,Kitchen,1374.0,178.62,KHALTI,6,46,2,2,Mobile_App,0,0
DHAN-ORD-101671,CUST-1322,2026-09-02,IN,INR,Computers,2604.31,468.78,COD,3,165,8,0,Mobile_App,1,0
DHAN-ORD-101672,CUST-1757,2026-08-30,NP,NPR,Electronics,10104.57,1313.59,COD,6,43,6,0,Mobile_App,0,0
DHAN-ORD-101673,CUST-1638,2026-08-19,NP,NPR,Festive,35375.57,4598.82,KHALTI,5,47,3,0,Mobile_Web,0,0
DHAN-ORD-101674,CUST-2477,2026-08-16,NP,NPR,Computers,15418.69,2004.43,CONNECT_IPS,1,117,1,0,Mobile_App,0,0
DHAN-ORD-101675,CUST-1664,2026-07-11,IN,INR,Electronics,897.01,161.46,UPI,6,73,6,0,Mobile_App,0,0
DHAN-ORD-101676,CUST-2162,2026-07-03,IN,INR,Electronics,5073.81,913.29,RAZORPAY,6,21,1,0,Mobile_App,0,0
DHAN-ORD-101677,CUST-2221,2026-07-16,NP,NPR,Apparel,45971.13,5976.25,KHALTI,8,37,1,0,Mobile_App,0,0
DHAN-ORD-101678,CUST-1173,2026-07-06,IN,INR,Beauty,1603.18,288.57,UPI,1,110,8,0,Desktop,0,0
DHAN-ORD-101679,CUST-1107,2026-08-05,NP,NPR,Electronics,5676.45,737.94,ESEWA,6,40,9,0,Mobile_Web,0,0
DHAN-ORD-101680,CUST-1318,2026-07-13,IN,INR,Electronics,4768.0,858.24,UPI,7,83,1,1,Mobile_Web,0,0
DHAN-ORD-101681,CUST-1322,2026-07-22,NP,NPR,Electronics,4040.96,525.32,ESEWA,8,133,4,0,Mobile_App,0,0
DHAN-ORD-101682,CUST-2265,2026-07-31,IN,INR,Beauty,2855.65,514.02,COD,2,70,6,1,Mobile_App,0,0
DHAN-ORD-101683,CUST-1101,2026-08-21,NP,NPR,Electronics,1589.68,206.66,ESEWA,5,35,2,0,Mobile_App,0,0
DHAN-ORD-101684,CUST-2380,2026-07-05,IN,INR,Books,618.42,111.32,RAZORPAY,6,115,4,0,Mobile_App,0,0
DHAN-ORD-101685,CUST-1167,2026-08-29,NP,NPR,Beauty,1128.01,146.64,CONNECT_IPS,3,42,4,0,Mobile_App,0,0
DHAN-ORD-101686,CUST-1557,2026-09-15,NP,NPR,Computers,1664.35,216.37,ESEWA,8,198,9,2,Mobile_Web,1,0
DHAN-ORD-101687,CUST-1907,2026-07-21,NP,NPR,Toys,2286.78,297.28,KHALTI,9,48,3,0,Mobile_App,0,0
DHAN-ORD-101688,CUST-2355,2026-07-28,NP,NPR,Electronics,4856.17,631.3,KHALTI,5,219,3,0,Mobile_App,0,0
DHAN-ORD-101689,CUST-1868,2026-08-13,NP,NPR,Apparel,11020.8,1432.7,ESEWA,4,140,5,0,Mobile_Web,0,0
DHAN-ORD-101690,CUST-1994,2026-07-06,IN,INR,Electronics,3426.62,616.79,UPI,6,19,5,0,Mobile_App,0,0
DHAN-ORD-101691,CUST-2243,2026-07-21,NP,NPR,Apparel,5289.56,687.64,COD,6,65,3,0,Mobile_Web,0,0
DHAN-ORD-101692,CUST-1905,2026-07-16,IN,INR,Fitness,1132.62,203.87,UPI,7,202,3,0,Mobile_App,0,0
DHAN-ORD-101693,CUST-1848,2026-07-05,IN,INR,Festive,3074.96,553.49,RAZORPAY,5,58,6,0,Mobile_Web,0,0
DHAN-ORD-101694,CUST-1559,2026-07-14,IN,INR,Electronics,1385.31,249.36,CARD,8,124,1,1,Mobile_App,0,0
DHAN-ORD-101695,CUST-1441,2026-07-03,IN,INR,Kitchen,2425.2,436.54,RAZORPAY,4,109,4,1,Mobile_Web,0,0
DHAN-ORD-101696,CUST-2049,2026-07-01,IN,INR,Beauty,4266.66,768.0,CARD,9,59,1,0,Mobile_Web,0,0
DHAN-ORD-101697,CUST-1233,2026-07-05,NP,NPR,Festive,9178.65,1193.22,KHALTI,7,96,3,0,Mobile_App,0,0
DHAN-ORD-101698,CUST-1706,2026-07-09,IN,INR,Festive,152.98,27.54,UPI,8,60,1,0,Mobile_Web,0,0
DHAN-ORD-101699,CUST-1880,2026-07-24,NP,NPR,Computers,882.12,114.68,KHALTI,9,90,3,0,Desktop,0,0
DHAN-ORD-101700,CUST-1227,2026-07-12,IN,INR,Computers,1819.78,327.56,UPI,1,198,5,0,Mobile_App,0,0
DHAN-ORD-101701,CUST-1580,2026-07-17,IN,INR,Beauty,2613.89,470.5,UPI,3,53,1,0,Mobile_App,0,0
DHAN-ORD-101702,CUST-2388,2026-07-12,NP,NPR,Computers,5932.12,771.18,ESEWA,1,94,1,0,Mobile_App,0,0
DHAN-ORD-101703,CUST-2389,2026-07-22,NP,NPR,Kitchen,770.46,100.16,ESEWA,5,264,2,0,Mobile_App,0,0
DHAN-ORD-101704,CUST-2214,2026-07-18,NP,NPR,Computers,856.75,111.38,ESEWA,1,52,6,0,Mobile_App,0,0
DHAN-ORD-101705,CUST-1996,2026-07-04,IN,INR,Apparel,1558.28,280.49,CARD,1,42,3,0,Mobile_Web,0,0
DHAN-ORD-101706,CUST-2079,2026-07-31,AE,AED,Books,686.03,34.3,CARD,2,56,0,0,Mobile_App,0,0
DHAN-ORD-101707,CUST-2366,2026-07-08,NP,NPR,Books,3505.84,455.76,KHALTI,4,49,2,0,Mobile_Web,0,1
DHAN-ORD-101708,CUST-1631,2026-07-29,IN,INR,Kitchen,387.52,69.75,COD,9,46,4,2,Mobile_Web,0,1
DHAN-ORD-101709,CUST-1093,2026-08-01,AE,AED,Apparel,191.21,9.56,CARD,2,179,6,1,Desktop,0,0
DHAN-ORD-101710,CUST-1451,2026-07-05,NP,NPR,Festive,1692.09,219.97,KHALTI,9,83,2,1,Mobile_App,0,1
DHAN-ORD-101711,CUST-1809,2026-07-02,NP,NPR,Computers,3150.23,409.53,KHALTI,9,22,0,0,Mobile_App,0,0
DHAN-ORD-101712,CUST-2227,2026-08-15,IN,INR,Apparel,1594.16,286.95,RAZORPAY,1,228,1,0,Mobile_App,0,0
DHAN-ORD-101713,CUST-1112,2026-07-19,IN,INR,Kitchen,4572.13,822.98,CARD,9,61,2,0,Desktop,0,0
DHAN-ORD-101714,CUST-1015,2026-07-02,IN,INR,Electronics,451.44,81.26,RAZORPAY,1,73,3,0,Mobile_App,0,0
DHAN-ORD-101715,CUST-1418,2026-09-07,NP,NPR,Kitchen,63704.95,8281.64,KHALTI,2,265,2,0,Mobile_App,1,0
DHAN-ORD-101716,CUST-1617,2026-07-02,NP,NPR,Computers,2906.8,377.88,ESEWA,8,191,6,0,Mobile_App,0,1
DHAN-ORD-101717,CUST-1432,2026-08-05,NP,NPR,Apparel,1733.64,225.37,KHALTI,5,74,4,0,Mobile_App,0,0
DHAN-ORD-101718,CUST-1281,2026-08-03,NP,NPR,Electronics,3474.85,451.73,KHALTI,9,59,3,0,Desktop,0,0
DHAN-ORD-101719,CUST-1523,2026-07-09,NP,NPR,Electronics,6903.88,897.5,KHALTI,9,101,5,1,Mobile_Web,0,0
DHAN-ORD-101720,CUST-1592,2026-07-05,IN,INR,Computers,200.65,36.12,UPI,2,47,1,1,Mobile_App,0,1
DHAN-ORD-101721,CUST-1671,2026-07-04,NP,NPR,Festive,1288.02,167.44,ESEWA,1,156,5,0,Mobile_App,0,0
DHAN-ORD-101722,CUST-1245,2026-07-11,IN,INR,Beauty,1908.02,343.44,RAZORPAY,9,280,4,0,Mobile_Web,0,0
DHAN-ORD-101723,CUST-1015,2026-07-04,NP,NPR,Apparel,2419.02,314.47,KHALTI,7,80,3,0,Mobile_App,0,0
DHAN-ORD-101724,CUST-2018,2026-08-05,IN,INR,Apparel,6006.2,1081.12,RAZORPAY,3,169,4,1,Desktop,0,0
DHAN-ORD-101725,CUST-1881,2026-07-02,NP,NPR,Kitchen,1819.63,236.55,ESEWA,1,201,5,1,Mobile_App,0,1
DHAN-ORD-101726,CUST-1359,2026-07-22,NP,NPR,Electronics,2507.24,325.94,CONNECT_IPS,5,19,2,0,Desktop,0,0
DHAN-ORD-101727,CUST-1264,2026-09-20,NP,NPR,Toys,999.77,129.97,ESEWA,9,51,3,0,Mobile_Web,1,0
DHAN-ORD-101728,CUST-1778,2026-08-20,AE,AED,Computers,218.62,10.93,COD,2,187,8,0,Mobile_App,0,0
DHAN-ORD-101729,CUST-2090,2026-07-29,IN,INR,Computers,8051.6,1449.29,RAZORPAY,5,201,2,0,Mobile_App,0,0
DHAN-ORD-101730,CUST-2441,2026-07-11,NP,NPR,Toys,2707.86,352.02,COD,7,160,3,0,Mobile_Web,0,1
DHAN-ORD-101731,CUST-1471,2026-07-30,NP,NPR,Electronics,954.33,124.06,ESEWA,9,145,4,0,Desktop,0,0
DHAN-ORD-101732,CUST-2024,2026-07-23,AE,AED,Electronics,362.34,18.12,CARD,2,233,6,1,Mobile_App,0,1
DHAN-ORD-101733,CUST-2144,2026-07-17,NP,NPR,Beauty,1399.48,181.93,COD,4,17,5,1,Mobile_App,0,0
DHAN-ORD-101734,CUST-2368,2026-07-05,NP,NPR,Kitchen,1820.35,236.65,ESEWA,2,79,3,1,Mobile_Web,0,0
DHAN-ORD-101735,CUST-1725,2026-09-04,IN,INR,Apparel,9548.02,1718.64,RAZORPAY,8,143,2,0,Desktop,1,0
DHAN-ORD-101736,CUST-1147,2026-07-18,AE,AED,Apparel,150.0,7.5,CARD,6,51,4,1,Mobile_App,0,0
DHAN-ORD-101737,CUST-1813,2026-07-07,NP,NPR,Apparel,5008.23,651.07,ESEWA,4,116,2,0,Mobile_App,0,0
DHAN-ORD-101738,CUST-1086,2026-07-14,NP,NPR,Toys,617.4,80.26,KHALTI,5,224,6,0,Mobile_App,0,0
DHAN-ORD-101739,CUST-1893,2026-07-17,AE,AED,Electronics,1873.99,93.7,CARD,1,56,8,1,Desktop,0,0
DHAN-ORD-101740,CUST-1038,2026-08-22,NP,NPR,Electronics,4044.97,525.85,ESEWA,3,81,5,1,Mobile_App,0,0
DHAN-ORD-101741,CUST-1941,2026-08-09,NP,NPR,Kitchen,1629.14,211.79,COD,9,27,3,0,Mobile_Web,0,1
DHAN-ORD-101742,CUST-1159,2026-08-13,IN,INR,Electronics,3071.1,552.8,UPI,2,312,3,0,Mobile_App,0,0
DHAN-ORD-101743,CUST-1641,2026-07-01,IN,INR,Books,2004.18,360.75,COD,6,21,2,0,Mobile_App,0,0
DHAN-ORD-101744,CUST-2179,2026-07-17,NP,NPR,Fitness,3693.32,480.13,ESEWA,3,72,5,0,Desktop,0,0
DHAN-ORD-101745,CUST-1879,2026-07-20,AE,AED,Electronics,417.52,20.88,APPLE_PAY,3,94,5,0,Mobile_App,0,0
DHAN-ORD-101746,CUST-2174,2026-07-01,IN,INR,Computers,2589.22,466.06,UPI,6,53,3,0,Mobile_App,0,0
DHAN-ORD-101747,CUST-1828,2026-07-10,NP,NPR,Computers,1996.6,259.56,KHALTI,7,85,1,0,Mobile_App,0,0
DHAN-ORD-101748,CUST-2453,2026-08-12,AE,AED,Electronics,183.18,9.16,APPLE_PAY,3,62,6,0,Mobile_App,0,1
DHAN-ORD-101749,CUST-2311,2026-07-05,NP,NPR,Computers,6417.94,834.33,ESEWA,9,60,4,1,Mobile_App,0,0
DHAN-ORD-101750,CUST-1855,2026-07-23,NP,NPR,Beauty,4831.34,628.07,COD,7,129,3,0,Mobile_Web,0,0
DHAN-ORD-101751,CUST-1592,2026-07-08,IN,INR,Festive,3423.18,616.17,CARD,3,83,1,0,Desktop,0,0
DHAN-ORD-101752,CUST-1235,2026-07-01,NP,NPR,Toys,2050.08,266.51,ESEWA,7,210,7,1,Mobile_App,0,0
DHAN-ORD-101753,CUST-1829,2026-07-09,NP,NPR,Electronics,2768.93,359.96,CONNECT_IPS,5,167,3,0,Mobile_Web,0,0
DHAN-ORD-101754,CUST-1042,2026-07-22,NP,NPR,Kitchen,497.73,64.7,COD,2,168,4,1,Mobile_App,0,0
DHAN-ORD-101755,CUST-1665,2026-08-18,NP,NPR,Beauty,3766.9,489.7,COD,4,18,4,0,Mobile_App,0,1
DHAN-ORD-101756,CUST-1351,2026-07-07,IN,INR,Fitness,4940.55,889.3,COD,8,187,5,1,Desktop,0,1
DHAN-ORD-101757,CUST-2265,2026-07-21,IN,INR,Festive,4870.85,876.75,UPI,1,157,2,1,Mobile_Web,0,0
DHAN-ORD-101758,CUST-1942,2026-07-04,AE,AED,Festive,365.71,18.29,CARD,5,30,3,0,Mobile_App,0,0
DHAN-ORD-101759,CUST-2412,2026-07-24,NP,NPR,Beauty,2786.21,362.21,ESEWA,5,185,5,0,Mobile_App,0,0
DHAN-ORD-101760,CUST-1741,2026-07-19,NP,NPR,Apparel,1082.82,140.77,KHALTI,2,113,2,0,Mobile_Web,0,0
DHAN-ORD-101761,CUST-1180,2026-08-25,NP,NPR,Computers,12117.55,1575.28,KHALTI,3,61,0,0,Mobile_App,0,0
DHAN-ORD-101762,CUST-1894,2026-07-04,NP,NPR,Apparel,17976.54,2336.95,ESEWA,3,37,5,0,Mobile_Web,0,0
DHAN-ORD-101763,CUST-1216,2026-07-21,NP,NPR,Electronics,3061.16,397.95,ESEWA,1,129,4,0,Desktop,0,0
DHAN-ORD-101764,CUST-1498,2026-07-05,IN,INR,Kitchen,890.59,160.31,RAZORPAY,8,59,1,0,Mobile_App,0,0
DHAN-ORD-101765,CUST-1892,2026-07-12,AE,AED,Apparel,294.78,14.74,COD,6,217,5,0,Mobile_App,0,1
DHAN-ORD-101766,CUST-2206,2026-08-10,AE,AED,Electronics,178.66,8.93,APPLE_PAY,7,55,2,1,Mobile_App,0,1
DHAN-ORD-101767,CUST-1820,2026-07-20,NP,NPR,Computers,3123.81,406.1,COD,9,9,1,1,Mobile_App,0,0
DHAN-ORD-101768,CUST-2073,2026-07-15,IN,INR,Computers,1471.13,264.8,UPI,4,132,3,0,Mobile_App,0,0
DHAN-ORD-101769,CUST-1161,2026-07-16,NP,NPR,Computers,8475.53,1101.82,COD,6,131,7,0,Desktop,0,0
DHAN-ORD-101770,CUST-1810,2026-07-19,NP,NPR,Computers,2615.53,340.02,ESEWA,5,246,4,0,Mobile_App,0,0
DHAN-ORD-101771,CUST-1635,2026-08-16,IN,INR,Computers,2392.98,430.74,COD,7,168,3,0,Mobile_App,0,0
DHAN-ORD-101772,CUST-1695,2026-09-05,IN,INR,Electronics,1299.9,233.98,UPI,3,20,2,0,Mobile_Web,1,0
DHAN-ORD-101773,CUST-1453,2026-07-04,NP,NPR,Electronics,19861.27,2581.97,COD,7,66,5,0,Desktop,0,0
DHAN-ORD-101774,CUST-1682,2026-08-16,NP,NPR,Books,16593.13,2157.11,KHALTI,6,83,4,0,Mobile_Web,0,0
DHAN-ORD-101775,CUST-1344,2026-07-12,NP,NPR,Electronics,2374.8,308.72,ESEWA,7,137,4,0,Desktop,0,0
DHAN-ORD-101776,CUST-1156,2026-08-04,IN,INR,Computers,1276.87,229.84,UPI,7,29,5,1,Mobile_Web,0,0
DHAN-ORD-101777,CUST-2045,2026-07-18,NP,NPR,Beauty,15135.5,1967.62,KHALTI,6,61,5,1,Mobile_App,0,0
DHAN-ORD-101778,CUST-2296,2026-07-09,AE,AED,Festive,150.0,7.5,CARD,6,161,4,1,Mobile_App,0,0
DHAN-ORD-101779,CUST-1233,2026-08-25,NP,NPR,Apparel,4629.63,601.85,COD,3,68,6,0,Desktop,0,0
DHAN-ORD-101780,CUST-2086,2026-07-02,NP,NPR,Electronics,9055.9,1177.27,KHALTI,1,115,3,0,Mobile_App,0,0
DHAN-ORD-101781,CUST-2044,2026-09-08,NP,NPR,Apparel,40090.8,5211.8,COD,4,187,4,0,Mobile_Web,1,0
DHAN-ORD-101782,CUST-1397,2026-07-19,NP,NPR,Toys,1109.98,144.3,KHALTI,2,136,5,0,Mobile_App,0,0
DHAN-ORD-101783,CUST-1715,2026-07-31,NP,NPR,Toys,15520.66,2017.69,KHALTI,4,43,1,0,Mobile_App,0,0
DHAN-ORD-101784,CUST-1719,2026-08-02,IN,INR,Apparel,4835.59,870.41,COD,2,26,2,0,Mobile_App,0,0
DHAN-ORD-101785,CUST-2489,2026-09-06,IN,INR,Festive,1417.41,255.13,RAZORPAY,4,130,2,0,Mobile_App,1,0
DHAN-ORD-101786,CUST-2321,2026-07-31,AE,AED,Festive,216.68,10.83,CARD,9,133,5,1,Mobile_App,0,0
DHAN-ORD-101787,CUST-1302,2026-07-29,IN,INR,Apparel,1170.7,210.73,RAZORPAY,9,134,7,0,Mobile_App,0,0
DHAN-ORD-101788,CUST-1483,2026-07-03,IN,INR,Kitchen,339.67,61.14,COD,6,23,4,0,Mobile_App,0,0
DHAN-ORD-101789,CUST-1210,2026-07-22,IN,INR,Apparel,1114.69,200.64,COD,7,35,3,0,Desktop,0,0
DHAN-ORD-101790,CUST-1299,2026-07-05,IN,INR,Fitness,436.53,78.58,RAZORPAY,4,96,5,0,Mobile_App,0,0
DHAN-ORD-101791,CUST-1524,2026-08-10,NP,NPR,Computers,1226.37,159.43,CONNECT_IPS,2,131,6,0,Desktop,0,0
DHAN-ORD-101792,CUST-1404,2026-07-22,NP,NPR,Books,2385.38,310.1,ESEWA,9,198,7,1,Mobile_App,0,0
DHAN-ORD-101793,CUST-1355,2026-08-04,NP,NPR,Electronics,756.16,98.3,ESEWA,9,138,5,1,Mobile_Web,0,0
DHAN-ORD-101794,CUST-2233,2026-07-02,NP,NPR,Beauty,2551.06,331.64,ESEWA,4,122,1,0,Mobile_App,0,0
DHAN-ORD-101795,CUST-1313,2026-07-03,NP,NPR,Festive,1823.25,237.02,ESEWA,5,60,8,1,Mobile_Web,0,0
DHAN-ORD-101796,CUST-2342,2026-08-07,AE,AED,Electronics,152.07,7.6,CARD,8,22,3,0,Mobile_Web,0,0
DHAN-ORD-101797,CUST-1154,2026-07-03,NP,NPR,Beauty,3505.9,455.77,KHALTI,4,118,0,0,Mobile_Web,0,0
DHAN-ORD-101798,CUST-1362,2026-07-03,NP,NPR,Computers,368.65,47.92,KHALTI,8,72,0,0,Desktop,0,0
DHAN-ORD-101799,CUST-2286,2026-07-01,NP,NPR,Kitchen,10921.24,1419.76,KHALTI,4,101,6,0,Mobile_App,0,0
DHAN-ORD-101800,CUST-2011,2026-07-05,NP,NPR,Electronics,20655.79,2685.25,ESEWA,9,292,3,0,Mobile_App,0,0
DHAN-ORD-101801,CUST-1950,2026-08-10,NP,NPR,Kitchen,1263.21,164.22,KHALTI,3,10,3,0,Desktop,0,0
DHAN-ORD-101802,CUST-2154,2026-07-14,NP,NPR,Kitchen,3698.09,480.75,COD,8,51,5,0,Mobile_App,0,1
DHAN-ORD-101803,CUST-2186,2026-07-11,NP,NPR,Books,2510.06,326.31,COD,8,66,1,0,Mobile_App,0,1
DHAN-ORD-101804,CUST-1919,2026-07-13,NP,NPR,Books,7622.05,990.87,COD,8,279,3,0,Mobile_Web,0,0
DHAN-ORD-101805,CUST-2394,2026-08-14,IN,INR,Computers,1918.51,345.33,UPI,1,278,6,0,Mobile_App,0,0
DHAN-ORD-101806,CUST-2156,2026-08-02,IN,INR,Toys,8654.81,1557.87,RAZORPAY,5,46,2,0,Desktop,0,0
DHAN-ORD-101807,CUST-2316,2026-07-07,NP,NPR,Computers,6761.58,879.01,COD,2,158,6,2,Mobile_App,0,1
DHAN-ORD-101808,CUST-2301,2026-07-06,NP,NPR,Computers,5264.43,684.38,ESEWA,8,216,5,0,Mobile_App,0,0
DHAN-ORD-101809,CUST-2279,2026-07-04,NP,NPR,Computers,4271.04,555.24,ESEWA,5,76,1,0,Mobile_App,0,0
DHAN-ORD-101810,CUST-1661,2026-08-02,IN,INR,Books,779.81,140.37,UPI,5,245,3,0,Mobile_App,0,0
DHAN-ORD-101811,CUST-2284,2026-08-13,NP,NPR,Books,1542.49,200.52,KHALTI,3,44,2,0,Mobile_Web,0,0
DHAN-ORD-101812,CUST-1647,2026-07-10,NP,NPR,Electronics,5536.33,719.72,COD,1,31,3,0,Mobile_App,0,1
DHAN-ORD-101813,CUST-1309,2026-07-01,IN,INR,Electronics,4021.19,723.81,UPI,7,73,4,0,Mobile_App,0,0
DHAN-ORD-101814,CUST-1900,2026-07-03,NP,NPR,Electronics,2131.32,277.07,COD,7,100,3,0,Mobile_App,0,1
DHAN-ORD-101815,CUST-1139,2026-07-14,NP,NPR,Beauty,5692.91,740.08,ESEWA,4,117,4,0,Desktop,0,1
DHAN-ORD-101816,CUST-1960,2026-07-11,NP,NPR,Apparel,6640.79,863.3,KHALTI,7,128,4,0,Mobile_App,0,0
DHAN-ORD-101817,CUST-1905,2026-08-13,AE,AED,Electronics,150.0,7.5,CARD,6,188,5,0,Mobile_App,0,0
DHAN-ORD-101818,CUST-2293,2026-07-30,IN,INR,Toys,390.4,70.27,CARD,3,134,3,0,Mobile_App,0,0
DHAN-ORD-101819,CUST-1620,2026-07-15,IN,INR,Electronics,1601.72,288.31,CARD,8,114,6,0,Mobile_App,0,0
DHAN-ORD-101820,CUST-1562,2026-07-07,NP,NPR,Festive,7568.76,983.94,ESEWA,8,78,8,0,Mobile_App,0,0
DHAN-ORD-101821,CUST-2211,2026-07-04,NP,NPR,Apparel,960.7,124.89,ESEWA,6,49,7,0,Mobile_Web,0,0
DHAN-ORD-101822,CUST-1115,2026-07-29,AE,AED,Kitchen,150.0,7.5,CARD,6,215,6,0,Mobile_App,0,0
DHAN-ORD-101823,CUST-1720,2026-08-14,AE,AED,Fitness,190.37,9.52,CARD,1,150,7,0,Mobile_App,0,0
DHAN-ORD-101824,CUST-2039,2026-07-31,NP,NPR,Fitness,1330.78,173.0,ESEWA,7,124,3,0,Mobile_App,0,0
DHAN-ORD-101825,CUST-1151,2026-07-23,IN,INR,Electronics,2263.45,407.42,RAZORPAY,4,15,2,0,Mobile_App,0,0
DHAN-ORD-101826,CUST-1635,2026-07-02,NP,NPR,Kitchen,2048.96,266.36,ESEWA,5,101,7,0,Mobile_App,0,0
DHAN-ORD-101827,CUST-1945,2026-07-14,NP,NPR,Festive,40630.16,5281.92,ESEWA,4,125,2,0,Mobile_App,0,0
DHAN-ORD-101828,CUST-1925,2026-08-18,IN,INR,Electronics,14154.13,2547.74,COD,6,57,3,0,Mobile_App,0,0
DHAN-ORD-101829,CUST-1077,2026-07-11,NP,NPR,Computers,1723.7,224.08,ESEWA,4,96,7,1,Mobile_App,0,0
DHAN-ORD-101830,CUST-1116,2026-07-28,AE,AED,Beauty,150.0,7.5,CARD,6,239,4,0,Mobile_App,0,0
DHAN-ORD-101831,CUST-1755,2026-07-28,NP,NPR,Fitness,3353.0,435.89,COD,5,365,9,2,Mobile_App,0,0
DHAN-ORD-101832,CUST-1587,2026-07-27,NP,NPR,Fitness,2583.82,335.9,KHALTI,9,16,2,0,Mobile_App,0,0
DHAN-ORD-101833,CUST-1157,2026-08-11,AE,AED,Festive,150.0,7.5,CARD,6,24,0,0,Mobile_App,0,0
DHAN-ORD-101834,CUST-2320,2026-08-20,AE,AED,Beauty,167.59,8.38,CARD,5,138,5,0,Mobile_App,0,0
DHAN-ORD-101835,CUST-1184,2026-08-02,NP,NPR,Computers,2769.87,360.08,ESEWA,6,180,6,0,Desktop,0,0
DHAN-ORD-101836,CUST-2259,2026-07-05,NP,NPR,Apparel,1920.75,249.7,ESEWA,3,318,7,1,Mobile_App,0,0
DHAN-ORD-101837,CUST-2216,2026-07-13,IN,INR,Fitness,518.26,93.29,COD,5,23,6,1,Mobile_App,0,0
DHAN-ORD-101838,CUST-2038,2026-09-17,NP,NPR,Computers,1588.28,206.48,ESEWA,4,132,5,1,Mobile_App,1,0
DHAN-ORD-101839,CUST-1787,2026-07-08,AE,AED,Electronics,300.85,15.04,CARD,3,86,4,1,Mobile_App,0,0
DHAN-ORD-101840,CUST-1947,2026-07-14,AE,AED,Computers,150.0,7.5,APPLE_PAY,6,407,4,0,Mobile_App,0,0
DHAN-ORD-101841,CUST-2188,2026-07-17,NP,NPR,Apparel,7003.92,910.51,ESEWA,1,44,3,1,Mobile_App,0,1
DHAN-ORD-101842,CUST-2135,2026-07-18,NP,NPR,Festive,2289.4,297.62,ESEWA,3,49,2,0,Mobile_Web,0,0
DHAN-ORD-101843,CUST-1084,2026-07-29,NP,NPR,Apparel,3446.39,448.03,ESEWA,8,259,5,0,Mobile_App,0,0
DHAN-ORD-101844,CUST-1921,2026-09-24,AE,AED,Books,406.05,20.3,CARD,1,75,2,1,Mobile_App,1,0
DHAN-ORD-101845,CUST-2170,2026-07-09,NP,NPR,Computers,4932.5,641.23,ESEWA,9,179,3,0,Mobile_App,0,0
DHAN-ORD-101846,CUST-2334,2026-07-04,NP,NPR,Festive,1544.59,200.8,COD,5,75,6,0,Mobile_App,0,0
DHAN-ORD-101847,CUST-1385,2026-07-07,NP,NPR,Fitness,2868.99,372.97,KHALTI,6,93,1,0,Mobile_App,0,0
DHAN-ORD-101848,CUST-1658,2026-09-04,IN,INR,Electronics,631.72,113.71,UPI,1,184,4,0,Mobile_App,1,1
DHAN-ORD-101849,CUST-2239,2026-08-01,NP,NPR,Books,15610.79,2029.4,ESEWA,4,94,3,0,Mobile_App,0,1
DHAN-ORD-101850,CUST-1974,2026-07-11,NP,NPR,Electronics,406.34,52.82,ESEWA,1,71,3,0,Mobile_App,0,0
DHAN-ORD-101851,CUST-2026,2026-08-20,AE,AED,Festive,150.0,7.5,APPLE_PAY,6,100,1,0,Mobile_App,0,0
DHAN-ORD-101852,CUST-1308,2026-08-29,AE,AED,Festive,150.0,7.5,APPLE_PAY,6,245,3,0,Mobile_App,0,0
DHAN-ORD-101853,CUST-1126,2026-08-26,IN,INR,Toys,3994.03,718.93,CARD,7,98,6,1,Mobile_App,0,1
DHAN-ORD-101854,CUST-1922,2026-09-14,NP,NPR,Apparel,456.78,59.38,COD,6,90,3,0,Mobile_App,1,0
DHAN-ORD-101855,CUST-1211,2026-07-09,NP,NPR,Computers,55255.25,7183.18,KHALTI,4,66,0,0,Desktop,0,0
DHAN-ORD-101856,CUST-1703,2026-08-12,IN,INR,Beauty,522.52,94.05,RAZORPAY,9,78,3,0,Mobile_Web,0,0
DHAN-ORD-101857,CUST-2462,2026-07-19,NP,NPR,Kitchen,633.38,82.34,COD,3,73,4,0,Mobile_App,0,0
DHAN-ORD-101858,CUST-1172,2026-08-25,AE,AED,Fitness,150.0,7.5,CARD,6,188,2,0,Mobile_Web,0,0
DHAN-ORD-101859,CUST-2033,2026-08-09,IN,INR,Toys,1080.17,194.43,RAZORPAY,9,75,1,0,Mobile_Web,0,0
DHAN-ORD-101860,CUST-2323,2026-08-14,NP,NPR,Festive,6192.43,805.02,KHALTI,9,152,3,0,Mobile_Web,0,0
DHAN-ORD-101861,CUST-1353,2026-08-02,AE,AED,Computers,150.0,7.5,APPLE_PAY,6,159,1,0,Mobile_Web,0,0
DHAN-ORD-101862,CUST-1080,2026-07-06,AE,AED,Fitness,150.0,7.5,APPLE_PAY,6,81,2,0,Mobile_App,0,0
DHAN-ORD-101863,CUST-1507,2026-07-24,NP,NPR,Festive,20025.58,2603.33,ESEWA,9,94,6,0,Mobile_Web,0,0
DHAN-ORD-101864,CUST-2449,2026-08-05,NP,NPR,Fitness,5161.6,671.01,COD,4,55,5,0,Mobile_App,0,0
DHAN-ORD-101865,CUST-1896,2026-09-22,NP,NPR,Computers,1595.09,207.36,COD,2,171,3,0,Mobile_Web,1,0
DHAN-ORD-101866,CUST-1899,2026-07-02,NP,NPR,Computers,2922.9,379.98,COD,6,44,0,0,Mobile_App,0,0
DHAN-ORD-101867,CUST-2073,2026-07-06,NP,NPR,Computers,2877.39,374.06,CONNECT_IPS,6,67,3,1,Mobile_Web,0,0
DHAN-ORD-101868,CUST-2070,2026-07-05,IN,INR,Apparel,5419.17,975.45,UPI,1,62,2,0,Mobile_App,0,0
DHAN-ORD-101869,CUST-2248,2026-08-08,AE,AED,Apparel,278.51,13.93,APPLE_PAY,8,80,3,0,Mobile_App,0,0
DHAN-ORD-101870,CUST-1325,2026-08-21,NP,NPR,Books,4871.24,633.26,ESEWA,2,164,3,0,Mobile_App,0,0
DHAN-ORD-101871,CUST-1745,2026-07-08,NP,NPR,Kitchen,3432.26,446.19,KHALTI,3,163,3,1,Mobile_App,0,1
DHAN-ORD-101872,CUST-1763,2026-07-22,IN,INR,Kitchen,3471.28,624.83,UPI,6,92,3,0,Mobile_Web,0,1
DHAN-ORD-101873,CUST-1579,2026-08-25,NP,NPR,Apparel,8264.02,1074.32,COD,2,153,8,1,Desktop,0,0
DHAN-ORD-101874,CUST-1793,2026-08-09,IN,INR,Festive,324.62,58.43,UPI,9,83,1,0,Mobile_App,0,0
DHAN-ORD-101875,CUST-1837,2026-07-24,NP,NPR,Festive,7778.2,1011.17,ESEWA,2,54,1,0,Mobile_App,0,0
DHAN-ORD-101876,CUST-1692,2026-07-27,NP,NPR,Fitness,7448.64,968.32,COD,5,143,4,0,Mobile_Web,0,1
DHAN-ORD-101877,CUST-2390,2026-07-22,NP,NPR,Kitchen,3048.09,396.25,COD,6,50,1,0,Desktop,0,0
DHAN-ORD-101878,CUST-2224,2026-07-11,IN,INR,Apparel,1680.6,302.51,CARD,6,85,2,1,Desktop,0,1
DHAN-ORD-101879,CUST-1107,2026-07-25,NP,NPR,Festive,3416.84,444.19,COD,5,31,3,0,Mobile_Web,0,0
DHAN-ORD-101880,CUST-2292,2026-08-05,IN,INR,Beauty,3698.81,665.79,UPI,8,107,6,0,Mobile_App,0,0
DHAN-ORD-101881,CUST-2325,2026-08-31,NP,NPR,Electronics,29929.32,3890.81,COD,4,88,2,0,Mobile_App,0,1
DHAN-ORD-101882,CUST-1685,2026-07-31,NP,NPR,Electronics,2764.7,359.41,CONNECT_IPS,1,203,6,0,Mobile_App,0,0
DHAN-ORD-101883,CUST-1134,2026-08-12,NP,NPR,Computers,5040.67,655.29,KHALTI,9,73,2,0,Mobile_Web,0,0
DHAN-ORD-101884,CUST-1675,2026-07-06,AE,AED,Toys,183.75,9.19,APPLE_PAY,3,7,3,0,Mobile_Web,0,0
DHAN-ORD-101885,CUST-1193,2026-07-19,AE,AED,Computers,150.0,7.5,CARD,6,91,2,0,Mobile_App,0,0
DHAN-ORD-101886,CUST-2142,2026-07-01,NP,NPR,Electronics,5231.88,680.14,CONNECT_IPS,2,111,3,0,Mobile_Web,0,0
DHAN-ORD-101887,CUST-2389,2026-07-09,NP,NPR,Electronics,8077.27,1050.05,ESEWA,4,259,3,0,Mobile_App,0,0
DHAN-ORD-101888,CUST-1791,2026-08-08,NP,NPR,Apparel,12441.76,1617.43,COD,3,127,4,0,Mobile_App,0,0
DHAN-ORD-101889,CUST-1581,2026-08-24,NP,NPR,Kitchen,10938.02,1421.94,COD,3,276,2,0,Mobile_App,0,1
DHAN-ORD-101890,CUST-1516,2026-07-04,NP,NPR,Apparel,2168.36,281.89,COD,8,189,3,0,Mobile_App,0,1
DHAN-ORD-101891,CUST-2482,2026-07-16,AE,AED,Computers,346.14,17.31,CARD,4,198,8,0,Mobile_App,0,0
DHAN-ORD-101892,CUST-2344,2026-08-18,AE,AED,Computers,150.0,7.5,APPLE_PAY,6,360,1,1,Mobile_Web,0,0
DHAN-ORD-101893,CUST-2234,2026-07-07,NP,NPR,Beauty,5615.75,730.05,CONNECT_IPS,8,201,6,0,Mobile_App,0,0
DHAN-ORD-101894,CUST-1307,2026-07-25,NP,NPR,Kitchen,8221.94,1068.85,COD,4,90,4,0,Mobile_App,0,0
DHAN-ORD-101895,CUST-1682,2026-08-09,IN,INR,Electronics,934.75,168.25,UPI,7,112,2,0,Desktop,0,0
DHAN-ORD-101896,CUST-1166,2026-07-29,IN,INR,Computers,2514.52,452.61,COD,3,283,0,0,Mobile_App,0,1
DHAN-ORD-101897,CUST-2193,2026-07-07,NP,NPR,Festive,7359.66,956.76,ESEWA,6,40,4,1,Mobile_App,0,0
DHAN-ORD-101898,CUST-2359,2026-07-14,NP,NPR,Apparel,725.48,94.31,KHALTI,5,101,1,0,Mobile_Web,0,0
DHAN-ORD-101899,CUST-1289,2026-08-15,NP,NPR,Computers,4228.72,549.73,KHALTI,7,153,3,0,Mobile_Web,0,0
DHAN-ORD-101900,CUST-1716,2026-07-25,NP,NPR,Computers,1743.15,226.61,KHALTI,6,227,7,1,Mobile_App,0,0
DHAN-ORD-101901,CUST-1635,2026-07-01,NP,NPR,Books,21088.63,2741.52,ESEWA,1,350,3,0,Mobile_App,0,1
DHAN-ORD-101902,CUST-2343,2026-08-12,NP,NPR,Apparel,41304.31,5369.56,COD,3,59,3,1,Mobile_App,0,1
DHAN-ORD-101903,CUST-2430,2026-07-02,IN,INR,Kitchen,1737.01,312.66,RAZORPAY,9,42,1,0,Mobile_Web,0,0
DHAN-ORD-101904,CUST-2356,2026-08-11,NP,NPR,Apparel,15502.0,2015.26,COD,4,87,7,1,Mobile_Web,0,1
DHAN-ORD-101905,CUST-1802,2026-07-07,NP,NPR,Toys,4189.05,544.58,KHALTI,4,149,2,0,Mobile_App,0,0
DHAN-ORD-101906,CUST-1264,2026-07-06,NP,NPR,Fitness,4098.27,532.78,CONNECT_IPS,3,60,6,1,Desktop,0,0
DHAN-ORD-101907,CUST-2218,2026-07-14,IN,INR,Beauty,260.49,46.89,RAZORPAY,8,82,7,1,Mobile_Web,0,1
DHAN-ORD-101908,CUST-2451,2026-07-12,IN,INR,Kitchen,536.81,96.63,RAZORPAY,5,220,2,0,Mobile_Web,0,0
DHAN-ORD-101909,CUST-1173,2026-07-05,NP,NPR,Computers,814.78,105.92,ESEWA,4,101,4,0,Mobile_App,0,0
DHAN-ORD-101910,CUST-1634,2026-07-11,NP,NPR,Festive,652.16,84.78,ESEWA,4,113,4,1,Mobile_App,0,0
DHAN-ORD-101911,CUST-2144,2026-09-01,AE,AED,Apparel,1074.83,53.74,APPLE_PAY,3,49,0,0,Mobile_App,1,0
DHAN-ORD-101912,CUST-1771,2026-09-17,NP,NPR,Electronics,4092.75,532.06,CONNECT_IPS,6,76,4,0,Mobile_App,1,0
DHAN-ORD-101913,CUST-2317,2026-07-14,NP,NPR,Festive,8682.25,1128.69,COD,6,168,1,0,Mobile_App,0,0
DHAN-ORD-101914,CUST-1672,2026-07-18,NP,NPR,Festive,411.93,53.55,KHALTI,6,82,3,0,Mobile_App,0,0
DHAN-ORD-101915,CUST-1261,2026-08-08,NP,NPR,Books,2439.62,317.15,ESEWA,9,306,1,0,Mobile_App,0,1
DHAN-ORD-101916,CUST-2372,2026-09-04,NP,NPR,Festive,8252.37,1072.81,ESEWA,8,76,4,0,Mobile_App,1,0
DHAN-ORD-101917,CUST-2439,2026-07-27,AE,AED,Books,150.0,7.5,CARD,6,57,4,1,Mobile_App,0,0
DHAN-ORD-101918,CUST-2403,2026-07-15,IN,INR,Electronics,2234.39,402.19,UPI,2,155,4,0,Mobile_App,0,0
DHAN-ORD-101919,CUST-2078,2026-07-16,NP,NPR,Festive,2082.22,270.69,ESEWA,3,83,3,1,Desktop,0,0
DHAN-ORD-101920,CUST-1191,2026-08-05,AE,AED,Festive,182.86,9.14,APPLE_PAY,2,174,2,0,Mobile_App,0,0
DHAN-ORD-101921,CUST-2323,2026-07-01,NP,NPR,Electronics,1252.6,162.84,CONNECT_IPS,1,186,3,0,Desktop,0,0
DHAN-ORD-101922,CUST-2373,2026-07-29,NP,NPR,Computers,49201.03,6396.13,ESEWA,7,187,2,0,Mobile_App,0,0
DHAN-ORD-101923,CUST-1867,2026-07-14,IN,INR,Books,2269.69,408.54,UPI,1,18,4,1,Mobile_App,0,0
DHAN-ORD-101924,CUST-2041,2026-08-17,IN,INR,Electronics,27737.06,4992.67,RAZORPAY,8,69,3,0,Mobile_App,0,0
DHAN-ORD-101925,CUST-1741,2026-07-03,NP,NPR,Festive,3476.56,451.95,ESEWA,2,23,5,1,Mobile_App,0,0
DHAN-ORD-101926,CUST-1037,2026-07-27,NP,NPR,Computers,4558.82,592.65,COD,4,88,4,1,Mobile_App,0,0
DHAN-ORD-101927,CUST-1742,2026-07-20,IN,INR,Computers,1775.4,319.57,COD,2,202,1,0,Mobile_App,0,1
DHAN-ORD-101928,CUST-1632,2026-07-31,IN,INR,Beauty,6495.22,1169.14,UPI,6,493,4,1,Mobile_App,0,0
DHAN-ORD-101929,CUST-1369,2026-07-03,IN,INR,Electronics,829.72,149.35,RAZORPAY,1,71,3,1,Mobile_App,0,1
DHAN-ORD-101930,CUST-1438,2026-07-27,NP,NPR,Apparel,1621.12,210.75,ESEWA,1,96,3,1,Mobile_App,0,0
DHAN-ORD-101931,CUST-1699,2026-07-25,NP,NPR,Apparel,11865.79,1542.55,KHALTI,3,13,3,0,Mobile_Web,0,0
DHAN-ORD-101932,CUST-1995,2026-07-25,NP,NPR,Computers,366.32,47.62,KHALTI,6,68,2,0,Mobile_App,0,0
DHAN-ORD-101933,CUST-1393,2026-07-28,NP,NPR,Electronics,1587.93,206.43,ESEWA,3,124,4,1,Mobile_Web,0,0
DHAN-ORD-101934,CUST-1463,2026-08-03,AE,AED,Kitchen,150.0,7.5,COD,6,225,4,1,Mobile_App,0,1
DHAN-ORD-101935,CUST-1281,2026-08-19,NP,NPR,Electronics,11186.45,1454.24,ESEWA,8,157,3,0,Mobile_App,0,0
DHAN-ORD-101936,CUST-1317,2026-07-10,NP,NPR,Fitness,12824.45,1667.18,ESEWA,8,183,6,0,Mobile_App,0,0
DHAN-ORD-101937,CUST-1158,2026-08-22,IN,INR,Kitchen,200.82,36.15,UPI,2,62,4,0,Mobile_Web,0,0
DHAN-ORD-101938,CUST-1605,2026-07-21,NP,NPR,Computers,3095.93,402.47,ESEWA,8,125,5,0,Mobile_App,0,0
DHAN-ORD-101939,CUST-1207,2026-07-03,NP,NPR,Beauty,33112.4,4304.61,CONNECT_IPS,1,106,3,0,Mobile_Web,0,0
DHAN-ORD-101940,CUST-2039,2026-07-02,IN,INR,Computers,1142.66,205.68,COD,8,92,5,0,Mobile_App,0,0
DHAN-ORD-101941,CUST-2105,2026-07-13,IN,INR,Computers,1654.62,297.83,UPI,7,60,2,0,Mobile_App,0,0
DHAN-ORD-101942,CUST-2078,2026-08-16,IN,INR,Electronics,1929.84,347.37,COD,3,85,1,0,Mobile_App,0,1
DHAN-ORD-101943,CUST-1077,2026-08-06,NP,NPR,Festive,916.98,119.21,ESEWA,7,22,3,0,Desktop,0,0
DHAN-ORD-101944,CUST-2355,2026-08-16,IN,INR,Festive,3416.63,614.99,RAZORPAY,5,116,9,0,Mobile_Web,0,0
DHAN-ORD-101945,CUST-1689,2026-07-22,IN,INR,Festive,886.86,159.63,UPI,4,105,4,0,Desktop,0,0
DHAN-ORD-101946,CUST-2265,2026-07-18,NP,NPR,Kitchen,2290.08,297.71,ESEWA,4,111,7,1,Mobile_Web,0,1
DHAN-ORD-101947,CUST-1268,2026-07-05,NP,NPR,Electronics,4749.08,617.38,CONNECT_IPS,6,103,3,0,Desktop,0,0
DHAN-ORD-101948,CUST-2223,2026-07-12,IN,INR,Beauty,638.95,115.01,UPI,8,107,3,0,Desktop,0,0
DHAN-ORD-101949,CUST-1771,2026-07-18,NP,NPR,Toys,4531.31,589.07,ESEWA,4,55,2,0,Mobile_App,0,0
DHAN-ORD-101950,CUST-1315,2026-07-03,IN,INR,Books,3065.06,551.71,UPI,5,95,4,0,Mobile_App,0,0
DHAN-ORD-101951,CUST-1332,2026-07-08,NP,NPR,Computers,1542.85,200.57,COD,3,61,3,0,Mobile_App,0,0
DHAN-ORD-101952,CUST-1370,2026-07-28,NP,NPR,Computers,19086.84,2481.29,ESEWA,6,369,3,0,Mobile_Web,0,0
DHAN-ORD-101953,CUST-2418,2026-08-09,NP,NPR,Apparel,4075.85,529.86,KHALTI,7,33,2,0,Mobile_App,0,0
DHAN-ORD-101954,CUST-2279,2026-07-13,IN,INR,Festive,5742.93,1033.73,UPI,9,101,6,0,Mobile_App,0,0
DHAN-ORD-101955,CUST-1339,2026-09-20,NP,NPR,Festive,2421.29,314.77,ESEWA,9,110,4,0,Mobile_App,1,0
DHAN-ORD-101956,CUST-2476,2026-07-31,NP,NPR,Apparel,11268.73,1464.93,KHALTI,9,80,2,1,Mobile_App,0,1
DHAN-ORD-101957,CUST-1896,2026-07-17,IN,INR,Books,2230.78,401.54,UPI,7,59,5,1,Mobile_App,0,0
DHAN-ORD-101958,CUST-1089,2026-07-31,IN,INR,Beauty,23621.32,4251.84,RAZORPAY,5,64,4,2,Mobile_App,0,1
DHAN-ORD-101959,CUST-1841,2026-08-16,AE,AED,Festive,150.0,7.5,CARD,6,163,5,0,Mobile_App,0,0
DHAN-ORD-101960,CUST-1746,2026-07-04,NP,NPR,Books,20695.9,2690.47,ESEWA,4,82,7,0,Mobile_App,0,0
DHAN-ORD-101961,CUST-2385,2026-07-16,NP,NPR,Festive,1318.41,171.39,COD,4,133,4,0,Mobile_App,0,1
DHAN-ORD-101962,CUST-2473,2026-08-24,AE,AED,Electronics,150.0,7.5,CARD,6,131,6,1,Mobile_Web,0,0
DHAN-ORD-101963,CUST-1486,2026-07-15,IN,INR,Electronics,4370.77,786.74,UPI,5,187,4,0,Mobile_App,0,0
DHAN-ORD-101964,CUST-1909,2026-07-26,NP,NPR,Beauty,7741.6,1006.41,KHALTI,1,104,4,0,Mobile_App,0,0
DHAN-ORD-101965,CUST-2250,2026-07-27,NP,NPR,Beauty,848.86,110.35,KHALTI,2,102,6,0,Mobile_App,0,0
DHAN-ORD-101966,CUST-1583,2026-07-07,IN,INR,Festive,2107.57,379.36,COD,1,58,2,0,Mobile_App,0,0
DHAN-ORD-101967,CUST-1919,2026-07-14,NP,NPR,Computers,3888.1,505.45,ESEWA,9,170,7,3,Mobile_App,0,1
DHAN-ORD-101968,CUST-1479,2026-07-13,IN,INR,Electronics,4582.14,824.79,RAZORPAY,1,32,2,0,Mobile_App,0,1
DHAN-ORD-101969,CUST-2093,2026-07-01,NP,NPR,Toys,1507.81,196.02,ESEWA,4,77,5,0,Mobile_App,0,0
DHAN-ORD-101970,CUST-1489,2026-07-01,NP,NPR,Computers,3528.22,458.67,CONNECT_IPS,9,61,3,0,Mobile_App,0,0
DHAN-ORD-101971,CUST-1633,2026-08-23,IN,INR,Electronics,2623.4,472.21,RAZORPAY,4,124,6,1,Mobile_App,0,0
DHAN-ORD-101972,CUST-1960,2026-07-10,NP,NPR,Kitchen,5138.31,667.98,ESEWA,8,129,1,0,Mobile_App,0,0
DHAN-ORD-101973,CUST-1397,2026-07-22,NP,NPR,Apparel,7622.67,990.95,CONNECT_IPS,8,130,2,0,Mobile_App,0,0
DHAN-ORD-101974,CUST-1753,2026-07-11,NP,NPR,Electronics,1553.22,201.92,ESEWA,5,170,3,0,Mobile_App,0,0
DHAN-ORD-101975,CUST-2389,2026-09-23,NP,NPR,Festive,7666.09,996.59,KHALTI,7,17,8,0,Mobile_Web,1,0
DHAN-ORD-101976,CUST-2168,2026-07-10,IN,INR,Kitchen,6565.74,1181.83,UPI,4,88,2,0,Mobile_App,0,0
DHAN-ORD-101977,CUST-1902,2026-07-17,IN,INR,Festive,2153.22,387.58,COD,2,287,2,1,Mobile_App,0,0
DHAN-ORD-101978,CUST-1945,2026-08-31,IN,INR,Beauty,34812.3,6266.21,RAZORPAY,9,162,4,0,Mobile_App,0,1
DHAN-ORD-101979,CUST-1577,2026-08-25,NP,NPR,Electronics,2238.45,291.0,KHALTI,6,37,3,0,Mobile_App,0,0
DHAN-ORD-101980,CUST-1782,2026-07-07,NP,NPR,Computers,1688.02,219.44,COD,5,116,5,0,Desktop,0,1
DHAN-ORD-101981,CUST-2029,2026-08-18,NP,NPR,Computers,5254.26,683.05,COD,7,49,2,0,Mobile_Web,0,0
DHAN-ORD-101982,CUST-2080,2026-07-19,AE,AED,Beauty,298.91,14.95,CARD,1,75,4,0,Desktop,0,0
DHAN-ORD-101983,CUST-1857,2026-07-20,IN,INR,Computers,627.6,112.97,UPI,6,43,4,1,Mobile_App,0,0
DHAN-ORD-101984,CUST-1331,2026-07-05,IN,INR,Kitchen,8919.79,1605.56,COD,9,192,3,0,Mobile_App,0,1
DHAN-ORD-101985,CUST-1408,2026-07-03,NP,NPR,Apparel,5816.46,756.14,ESEWA,2,50,3,0,Mobile_App,0,0
DHAN-ORD-101986,CUST-2238,2026-08-09,NP,NPR,Electronics,18041.88,2345.44,COD,5,84,6,2,Mobile_App,0,1
DHAN-ORD-101987,CUST-1283,2026-07-21,NP,NPR,Electronics,6669.84,867.08,KHALTI,9,23,2,0,Mobile_Web,0,0
DHAN-ORD-101988,CUST-1512,2026-07-18,NP,NPR,Fitness,496.81,64.59,CONNECT_IPS,1,277,3,0,Mobile_App,0,0
DHAN-ORD-101989,CUST-1106,2026-08-09,NP,NPR,Books,4200.34,546.04,KHALTI,6,142,1,0,Mobile_Web,0,0
DHAN-ORD-101990,CUST-2313,2026-08-13,AE,AED,Computers,150.0,7.5,APPLE_PAY,6,13,2,0,Mobile_Web,0,0
DHAN-ORD-101991,CUST-1984,2026-07-06,NP,NPR,Electronics,930.86,121.01,ESEWA,3,182,7,0,Mobile_Web,0,1
DHAN-ORD-101992,CUST-1760,2026-07-29,NP,NPR,Books,2201.7,286.22,KHALTI,5,215,4,1,Desktop,0,0
DHAN-ORD-101993,CUST-2135,2026-07-05,NP,NPR,Computers,1374.7,178.71,CONNECT_IPS,6,65,4,0,Mobile_App,0,0
DHAN-ORD-101994,CUST-1210,2026-08-11,AE,AED,Books,150.0,7.5,APPLE_PAY,6,82,4,0,Mobile_Web,0,0
DHAN-ORD-101995,CUST-2456,2026-08-02,IN,INR,Computers,6316.39,1136.95,UPI,7,161,3,1,Mobile_App,0,1
DHAN-ORD-101996,CUST-2056,2026-07-05,IN,INR,Festive,6167.79,1110.2,COD,2,81,2,0,Mobile_Web,0,1
DHAN-ORD-101997,CUST-1255,2026-07-03,AE,AED,Electronics,150.0,7.5,APPLE_PAY,6,74,4,0,Desktop,0,0
DHAN-ORD-101998,CUST-1583,2026-07-02,NP,NPR,Festive,428.21,55.67,ESEWA,5,66,4,0,Mobile_Web,0,0
DHAN-ORD-101999,CUST-1171,2026-07-10,IN,INR,Electronics,333.25,59.98,UPI,9,76,3,1,Mobile_App,0,1
DHAN-ORD-102000,CUST-1328,2026-07-10,NP,NPR,Apparel,3584.3,465.96,ESEWA,2,154,4,0,Mobile_App,0,1
DHAN-ORD-102001,CUST-1558,2026-07-09,NP,NPR,Computers,5688.09,739.45,ESEWA,9,189,4,0,Mobile_App,0,0
DHAN-ORD-102002,CUST-1920,2026-09-10,IN,INR,Electronics,271.74,48.91,UPI,1,76,5,0,Mobile_App,1,0
DHAN-ORD-102003,CUST-2051,2026-07-09,IN,INR,Fitness,2774.57,499.42,UPI,2,142,8,1,Desktop,0,0
DHAN-ORD-102004,CUST-1301,2026-07-10,NP,NPR,Beauty,1669.52,217.04,CONNECT_IPS,4,185,5,0,Mobile_Web,0,1
DHAN-ORD-102005,CUST-1895,2026-08-12,NP,NPR,Festive,5133.43,667.35,ESEWA,3,247,2,0,Mobile_App,0,0
DHAN-ORD-102006,CUST-1187,2026-07-18,NP,NPR,Kitchen,2934.78,381.52,KHALTI,9,72,1,0,Mobile_App,0,0
DHAN-ORD-102007,CUST-1454,2026-08-14,NP,NPR,Festive,3552.84,461.87,KHALTI,6,68,4,1,Mobile_App,0,0
DHAN-ORD-102008,CUST-1923,2026-07-03,NP,NPR,Kitchen,21677.03,2818.01,COD,5,233,3,1,Mobile_App,0,0
DHAN-ORD-102009,CUST-1715,2026-07-21,NP,NPR,Books,150.0,19.5,COD,6,101,2,0,Mobile_Web,0,0
DHAN-ORD-102010,CUST-1054,2026-07-02,NP,NPR,Books,8616.78,1120.18,ESEWA,3,146,1,0,Desktop,0,1
DHAN-ORD-102011,CUST-1849,2026-07-02,IN,INR,Electronics,3371.79,606.92,COD,5,420,3,0,Mobile_App,0,0
DHAN-ORD-102012,CUST-1109,2026-09-10,NP,NPR,Festive,24556.95,3192.4,CONNECT_IPS,4,164,6,0,Mobile_App,1,1
DHAN-ORD-102013,CUST-1811,2026-07-05,NP,NPR,Festive,11605.61,1508.73,KHALTI,4,196,5,0,Mobile_App,0,0
DHAN-ORD-102014,CUST-2028,2026-07-23,NP,NPR,Electronics,6410.86,833.41,ESEWA,2,51,4,1,Mobile_Web,0,0
DHAN-ORD-102015,CUST-1765,2026-07-16,IN,INR,Apparel,4383.83,789.09,RAZORPAY,9,271,8,0,Desktop,0,0
DHAN-ORD-102016,CUST-1482,2026-07-13,NP,NPR,Computers,4220.92,548.72,ESEWA,8,134,5,0,Mobile_App,0,0
DHAN-ORD-102017,CUST-1790,2026-09-08,NP,NPR,Festive,2575.09,334.76,KHALTI,1,139,2,1,Mobile_App,1,1
DHAN-ORD-102018,CUST-1167,2026-07-01,NP,NPR,Electronics,9967.99,1295.84,CONNECT_IPS,4,203,0,0,Mobile_App,0,0
DHAN-ORD-102019,CUST-1767,2026-08-02,IN,INR,Computers,688.24,123.88,UPI,4,97,6,0,Mobile_App,0,0
DHAN-ORD-102020,CUST-1459,2026-07-10,IN,INR,Kitchen,2213.88,398.5,CARD,8,28,2,0,Mobile_Web,0,0
DHAN-ORD-102021,CUST-1057,2026-07-25,IN,INR,Apparel,249.64,44.94,RAZORPAY,6,238,1,0,Mobile_App,0,0
DHAN-ORD-102022,CUST-1652,2026-09-21,AE,AED,Festive,229.94,11.5,APPLE_PAY,4,85,10,1,Mobile_App,1,0
DHAN-ORD-102023,CUST-1202,2026-07-02,IN,INR,Books,4443.23,799.78,COD,6,221,3,0,Mobile_App,0,0
DHAN-ORD-102024,CUST-2463,2026-07-17,IN,INR,Kitchen,1133.74,204.07,COD,8,113,3,0,Mobile_App,0,1
DHAN-ORD-102025,CUST-2331,2026-07-10,NP,NPR,Computers,2033.51,264.36,COD,8,30,3,0,Mobile_App,0,1
DHAN-ORD-102026,CUST-1686,2026-08-09,NP,NPR,Toys,3563.67,463.28,CONNECT_IPS,8,114,4,1,Mobile_App,0,1
DHAN-ORD-102027,CUST-1299,2026-07-30,AE,AED,Apparel,653.53,32.68,CARD,5,104,5,2,Mobile_App,0,1
DHAN-ORD-102028,CUST-1281,2026-07-09,NP,NPR,Kitchen,4709.59,612.25,ESEWA,2,160,1,0,Mobile_App,0,0
DHAN-ORD-102029,CUST-1078,2026-08-01,NP,NPR,Electronics,2382.14,309.68,ESEWA,6,112,4,1,Mobile_App,0,1
DHAN-ORD-102030,CUST-1587,2026-07-07,IN,INR,Beauty,820.4,147.67,CARD,1,135,5,2,Desktop,0,1
DHAN-ORD-102031,CUST-1967,2026-07-25,NP,NPR,Kitchen,2337.3,303.85,ESEWA,6,122,5,0,Mobile_App,0,0
DHAN-ORD-102032,CUST-2425,2026-07-19,IN,INR,Toys,4127.34,742.92,RAZORPAY,5,104,3,0,Mobile_App,0,0
DHAN-ORD-102033,CUST-1284,2026-07-18,IN,INR,Beauty,647.5,116.55,UPI,8,335,4,1,Mobile_Web,0,0
DHAN-ORD-102034,CUST-2444,2026-07-29,NP,NPR,Festive,36968.95,4805.96,ESEWA,5,23,6,1,Mobile_Web,0,0
DHAN-ORD-102035,CUST-1960,2026-07-13,IN,INR,Beauty,7793.98,1402.92,COD,8,130,4,1,Mobile_App,0,0
DHAN-ORD-102036,CUST-1918,2026-07-04,NP,NPR,Electronics,4813.92,625.81,ESEWA,7,157,5,0,Mobile_App,0,0
DHAN-ORD-102037,CUST-2260,2026-07-05,NP,NPR,Festive,17549.53,2281.44,KHALTI,8,87,5,1,Mobile_App,0,0
DHAN-ORD-102038,CUST-1010,2026-07-08,NP,NPR,Apparel,19474.05,2531.63,ESEWA,7,131,3,2,Mobile_App,0,0
DHAN-ORD-102039,CUST-1162,2026-07-09,IN,INR,Electronics,1061.58,191.08,UPI,8,38,3,0,Mobile_App,0,0
DHAN-ORD-102040,CUST-1038,2026-08-27,IN,INR,Apparel,1437.98,258.84,RAZORPAY,6,59,6,1,Mobile_App,0,0
DHAN-ORD-102041,CUST-1524,2026-07-25,NP,NPR,Kitchen,8515.47,1107.01,COD,1,108,3,0,Mobile_App,0,1
DHAN-ORD-102042,CUST-1441,2026-07-23,IN,INR,Festive,1246.94,224.45,RAZORPAY,4,26,4,0,Mobile_Web,0,0
DHAN-ORD-102043,CUST-1306,2026-07-04,NP,NPR,Beauty,1961.55,255.0,COD,8,35,3,1,Mobile_App,0,0
DHAN-ORD-102044,CUST-2123,2026-08-29,AE,AED,Toys,152.73,7.64,APPLE_PAY,8,64,4,0,Mobile_App,0,0
DHAN-ORD-102045,CUST-2489,2026-08-08,NP,NPR,Computers,2820.24,366.63,KHALTI,3,110,2,0,Mobile_App,0,0
DHAN-ORD-102046,CUST-2246,2026-07-03,IN,INR,Kitchen,3815.75,686.83,UPI,8,61,5,1,Desktop,0,0
DHAN-ORD-102047,CUST-2080,2026-08-06,NP,NPR,Books,1872.67,243.45,ESEWA,9,179,2,0,Mobile_Web,0,0
DHAN-ORD-102048,CUST-1866,2026-07-24,NP,NPR,Fitness,5177.48,673.07,COD,2,99,2,0,Mobile_App,0,0
DHAN-ORD-102049,CUST-1227,2026-07-03,NP,NPR,Electronics,2822.11,366.87,ESEWA,5,26,2,0,Mobile_App,0,0
DHAN-ORD-102050,CUST-1590,2026-07-19,IN,INR,Electronics,2008.85,361.59,COD,1,153,2,0,Mobile_Web,0,0
DHAN-ORD-102051,CUST-1486,2026-07-20,NP,NPR,Electronics,3356.06,436.29,COD,8,74,3,0,Mobile_App,0,1
DHAN-ORD-102052,CUST-1616,2026-07-06,AE,AED,Apparel,236.7,11.84,APPLE_PAY,2,93,5,0,Mobile_App,0,0
DHAN-ORD-102053,CUST-1249,2026-09-26,NP,NPR,Toys,1022.58,132.94,ESEWA,5,77,2,0,Desktop,1,0
DHAN-ORD-102054,CUST-1097,2026-08-26,NP,NPR,Toys,4684.59,609.0,ESEWA,4,38,1,0,Mobile_App,0,0
DHAN-ORD-102055,CUST-1488,2026-08-03,NP,NPR,Beauty,3544.15,460.74,CONNECT_IPS,7,43,4,2,Desktop,0,1
DHAN-ORD-102056,CUST-1859,2026-07-19,IN,INR,Fitness,1266.23,227.92,CARD,6,77,5,0,Mobile_App,0,0
DHAN-ORD-102057,CUST-2308,2026-07-16,NP,NPR,Kitchen,12933.65,1681.37,COD,9,159,4,0,Mobile_Web,0,0
DHAN-ORD-102058,CUST-2275,2026-08-01,IN,INR,Computers,2135.19,384.33,UPI,2,137,1,0,Mobile_App,0,0
DHAN-ORD-102059,CUST-1936,2026-07-24,AE,AED,Apparel,150.0,7.5,COD,6,133,4,1,Desktop,0,0
DHAN-ORD-102060,CUST-1128,2026-07-02,AE,AED,Books,459.33,22.97,COD,9,198,4,0,Mobile_App,0,0
DHAN-ORD-102061,CUST-1227,2026-07-22,NP,NPR,Fitness,1125.54,146.32,COD,9,124,5,0,Mobile_App,0,0
DHAN-ORD-102062,CUST-2023,2026-08-19,IN,INR,Apparel,875.04,157.51,UPI,2,224,3,0,Mobile_App,0,0
DHAN-ORD-102063,CUST-2222,2026-07-19,IN,INR,Apparel,2474.68,445.44,UPI,8,97,2,0,Desktop,0,0
DHAN-ORD-102064,CUST-2097,2026-07-02,NP,NPR,Festive,2945.85,382.96,KHALTI,2,143,4,0,Mobile_Web,0,0
DHAN-ORD-102065,CUST-1033,2026-08-16,IN,INR,Kitchen,2426.99,436.86,UPI,5,274,2,0,Mobile_App,0,0
DHAN-ORD-102066,CUST-2294,2026-07-07,NP,NPR,Kitchen,2284.63,297.0,COD,7,56,1,0,Mobile_App,0,1
DHAN-ORD-102067,CUST-2055,2026-07-09,NP,NPR,Books,20233.05,2630.3,ESEWA,1,33,3,0,Mobile_App,0,0
DHAN-ORD-102068,CUST-2177,2026-07-06,NP,NPR,Festive,2092.66,272.05,ESEWA,4,52,2,0,Mobile_App,0,0
DHAN-ORD-102069,CUST-1495,2026-07-13,NP,NPR,Electronics,1800.97,234.13,ESEWA,9,229,5,0,Mobile_Web,0,0
DHAN-ORD-102070,CUST-2471,2026-08-12,NP,NPR,Beauty,2100.29,273.04,ESEWA,3,141,3,1,Desktop,0,0
DHAN-ORD-102071,CUST-1294,2026-07-22,NP,NPR,Kitchen,1960.88,254.91,ESEWA,7,81,2,0,Mobile_App,0,0
DHAN-ORD-102072,CUST-1596,2026-07-07,IN,INR,Computers,8042.12,1447.58,UPI,5,224,3,0,Mobile_App,0,0
DHAN-ORD-102073,CUST-1879,2026-09-02,NP,NPR,Books,6333.41,823.34,CONNECT_IPS,6,195,4,0,Mobile_Web,1,1
DHAN-ORD-102074,CUST-1003,2026-09-02,NP,NPR,Kitchen,16541.76,2150.43,ESEWA,8,246,6,0,Desktop,1,0
DHAN-ORD-102075,CUST-2259,2026-08-31,NP,NPR,Festive,5634.75,732.52,KHALTI,9,139,6,2,Mobile_App,0,0
DHAN-ORD-102076,CUST-1722,2026-07-09,IN,INR,Electronics,8242.75,1483.69,RAZORPAY,7,66,5,0,Mobile_App,0,0
DHAN-ORD-102077,CUST-1492,2026-07-19,IN,INR,Beauty,986.07,177.49,COD,5,298,5,0,Mobile_App,0,0
DHAN-ORD-102078,CUST-2168,2026-08-05,IN,INR,Computers,4477.69,805.98,COD,4,15,4,1,Mobile_App,0,1
DHAN-ORD-102079,CUST-1853,2026-08-14,IN,INR,Toys,2404.25,432.76,UPI,1,110,5,0,Mobile_App,0,0
DHAN-ORD-102080,CUST-1383,2026-07-01,NP,NPR,Apparel,5793.82,753.2,KHALTI,6,22,6,0,Desktop,0,0
DHAN-ORD-102081,CUST-2360,2026-07-03,IN,INR,Apparel,5752.74,1035.49,UPI,1,72,2,1,Mobile_Web,0,0
DHAN-ORD-102082,CUST-2368,2026-07-19,NP,NPR,Computers,1490.33,193.74,CONNECT_IPS,5,74,1,0,Mobile_App,0,0
DHAN-ORD-102083,CUST-1175,2026-09-10,NP,NPR,Electronics,9868.45,1282.9,COD,4,85,1,0,Mobile_App,1,0
DHAN-ORD-102084,CUST-2072,2026-07-24,IN,INR,Computers,444.21,79.96,RAZORPAY,3,240,4,1,Mobile_App,0,0
DHAN-ORD-102085,CUST-1738,2026-07-21,NP,NPR,Electronics,1099.04,142.88,ESEWA,1,35,1,0,Mobile_Web,0,0
DHAN-ORD-102086,CUST-1138,2026-07-04,IN,INR,Apparel,901.07,162.19,COD,1,4,1,0,Mobile_App,0,0
DHAN-ORD-102087,CUST-2077,2026-08-02,IN,INR,Apparel,7316.61,1316.99,UPI,8,159,4,1,Mobile_Web,0,0
DHAN-ORD-102088,CUST-2114,2026-08-21,NP,NPR,Apparel,1037.74,134.91,CONNECT_IPS,2,90,3,0,Mobile_App,0,0
DHAN-ORD-102089,CUST-2039,2026-07-15,NP,NPR,Beauty,874.5,113.69,ESEWA,1,52,4,0,Mobile_App,0,0
DHAN-ORD-102090,CUST-2039,2026-08-14,NP,NPR,Electronics,2448.72,318.33,COD,9,104,4,0,Mobile_App,0,0
DHAN-ORD-102091,CUST-2134,2026-07-11,AE,AED,Electronics,150.0,7.5,CARD,6,63,6,0,Mobile_App,0,0
DHAN-ORD-102092,CUST-1041,2026-07-07,IN,INR,Computers,2986.95,537.65,CARD,7,108,1,0,Mobile_App,0,0
DHAN-ORD-102093,CUST-1799,2026-07-23,NP,NPR,Festive,3095.84,402.46,ESEWA,8,42,5,0,Mobile_App,0,0
DHAN-ORD-102094,CUST-1962,2026-07-11,NP,NPR,Apparel,5056.03,657.28,ESEWA,7,200,1,0,Mobile_App,0,0
DHAN-ORD-102095,CUST-1089,2026-08-17,IN,INR,Electronics,1906.94,343.25,RAZORPAY,7,141,0,0,Mobile_Web,0,0
DHAN-ORD-102096,CUST-2301,2026-07-26,IN,INR,Electronics,5783.77,1041.08,RAZORPAY,5,125,2,0,Mobile_Web,0,0
DHAN-ORD-102097,CUST-1792,2026-07-31,NP,NPR,Festive,2021.12,262.75,ESEWA,5,179,3,0,Mobile_App,0,0
DHAN-ORD-102098,CUST-1764,2026-08-17,NP,NPR,Toys,1033.28,134.33,ESEWA,7,152,4,0,Mobile_App,0,0
DHAN-ORD-102099,CUST-1519,2026-07-16,IN,INR,Apparel,375.61,67.61,RAZORPAY,6,137,2,0,Desktop,0,0
DHAN-ORD-102100,CUST-1033,2026-09-12,NP,NPR,Kitchen,1292.05,167.97,ESEWA,5,190,6,2,Mobile_App,1,0
DHAN-ORD-102101,CUST-1731,2026-07-23,NP,NPR,Electronics,2702.71,351.35,ESEWA,2,359,2,1,Mobile_App,0,0
DHAN-ORD-102102,CUST-1138,2026-07-06,AE,AED,Books,262.41,13.12,APPLE_PAY,1,42,3,0,Mobile_App,0,0
DHAN-ORD-102103,CUST-1706,2026-08-05,IN,INR,Fitness,1009.93,181.79,RAZORPAY,1,8,6,1,Mobile_Web,0,0
DHAN-ORD-102104,CUST-1493,2026-08-17,NP,NPR,Electronics,4014.12,521.84,ESEWA,9,328,4,0,Desktop,0,0
DHAN-ORD-102105,CUST-2345,2026-07-12,NP,NPR,Festive,9908.27,1288.08,COD,8,78,4,1,Mobile_App,0,1
DHAN-ORD-102106,CUST-2286,2026-08-28,NP,NPR,Toys,11988.54,1558.51,COD,9,133,3,0,Mobile_App,0,0
DHAN-ORD-102107,CUST-1212,2026-09-09,NP,NPR,Electronics,390.68,50.79,COD,3,80,3,0,Mobile_App,1,0
DHAN-ORD-102108,CUST-2191,2026-07-10,IN,INR,Kitchen,2034.42,366.2,RAZORPAY,9,136,3,0,Mobile_Web,0,0
DHAN-ORD-102109,CUST-1680,2026-08-03,NP,NPR,Electronics,2826.33,367.42,ESEWA,9,147,2,1,Mobile_Web,0,1
DHAN-ORD-102110,CUST-1273,2026-07-05,IN,INR,Computers,2140.6,385.31,UPI,7,195,3,0,Desktop,0,0
DHAN-ORD-102111,CUST-1090,2026-07-07,AE,AED,Toys,466.65,23.33,CARD,7,114,4,1,Mobile_App,0,0
DHAN-ORD-102112,CUST-1721,2026-07-07,NP,NPR,Electronics,613.95,79.81,ESEWA,1,312,6,0,Mobile_App,0,0
DHAN-ORD-102113,CUST-2118,2026-09-06,NP,NPR,Festive,785.39,102.1,COD,2,222,3,0,Mobile_Web,1,1
DHAN-ORD-102114,CUST-1693,2026-08-01,NP,NPR,Books,5649.1,734.38,KHALTI,6,66,1,0,Mobile_App,0,0
DHAN-ORD-102115,CUST-2316,2026-07-05,AE,AED,Computers,175.47,8.77,COD,4,106,2,0,Mobile_App,0,0
DHAN-ORD-102116,CUST-1358,2026-07-18,IN,INR,Beauty,2892.75,520.69,UPI,3,240,2,0,Mobile_App,0,0
DHAN-ORD-102117,CUST-2402,2026-07-29,NP,NPR,Fitness,5046.99,656.11,CONNECT_IPS,6,50,4,1,Mobile_App,0,1
DHAN-ORD-102118,CUST-1951,2026-07-03,IN,INR,Fitness,29886.45,5379.56,RAZORPAY,6,154,1,0,Mobile_App,0,0
DHAN-ORD-102119,CUST-2424,2026-09-03,IN,INR,Toys,6032.73,1085.89,COD,2,152,1,0,Desktop,1,1
DHAN-ORD-102120,CUST-1980,2026-08-18,AE,AED,Kitchen,314.59,15.73,APPLE_PAY,8,4,5,1,Mobile_App,0,0
DHAN-ORD-102121,CUST-2293,2026-07-22,NP,NPR,Beauty,3164.01,411.32,ESEWA,5,79,2,0,Mobile_App,0,0
DHAN-ORD-102122,CUST-1373,2026-07-13,NP,NPR,Apparel,3305.81,429.76,KHALTI,2,177,4,0,Desktop,0,0
DHAN-ORD-102123,CUST-1276,2026-07-17,IN,INR,Books,8992.33,1618.62,RAZORPAY,1,63,2,1,Mobile_Web,0,1
DHAN-ORD-102124,CUST-1129,2026-08-04,NP,NPR,Electronics,10763.17,1399.21,KHALTI,8,163,2,0,Desktop,0,0
DHAN-ORD-102125,CUST-2466,2026-08-03,NP,NPR,Festive,991.67,128.92,KHALTI,1,240,9,1,Mobile_App,0,0
DHAN-ORD-102126,CUST-1937,2026-07-31,NP,NPR,Electronics,1124.76,146.22,COD,8,174,3,0,Desktop,0,0
DHAN-ORD-102127,CUST-1075,2026-07-06,NP,NPR,Books,24090.14,3131.72,CONNECT_IPS,6,37,1,0,Mobile_App,0,0
DHAN-ORD-102128,CUST-1600,2026-09-03,NP,NPR,Apparel,682.67,88.75,ESEWA,7,24,6,1,Desktop,1,0
DHAN-ORD-102129,CUST-1412,2026-07-17,AE,AED,Beauty,252.94,12.65,CARD,9,75,1,0,Mobile_Web,0,0
DHAN-ORD-102130,CUST-1089,2026-07-06,NP,NPR,Apparel,1982.69,257.75,KHALTI,2,208,1,0,Mobile_App,0,0
DHAN-ORD-102131,CUST-1408,2026-07-01,NP,NPR,Electronics,11676.59,1517.96,KHALTI,3,111,1,0,Mobile_App,0,0
DHAN-ORD-102132,CUST-1085,2026-07-25,IN,INR,Electronics,2730.64,491.52,COD,3,186,3,0,Desktop,0,0
DHAN-ORD-102133,CUST-1646,2026-07-23,NP,NPR,Computers,1675.25,217.78,CONNECT_IPS,1,120,4,0,Mobile_Web,0,0
DHAN-ORD-102134,CUST-1635,2026-08-08,NP,NPR,Computers,993.13,129.11,KHALTI,3,109,5,0,Mobile_App,0,0
DHAN-ORD-102135,CUST-2055,2026-09-05,IN,INR,Kitchen,3054.63,549.83,UPI,3,76,6,0,Mobile_Web,1,0
DHAN-ORD-102136,CUST-1815,2026-07-03,IN,INR,Toys,4095.17,737.13,CARD,9,51,2,0,Mobile_App,0,0
DHAN-ORD-102137,CUST-2112,2026-08-09,IN,INR,Apparel,661.59,119.09,COD,4,125,4,0,Mobile_App,0,1
DHAN-ORD-102138,CUST-1969,2026-07-07,IN,INR,Computers,5459.3,982.67,UPI,5,57,1,0,Mobile_App,0,0
DHAN-ORD-102139,CUST-1518,2026-08-28,NP,NPR,Festive,3029.86,393.88,KHALTI,5,95,5,0,Mobile_App,0,0
DHAN-ORD-102140,CUST-1074,2026-08-21,AE,AED,Apparel,278.35,13.92,CARD,8,82,5,0,Mobile_App,0,1
DHAN-ORD-102141,CUST-2324,2026-07-24,NP,NPR,Books,408.41,53.09,COD,3,8,3,2,Mobile_App,0,1
DHAN-ORD-102142,CUST-1391,2026-08-07,IN,INR,Apparel,734.97,132.29,RAZORPAY,5,158,4,0,Mobile_Web,0,0
DHAN-ORD-102143,CUST-1585,2026-07-12,NP,NPR,Electronics,1280.65,166.48,ESEWA,2,95,5,0,Desktop,0,0
DHAN-ORD-102144,CUST-1731,2026-07-20,AE,AED,Beauty,150.0,7.5,APPLE_PAY,6,34,4,0,Mobile_App,0,0
DHAN-ORD-102145,CUST-1097,2026-08-21,IN,INR,Apparel,3469.7,624.55,CARD,4,90,3,0,Mobile_App,0,0
DHAN-ORD-102146,CUST-2342,2026-07-19,IN,INR,Computers,1567.38,282.13,UPI,1,47,3,0,Mobile_App,0,0
DHAN-ORD-102147,CUST-1679,2026-07-14,NP,NPR,Computers,4534.04,589.43,KHALTI,7,57,4,1,Mobile_Web,0,0
DHAN-ORD-102148,CUST-1559,2026-07-21,NP,NPR,Computers,1308.43,170.1,ESEWA,3,32,9,0,Mobile_App,0,0
DHAN-ORD-102149,CUST-1254,2026-08-22,IN,INR,Electronics,844.14,151.95,RAZORPAY,7,83,3,0,Mobile_App,0,0
DHAN-ORD-102150,CUST-1753,2026-07-13,IN,INR,Kitchen,3708.05,667.45,UPI,9,204,5,0,Mobile_Web,0,0
DHAN-ORD-102151,CUST-1894,2026-07-06,NP,NPR,Beauty,13630.45,1771.96,KHALTI,4,40,4,0,Mobile_App,0,0
DHAN-ORD-102152,CUST-1819,2026-08-07,AE,AED,Computers,150.0,7.5,CARD,6,103,1,0,Mobile_App,0,0
DHAN-ORD-102153,CUST-1900,2026-08-22,IN,INR,Apparel,633.43,114.02,UPI,3,86,8,1,Mobile_App,0,0
DHAN-ORD-102154,CUST-1791,2026-07-04,NP,NPR,Apparel,1838.21,238.97,ESEWA,2,97,4,1,Mobile_Web,0,0
DHAN-ORD-102155,CUST-1694,2026-07-09,IN,INR,Electronics,275.75,49.63,UPI,5,225,2,0,Mobile_App,0,0
DHAN-ORD-102156,CUST-1382,2026-07-05,NP,NPR,Computers,9953.05,1293.9,CONNECT_IPS,8,13,2,0,Desktop,0,0
DHAN-ORD-102157,CUST-2016,2026-07-13,NP,NPR,Computers,2235.58,290.63,ESEWA,3,108,2,1,Mobile_Web,0,1
DHAN-ORD-102158,CUST-2417,2026-07-18,NP,NPR,Kitchen,2743.69,356.68,ESEWA,7,181,3,1,Mobile_Web,0,0
DHAN-ORD-102159,CUST-2018,2026-08-11,IN,INR,Electronics,4143.79,745.88,UPI,3,20,0,0,Desktop,0,0
DHAN-ORD-102160,CUST-1752,2026-08-01,IN,INR,Kitchen,3461.08,622.99,UPI,5,131,3,0,Mobile_App,0,0
DHAN-ORD-102161,CUST-2063,2026-07-30,NP,NPR,Apparel,5622.14,730.88,COD,6,30,2,0,Mobile_App,0,0
DHAN-ORD-102162,CUST-1546,2026-07-14,IN,INR,Beauty,2542.67,457.68,UPI,4,33,2,0,Mobile_App,0,0
DHAN-ORD-102163,CUST-1169,2026-08-25,IN,INR,Electronics,1060.91,190.96,UPI,7,51,4,1,Mobile_Web,0,0
DHAN-ORD-102164,CUST-2489,2026-07-20,IN,INR,Kitchen,1999.85,359.97,CARD,1,3,3,1,Desktop,0,1
DHAN-ORD-102165,CUST-1869,2026-07-27,NP,NPR,Apparel,6256.83,813.39,KHALTI,1,139,4,0,Mobile_Web,0,1
DHAN-ORD-102166,CUST-1161,2026-07-31,IN,INR,Festive,32114.42,5780.6,COD,2,157,1,0,Mobile_App,0,1
DHAN-ORD-102167,CUST-1881,2026-07-05,NP,NPR,Toys,1633.63,212.37,ESEWA,4,24,4,0,Mobile_Web,0,0
DHAN-ORD-102168,CUST-2233,2026-08-03,NP,NPR,Apparel,4993.13,649.11,COD,7,136,3,0,Mobile_App,0,1
DHAN-ORD-102169,CUST-1369,2026-07-12,NP,NPR,Kitchen,1263.38,164.24,ESEWA,3,53,6,0,Mobile_Web,0,0
DHAN-ORD-102170,CUST-2117,2026-08-04,NP,NPR,Kitchen,4588.24,596.47,ESEWA,7,234,1,0,Mobile_App,0,0
DHAN-ORD-102171,CUST-1601,2026-07-03,IN,INR,Festive,2795.53,503.2,RAZORPAY,5,43,3,0,Mobile_App,0,0
DHAN-ORD-102172,CUST-1657,2026-07-06,NP,NPR,Computers,5513.36,716.74,COD,5,58,3,0,Mobile_App,0,0
DHAN-ORD-102173,CUST-1210,2026-08-28,IN,INR,Books,4909.0,883.62,RAZORPAY,4,105,4,1,Mobile_App,0,0
DHAN-ORD-102174,CUST-1163,2026-07-08,NP,NPR,Apparel,403.84,52.5,KHALTI,7,14,6,2,Mobile_App,0,1
DHAN-ORD-102175,CUST-1671,2026-08-24,NP,NPR,Apparel,1525.21,198.28,CONNECT_IPS,4,337,4,0,Mobile_App,0,0
DHAN-ORD-102176,CUST-2353,2026-07-10,AE,AED,Computers,150.0,7.5,CARD,6,13,4,1,Desktop,0,0
DHAN-ORD-102177,CUST-1605,2026-07-31,IN,INR,Apparel,5023.44,904.22,UPI,1,42,4,2,Mobile_App,0,1
DHAN-ORD-102178,CUST-1627,2026-08-05,NP,NPR,Beauty,3054.42,397.07,ESEWA,3,69,5,0,Mobile_App,0,0
DHAN-ORD-102179,CUST-1913,2026-07-22,NP,NPR,Computers,6746.95,877.1,KHALTI,5,215,3,0,Mobile_App,0,0
DHAN-ORD-102180,CUST-2234,2026-07-11,NP,NPR,Electronics,333.74,43.39,KHALTI,9,98,0,0,Mobile_App,0,0
DHAN-ORD-102181,CUST-2469,2026-07-08,NP,NPR,Festive,3439.24,447.1,ESEWA,1,274,2,0,Mobile_Web,0,0
DHAN-ORD-102182,CUST-1872,2026-07-02,IN,INR,Beauty,1192.43,214.64,RAZORPAY,4,38,2,0,Mobile_App,0,0
DHAN-ORD-102183,CUST-1341,2026-07-11,IN,INR,Kitchen,800.01,144.0,RAZORPAY,8,27,2,1,Desktop,0,1
DHAN-ORD-102184,CUST-2412,2026-08-01,NP,NPR,Computers,4537.24,589.84,ESEWA,1,46,3,0,Mobile_App,0,0
DHAN-ORD-102185,CUST-1909,2026-09-22,AE,AED,Toys,205.17,10.26,COD,7,170,2,0,Mobile_Web,1,0
DHAN-ORD-102186,CUST-1719,2026-08-31,IN,INR,Apparel,4945.64,890.22,RAZORPAY,4,112,1,0,Mobile_Web,0,0
DHAN-ORD-102187,CUST-1915,2026-08-13,NP,NPR,Apparel,2151.14,279.65,ESEWA,9,45,6,1,Mobile_Web,0,0
DHAN-ORD-102188,CUST-1086,2026-08-16,NP,NPR,Beauty,3148.94,409.36,ESEWA,7,214,4,2,Mobile_Web,0,1
DHAN-ORD-102189,CUST-2488,2026-08-02,IN,INR,Kitchen,3850.92,693.17,UPI,7,66,2,0,Mobile_Web,0,0
DHAN-ORD-102190,CUST-1722,2026-07-10,IN,INR,Apparel,4339.01,781.02,COD,1,196,5,0,Mobile_App,0,1
DHAN-ORD-102191,CUST-2259,2026-09-10,NP,NPR,Electronics,17025.43,2213.31,ESEWA,6,93,2,0,Desktop,1,0
DHAN-ORD-102192,CUST-1890,2026-08-03,NP,NPR,Books,487.62,63.39,ESEWA,1,544,1,0,Mobile_App,0,1
DHAN-ORD-102193,CUST-1562,2026-07-25,NP,NPR,Apparel,10413.12,1353.71,KHALTI,9,86,3,0,Mobile_App,0,0
DHAN-ORD-102194,CUST-2309,2026-07-04,IN,INR,Electronics,5354.82,963.87,COD,8,57,3,0,Desktop,0,1
DHAN-ORD-102195,CUST-1117,2026-07-18,NP,NPR,Kitchen,879.35,114.32,COD,6,132,7,2,Mobile_Web,0,1
DHAN-ORD-102196,CUST-1153,2026-07-19,NP,NPR,Fitness,8853.78,1150.99,ESEWA,6,173,3,0,Mobile_App,0,0
DHAN-ORD-102197,CUST-2374,2026-08-29,IN,INR,Electronics,954.0,171.72,UPI,9,298,2,0,Mobile_Web,0,0
DHAN-ORD-102198,CUST-2305,2026-07-24,AE,AED,Electronics,150.0,7.5,CARD,6,146,3,0,Desktop,0,0
DHAN-ORD-102199,CUST-1831,2026-07-15,AE,AED,Apparel,150.0,7.5,APPLE_PAY,6,225,1,1,Mobile_App,0,1
DHAN-ORD-102200,CUST-1744,2026-07-23,NP,NPR,Electronics,2423.34,315.03,COD,2,120,5,0,Mobile_App,0,1
DHAN-ORD-102201,CUST-2050,2026-07-04,NP,NPR,Fitness,8209.64,1067.25,ESEWA,1,133,4,0,Mobile_App,0,0
DHAN-ORD-102202,CUST-2391,2026-07-17,NP,NPR,Computers,6445.4,837.9,ESEWA,1,115,6,0,Mobile_App,0,0
DHAN-ORD-102203,CUST-1327,2026-07-02,NP,NPR,Toys,2193.18,285.11,KHALTI,6,109,5,0,Mobile_Web,0,0
DHAN-ORD-102204,CUST-1063,2026-08-10,AE,AED,Computers,150.0,7.5,CARD,6,58,2,1,Mobile_App,0,0
DHAN-ORD-102205,CUST-1292,2026-09-14,NP,NPR,Computers,2232.27,290.2,CONNECT_IPS,9,105,1,0,Desktop,1,0
DHAN-ORD-102206,CUST-2244,2026-07-10,NP,NPR,Festive,17127.26,2226.54,ESEWA,9,165,3,0,Mobile_App,0,0
DHAN-ORD-102207,CUST-2388,2026-08-28,NP,NPR,Apparel,1407.94,183.03,ESEWA,3,192,2,0,Mobile_App,0,0
DHAN-ORD-102208,CUST-1897,2026-07-11,NP,NPR,Kitchen,18819.96,2446.59,CONNECT_IPS,9,84,4,0,Mobile_App,0,0
DHAN-ORD-102209,CUST-1071,2026-09-11,IN,INR,Electronics,16289.11,2932.04,UPI,8,168,2,0,Mobile_Web,1,0
DHAN-ORD-102210,CUST-1258,2026-08-12,NP,NPR,Apparel,2750.03,357.5,ESEWA,5,116,4,1,Mobile_App,0,0
DHAN-ORD-102211,CUST-1137,2026-08-19,NP,NPR,Beauty,6662.1,866.07,KHALTI,2,96,1,0,Mobile_App,0,0
DHAN-ORD-102212,CUST-1483,2026-07-01,NP,NPR,Books,2001.65,260.21,CONNECT_IPS,3,74,2,0,Desktop,0,0
DHAN-ORD-102213,CUST-2321,2026-07-09,NP,NPR,Books,6249.71,812.46,ESEWA,3,50,3,0,Mobile_App,0,0
DHAN-ORD-102214,CUST-1750,2026-08-08,NP,NPR,Apparel,704.28,91.56,ESEWA,2,159,2,0,Mobile_Web,0,0
DHAN-ORD-102215,CUST-1741,2026-07-11,IN,INR,Kitchen,6090.43,1096.28,UPI,6,123,2,0,Mobile_App,0,0
DHAN-ORD-102216,CUST-1784,2026-08-23,IN,INR,Beauty,2458.21,442.48,UPI,1,170,2,0,Mobile_App,0,0
DHAN-ORD-102217,CUST-2161,2026-07-10,IN,INR,Apparel,3367.64,606.18,UPI,1,125,7,3,Mobile_App,0,1
DHAN-ORD-102218,CUST-1066,2026-08-31,AE,AED,Computers,375.99,18.8,APPLE_PAY,6,179,2,1,Mobile_App,0,1
DHAN-ORD-102219,CUST-2239,2026-07-04,AE,AED,Electronics,169.47,8.47,CARD,7,45,4,0,Desktop,0,0
DHAN-ORD-102220,CUST-1314,2026-08-06,AE,AED,Computers,300.78,15.04,CARD,3,136,4,0,Desktop,0,1
DHAN-ORD-102221,CUST-2390,2026-07-24,NP,NPR,Computers,173.13,22.51,ESEWA,2,27,10,1,Mobile_Web,0,0
DHAN-ORD-102222,CUST-1921,2026-07-04,NP,NPR,Electronics,7447.31,968.15,ESEWA,4,91,3,0,Mobile_App,0,0
DHAN-ORD-102223,CUST-1759,2026-07-09,NP,NPR,Beauty,3077.42,400.06,KHALTI,8,210,4,2,Mobile_App,0,0
DHAN-ORD-102224,CUST-1761,2026-07-01,IN,INR,Fitness,2310.29,415.85,UPI,6,37,4,0,Desktop,0,0
DHAN-ORD-102225,CUST-1909,2026-07-19,AE,AED,Beauty,276.4,13.82,APPLE_PAY,6,45,2,0,Mobile_Web,0,0
DHAN-ORD-102226,CUST-1157,2026-07-11,IN,INR,Kitchen,809.19,145.65,UPI,8,195,5,0,Mobile_Web,0,0
DHAN-ORD-102227,CUST-2175,2026-07-28,NP,NPR,Computers,2143.43,278.65,ESEWA,1,60,4,0,Mobile_App,0,1
DHAN-ORD-102228,CUST-1281,2026-07-11,AE,AED,Apparel,150.0,7.5,CARD,6,136,3,1,Mobile_Web,0,1
DHAN-ORD-102229,CUST-2084,2026-07-11,NP,NPR,Electronics,1692.21,219.99,COD,9,97,7,0,Mobile_Web,0,1
DHAN-ORD-102230,CUST-1751,2026-08-10,NP,NPR,Apparel,7695.17,1000.37,ESEWA,9,77,1,0,Mobile_App,0,0
DHAN-ORD-102231,CUST-1815,2026-07-02,NP,NPR,Books,17816.49,2316.14,COD,5,39,6,0,Mobile_App,0,1
DHAN-ORD-102232,CUST-1643,2026-09-08,NP,NPR,Computers,4365.49,567.51,ESEWA,9,152,1,0,Mobile_Web,1,0
DHAN-ORD-102233,CUST-2330,2026-08-27,NP,NPR,Electronics,11463.39,1490.24,COD,6,60,6,1,Mobile_App,0,0
DHAN-ORD-102234,CUST-1570,2026-08-03,NP,NPR,Beauty,24306.12,3159.8,ESEWA,6,34,4,0,Mobile_App,0,0
DHAN-ORD-102235,CUST-1511,2026-07-27,NP,NPR,Books,609.16,79.19,KHALTI,6,55,5,0,Mobile_App,0,0
DHAN-ORD-102236,CUST-1232,2026-09-05,IN,INR,Fitness,298.65,53.76,UPI,1,51,4,0,Mobile_App,1,0
DHAN-ORD-102237,CUST-1053,2026-07-07,IN,INR,Festive,719.36,129.48,RAZORPAY,8,170,4,0,Desktop,0,0
DHAN-ORD-102238,CUST-1381,2026-07-03,IN,INR,Kitchen,1590.67,286.32,COD,6,65,3,0,Mobile_App,0,1
DHAN-ORD-102239,CUST-2022,2026-07-09,NP,NPR,Books,3681.26,478.56,KHALTI,9,17,6,0,Mobile_App,0,0
DHAN-ORD-102240,CUST-2060,2026-08-17,IN,INR,Computers,3793.76,682.88,RAZORPAY,4,108,2,0,Mobile_App,0,0
DHAN-ORD-102241,CUST-1792,2026-07-02,AE,AED,Computers,169.18,8.46,CARD,7,63,3,0,Mobile_Web,0,0
DHAN-ORD-102242,CUST-2150,2026-07-27,NP,NPR,Festive,1966.66,255.67,ESEWA,4,91,3,0,Mobile_App,0,0
DHAN-ORD-102243,CUST-1241,2026-09-10,NP,NPR,Festive,1078.17,140.16,KHALTI,7,105,4,0,Mobile_App,1,0
DHAN-ORD-102244,CUST-1536,2026-08-28,NP,NPR,Computers,2274.13,295.64,COD,6,185,5,0,Mobile_Web,0,0
DHAN-ORD-102245,CUST-1533,2026-07-23,NP,NPR,Computers,2129.51,276.84,ESEWA,5,44,2,0,Mobile_App,0,0
DHAN-ORD-102246,CUST-2441,2026-07-02,IN,INR,Computers,2691.19,484.41,RAZORPAY,9,59,4,0,Mobile_App,0,0
DHAN-ORD-102247,CUST-1913,2026-08-23,IN,INR,Computers,7592.52,1366.65,COD,5,16,6,0,Mobile_App,0,0
DHAN-ORD-102248,CUST-1439,2026-07-28,NP,NPR,Electronics,2106.13,273.8,ESEWA,9,60,2,0,Mobile_App,0,0
DHAN-ORD-102249,CUST-2253,2026-07-04,IN,INR,Books,2944.99,530.1,RAZORPAY,1,119,3,0,Mobile_App,0,0
DHAN-ORD-102250,CUST-1584,2026-07-03,IN,INR,Apparel,2370.63,426.71,RAZORPAY,3,109,6,0,Mobile_App,0,0
DHAN-ORD-102251,CUST-2421,2026-09-11,AE,AED,Fitness,157.32,7.87,APPLE_PAY,4,105,3,0,Mobile_App,1,1
DHAN-ORD-102252,CUST-2005,2026-08-03,NP,NPR,Fitness,1292.15,167.98,KHALTI,5,64,8,0,Mobile_App,0,0
DHAN-ORD-102253,CUST-1409,2026-08-23,AE,AED,Beauty,352.82,17.64,CARD,1,188,5,0,Mobile_App,0,0
DHAN-ORD-102254,CUST-1251,2026-09-02,NP,NPR,Fitness,903.21,117.42,COD,3,138,1,0,Mobile_Web,1,0
DHAN-ORD-102255,CUST-1277,2026-07-26,IN,INR,Apparel,12190.72,2194.33,UPI,4,178,4,0,Mobile_App,0,0
DHAN-ORD-102256,CUST-1151,2026-07-22,NP,NPR,Electronics,2115.3,274.99,KHALTI,9,65,6,1,Mobile_App,0,0
DHAN-ORD-102257,CUST-1925,2026-07-17,NP,NPR,Apparel,3927.07,510.52,KHALTI,3,31,4,1,Mobile_App,0,0
DHAN-ORD-102258,CUST-1353,2026-07-12,IN,INR,Beauty,4401.07,792.19,RAZORPAY,9,387,4,0,Mobile_App,0,1
DHAN-ORD-102259,CUST-2460,2026-07-18,NP,NPR,Festive,4691.66,609.92,COD,2,57,2,0,Mobile_App,0,0
DHAN-ORD-102260,CUST-1911,2026-08-14,NP,NPR,Books,9226.56,1199.45,KHALTI,1,29,5,1,Mobile_App,0,0
DHAN-ORD-102261,CUST-1179,2026-07-28,NP,NPR,Kitchen,5820.02,756.6,KHALTI,6,21,3,2,Mobile_App,0,1
DHAN-ORD-102262,CUST-2396,2026-09-05,IN,INR,Toys,883.56,159.04,RAZORPAY,1,396,5,1,Mobile_App,1,1
DHAN-ORD-102263,CUST-1654,2026-07-18,NP,NPR,Computers,1132.69,147.25,ESEWA,7,29,10,1,Desktop,0,0
DHAN-ORD-102264,CUST-2367,2026-07-29,IN,INR,Fitness,2481.35,446.64,UPI,6,27,4,1,Mobile_App,0,0
DHAN-ORD-102265,CUST-1711,2026-07-30,NP,NPR,Kitchen,2313.45,300.75,ESEWA,9,14,4,0,Mobile_App,0,0
DHAN-ORD-102266,CUST-2453,2026-07-27,NP,NPR,Computers,4506.27,585.82,ESEWA,6,240,1,0,Desktop,0,0
DHAN-ORD-102267,CUST-1132,2026-08-06,NP,NPR,Kitchen,6880.75,894.5,COD,4,162,3,0,Mobile_Web,0,1
DHAN-ORD-102268,CUST-2126,2026-07-09,NP,NPR,Apparel,10857.6,1411.49,CONNECT_IPS,3,219,1,0,Mobile_App,0,0
DHAN-ORD-102269,CUST-2110,2026-07-22,NP,NPR,Computers,38187.47,4964.37,KHALTI,9,194,5,0,Desktop,0,0
DHAN-ORD-102270,CUST-1594,2026-07-04,NP,NPR,Festive,5932.01,771.16,ESEWA,1,26,4,1,Mobile_Web,0,1
DHAN-ORD-102271,CUST-1614,2026-07-15,AE,AED,Computers,820.25,41.01,APPLE_PAY,1,32,3,1,Mobile_App,0,1
DHAN-ORD-102272,CUST-1322,2026-07-21,IN,INR,Festive,472.48,85.05,COD,4,137,5,0,Mobile_App,0,1
DHAN-ORD-102273,CUST-2457,2026-08-01,NP,NPR,Apparel,4708.68,612.13,KHALTI,1,40,2,0,Mobile_App,0,0
DHAN-ORD-102274,CUST-2453,2026-07-01,NP,NPR,Electronics,8870.63,1153.18,COD,5,89,3,0,Mobile_App,0,1
DHAN-ORD-102275,CUST-2434,2026-07-28,IN,INR,Kitchen,836.09,150.5,RAZORPAY,8,47,3,0,Desktop,0,0
DHAN-ORD-102276,CUST-2306,2026-08-10,NP,NPR,Toys,1453.99,189.02,CONNECT_IPS,4,140,2,0,Mobile_App,0,0
DHAN-ORD-102277,CUST-1356,2026-07-22,NP,NPR,Apparel,2912.59,378.64,KHALTI,5,213,1,0,Mobile_App,0,0
DHAN-ORD-102278,CUST-1740,2026-07-31,IN,INR,Apparel,1146.09,206.3,COD,3,42,4,1,Mobile_App,0,0
DHAN-ORD-102279,CUST-2041,2026-07-03,IN,INR,Kitchen,2927.47,526.94,UPI,2,42,3,0,Mobile_Web,0,0
DHAN-ORD-102280,CUST-1459,2026-07-09,IN,INR,Beauty,3156.65,568.2,RAZORPAY,6,165,6,1,Mobile_App,0,0
DHAN-ORD-102281,CUST-1248,2026-07-14,NP,NPR,Books,897.34,116.65,KHALTI,6,82,3,0,Mobile_Web,0,0
DHAN-ORD-102282,CUST-1411,2026-07-20,NP,NPR,Electronics,3751.38,487.68,ESEWA,7,56,0,0,Mobile_App,0,0
DHAN-ORD-102283,CUST-1284,2026-07-02,IN,INR,Kitchen,1712.41,308.23,COD,2,105,1,0,Mobile_App,0,0
DHAN-ORD-102284,CUST-1484,2026-07-05,NP,NPR,Electronics,3046.04,395.99,KHALTI,4,112,1,0,Desktop,0,1
DHAN-ORD-102285,CUST-2011,2026-07-10,NP,NPR,Toys,1066.86,138.69,ESEWA,4,91,4,0,Mobile_App,0,0
DHAN-ORD-102286,CUST-1053,2026-07-17,NP,NPR,Toys,3579.37,465.32,ESEWA,6,41,2,1,Desktop,0,0
DHAN-ORD-102287,CUST-1739,2026-07-13,NP,NPR,Electronics,2125.3,276.29,ESEWA,1,15,4,1,Desktop,0,0
DHAN-ORD-102288,CUST-2134,2026-07-20,AE,AED,Computers,462.44,23.12,APPLE_PAY,3,179,4,0,Mobile_Web,0,0
DHAN-ORD-102289,CUST-2172,2026-07-07,IN,INR,Computers,2926.71,526.81,RAZORPAY,1,54,1,0,Mobile_App,0,0
DHAN-ORD-102290,CUST-1755,2026-07-29,IN,INR,Kitchen,2670.88,480.76,UPI,6,163,3,0,Mobile_App,0,0
DHAN-ORD-102291,CUST-1957,2026-07-10,NP,NPR,Kitchen,4870.33,633.14,ESEWA,1,204,4,0,Mobile_App,0,0
DHAN-ORD-102292,CUST-2129,2026-07-07,NP,NPR,Books,9821.11,1276.74,KHALTI,2,216,4,0,Mobile_Web,0,0
DHAN-ORD-102293,CUST-1265,2026-07-22,NP,NPR,Beauty,3327.51,432.58,COD,6,154,5,0,Mobile_App,0,0
DHAN-ORD-102294,CUST-2253,2026-07-01,NP,NPR,Electronics,12515.58,1627.03,KHALTI,5,345,6,0,Mobile_App,0,0
DHAN-ORD-102295,CUST-1176,2026-07-01,AE,AED,Festive,150.0,7.5,APPLE_PAY,6,77,5,0,Mobile_App,0,0
DHAN-ORD-102296,CUST-1134,2026-07-08,NP,NPR,Beauty,4142.44,538.52,ESEWA,2,33,4,0,Desktop,0,1
DHAN-ORD-102297,CUST-1633,2026-07-02,NP,NPR,Apparel,2526.92,328.5,CONNECT_IPS,6,113,3,0,Mobile_App,0,0
DHAN-ORD-102298,CUST-1815,2026-07-04,NP,NPR,Computers,11141.12,1448.35,ESEWA,8,25,3,1,Mobile_App,0,0
DHAN-ORD-102299,CUST-2468,2026-07-13,IN,INR,Kitchen,523.35,94.2,UPI,1,117,5,0,Mobile_App,0,0
DHAN-ORD-102300,CUST-2472,2026-08-18,NP,NPR,Books,14114.81,1834.93,ESEWA,2,31,4,0,Desktop,0,0
DHAN-ORD-102301,CUST-1980,2026-07-26,NP,NPR,Apparel,9926.99,1290.51,KHALTI,8,24,5,0,Mobile_Web,0,0
DHAN-ORD-102302,CUST-2076,2026-07-22,NP,NPR,Kitchen,2024.52,263.19,KHALTI,8,104,3,1,Mobile_App,0,0
DHAN-ORD-102303,CUST-1841,2026-07-11,IN,INR,Apparel,9878.05,1778.05,UPI,5,139,2,0,Desktop,0,0
DHAN-ORD-102304,CUST-1838,2026-09-19,NP,NPR,Festive,1307.78,170.01,KHALTI,2,140,6,2,Mobile_Web,1,0
DHAN-ORD-102305,CUST-2177,2026-07-16,AE,AED,Electronics,150.0,7.5,CARD,6,71,5,0,Mobile_App,0,0
DHAN-ORD-102306,CUST-1151,2026-07-03,IN,INR,Beauty,670.56,120.7,COD,4,161,2,0,Desktop,0,0
DHAN-ORD-102307,CUST-1256,2026-07-29,NP,NPR,Books,7225.94,939.37,KHALTI,7,264,3,0,Mobile_App,0,0
DHAN-ORD-102308,CUST-1649,2026-07-04,IN,INR,Electronics,1740.86,313.35,RAZORPAY,3,323,1,0,Mobile_App,0,0
DHAN-ORD-102309,CUST-2315,2026-07-13,NP,NPR,Toys,7654.37,995.07,ESEWA,4,98,2,0,Mobile_App,0,0
DHAN-ORD-102310,CUST-1151,2026-07-22,AE,AED,Apparel,150.0,7.5,CARD,6,96,3,0,Mobile_App,0,0
DHAN-ORD-102311,CUST-1921,2026-09-01,NP,NPR,Apparel,1805.3,234.69,ESEWA,5,174,3,0,Desktop,1,0
DHAN-ORD-102312,CUST-1954,2026-07-21,NP,NPR,Kitchen,16040.16,2085.22,COD,2,61,0,0,Desktop,0,0
DHAN-ORD-102313,CUST-2392,2026-08-06,NP,NPR,Electronics,692.33,90.0,ESEWA,8,111,2,0,Mobile_App,0,1
DHAN-ORD-102314,CUST-2059,2026-08-28,NP,NPR,Apparel,2156.53,280.35,KHALTI,5,248,1,0,Mobile_App,0,0
DHAN-ORD-102315,CUST-1705,2026-07-05,AE,AED,Electronics,152.72,7.64,APPLE_PAY,8,83,4,0,Mobile_App,0,0
DHAN-ORD-102316,CUST-1262,2026-07-10,NP,NPR,Kitchen,4869.94,633.09,KHALTI,9,77,6,1,Mobile_App,0,0
DHAN-ORD-102317,CUST-2129,2026-07-16,IN,INR,Electronics,1557.53,280.36,UPI,9,105,3,0,Mobile_App,0,0
DHAN-ORD-102318,CUST-2310,2026-07-17,NP,NPR,Computers,19392.97,2521.09,CONNECT_IPS,6,239,8,1,Mobile_App,0,0
DHAN-ORD-102319,CUST-2203,2026-07-16,AE,AED,Books,734.8,36.74,CARD,5,81,1,0,Mobile_Web,0,0
DHAN-ORD-102320,CUST-1372,2026-09-10,NP,NPR,Kitchen,4713.06,612.7,ESEWA,6,64,3,0,Mobile_App,1,0
DHAN-ORD-102321,CUST-1264,2026-08-07,NP,NPR,Books,1467.97,190.84,ESEWA,9,211,6,0,Mobile_Web,0,1
DHAN-ORD-102322,CUST-1886,2026-07-29,NP,NPR,Computers,1641.52,213.4,CONNECT_IPS,3,57,3,0,Desktop,0,0
DHAN-ORD-102323,CUST-2029,2026-07-12,IN,INR,Apparel,1182.94,212.93,UPI,3,10,3,0,Mobile_App,0,0
DHAN-ORD-102324,CUST-1113,2026-08-22,NP,NPR,Electronics,1826.7,237.47,ESEWA,8,113,2,0,Mobile_App,0,1
DHAN-ORD-102325,CUST-1254,2026-07-04,NP,NPR,Fitness,9121.07,1185.74,COD,4,98,4,1,Mobile_App,0,0
DHAN-ORD-102326,CUST-2061,2026-08-21,NP,NPR,Fitness,8129.46,1056.83,COD,2,95,4,0,Mobile_App,0,1
DHAN-ORD-102327,CUST-1313,2026-07-01,IN,INR,Computers,3648.26,656.69,RAZORPAY,3,44,1,0,Desktop,0,0
DHAN-ORD-102328,CUST-1622,2026-07-31,NP,NPR,Festive,10339.72,1344.16,ESEWA,7,52,3,3,Mobile_Web,0,1
DHAN-ORD-102329,CUST-1337,2026-07-02,IN,INR,Electronics,2807.8,505.4,RAZORPAY,8,81,1,0,Mobile_Web,0,0
DHAN-ORD-102330,CUST-1331,2026-07-09,NP,NPR,Apparel,27510.51,3576.37,COD,6,30,4,2,Mobile_App,0,1
DHAN-ORD-102331,CUST-1660,2026-07-02,IN,INR,Books,1959.41,352.69,CARD,6,28,3,1,Mobile_App,0,0
DHAN-ORD-102332,CUST-2452,2026-07-28,AE,AED,Festive,159.29,7.96,CARD,6,15,7,0,Mobile_App,0,0
DHAN-ORD-102333,CUST-1461,2026-08-04,NP,NPR,Books,6066.8,788.68,KHALTI,9,59,2,0,Mobile_Web,0,0
DHAN-ORD-102334,CUST-1708,2026-07-04,NP,NPR,Kitchen,16746.98,2177.11,COD,6,176,4,1,Mobile_Web,0,1
DHAN-ORD-102335,CUST-2062,2026-07-15,NP,NPR,Computers,528.16,68.66,ESEWA,6,28,3,0,Mobile_Web,0,0
DHAN-ORD-102336,CUST-1581,2026-07-19,NP,NPR,Electronics,13989.73,1818.66,ESEWA,3,93,8,1,Mobile_App,0,0
DHAN-ORD-102337,CUST-1161,2026-07-14,NP,NPR,Beauty,2392.55,311.03,KHALTI,7,19,6,0,Mobile_App,0,0
DHAN-ORD-102338,CUST-1513,2026-07-04,IN,INR,Fitness,5266.01,947.88,UPI,1,83,1,0,Mobile_Web,0,1
DHAN-ORD-102339,CUST-1402,2026-07-17,NP,NPR,Electronics,16921.11,2199.74,ESEWA,1,205,6,1,Desktop,0,0
DHAN-ORD-102340,CUST-2300,2026-08-11,AE,AED,Apparel,150.0,7.5,CARD,6,19,4,0,Mobile_Web,0,0
DHAN-ORD-102341,CUST-2128,2026-07-03,NP,NPR,Electronics,4717.06,613.22,KHALTI,1,124,1,0,Desktop,0,0
DHAN-ORD-102342,CUST-1562,2026-07-03,IN,INR,Kitchen,1551.76,279.32,UPI,3,19,2,0,Mobile_App,0,0
DHAN-ORD-102343,CUST-1256,2026-07-14,NP,NPR,Apparel,6436.89,836.8,KHALTI,1,29,3,0,Mobile_Web,0,0
DHAN-ORD-102344,CUST-2280,2026-09-24,NP,NPR,Beauty,8844.29,1149.76,COD,6,90,3,0,Mobile_App,1,0
DHAN-ORD-102345,CUST-1620,2026-08-03,NP,NPR,Fitness,4789.95,622.69,CONNECT_IPS,1,55,5,1,Desktop,0,0
DHAN-ORD-102346,CUST-2258,2026-08-04,NP,NPR,Electronics,49443.38,6427.64,CONNECT_IPS,6,123,5,1,Mobile_App,0,0
DHAN-ORD-102347,CUST-2092,2026-07-14,NP,NPR,Fitness,20459.78,2659.77,CONNECT_IPS,2,142,2,1,Desktop,0,0
DHAN-ORD-102348,CUST-1191,2026-07-28,IN,INR,Computers,1198.33,215.7,COD,1,11,3,1,Mobile_Web,0,0
DHAN-ORD-102349,CUST-2029,2026-07-01,AE,AED,Electronics,150.0,7.5,CARD,6,286,2,0,Mobile_App,0,0
DHAN-ORD-102350,CUST-2312,2026-07-31,NP,NPR,Apparel,728.23,94.67,COD,8,51,4,0,Desktop,0,0
DHAN-ORD-102351,CUST-1345,2026-09-12,NP,NPR,Festive,3710.52,482.37,KHALTI,2,228,5,1,Mobile_App,1,1
DHAN-ORD-102352,CUST-2212,2026-07-29,NP,NPR,Electronics,5045.82,655.96,ESEWA,5,249,3,0,Desktop,0,0
DHAN-ORD-102353,CUST-2189,2026-09-01,NP,NPR,Electronics,808.37,105.09,ESEWA,7,55,6,1,Mobile_App,1,0
DHAN-ORD-102354,CUST-1315,2026-08-08,NP,NPR,Beauty,4432.91,576.28,KHALTI,4,185,5,0,Mobile_App,0,0
DHAN-ORD-102355,CUST-1350,2026-07-04,IN,INR,Electronics,6491.28,1168.43,UPI,2,173,6,0,Mobile_App,0,1
DHAN-ORD-102356,CUST-2349,2026-09-08,AE,AED,Fitness,150.0,7.5,CARD,6,96,2,0,Mobile_App,1,0
DHAN-ORD-102357,CUST-2278,2026-07-03,AE,AED,Fitness,150.0,7.5,APPLE_PAY,6,166,4,1,Mobile_Web,0,0
DHAN-ORD-102358,CUST-2475,2026-07-23,NP,NPR,Computers,2851.25,370.66,ESEWA,7,92,4,0,Mobile_App,0,0
DHAN-ORD-102359,CUST-2239,2026-07-05,IN,INR,Beauty,1357.94,244.43,COD,7,142,4,0,Mobile_App,0,1
DHAN-ORD-102360,CUST-1691,2026-07-01,IN,INR,Fitness,1261.32,227.04,CARD,1,28,2,0,Desktop,0,0
DHAN-ORD-102361,CUST-2154,2026-07-17,NP,NPR,Kitchen,1007.63,130.99,ESEWA,8,119,3,1,Mobile_App,0,1
DHAN-ORD-102362,CUST-1084,2026-07-11,NP,NPR,Apparel,278.6,36.22,COD,8,301,4,1,Desktop,0,0
DHAN-ORD-102363,CUST-1058,2026-07-20,IN,INR,Computers,30343.74,5461.87,RAZORPAY,4,11,6,1,Desktop,0,0
DHAN-ORD-102364,CUST-1166,2026-07-26,NP,NPR,Apparel,2144.55,278.79,COD,2,438,5,0,Mobile_App,0,1
DHAN-ORD-102365,CUST-1093,2026-07-02,NP,NPR,Electronics,5447.44,708.17,KHALTI,2,116,1,0,Mobile_App,0,0
DHAN-ORD-102366,CUST-2313,2026-07-04,NP,NPR,Festive,920.48,119.66,KHALTI,2,252,3,0,Desktop,0,0
DHAN-ORD-102367,CUST-2181,2026-07-25,IN,INR,Kitchen,494.73,89.05,RAZORPAY,8,178,4,0,Mobile_Web,0,0
DHAN-ORD-102368,CUST-1542,2026-07-13,NP,NPR,Electronics,1015.44,132.01,ESEWA,7,201,3,0,Mobile_App,0,0
DHAN-ORD-102369,CUST-2333,2026-08-09,AE,AED,Festive,150.0,7.5,APPLE_PAY,6,119,2,0,Mobile_App,0,0
DHAN-ORD-102370,CUST-1431,2026-08-01,IN,INR,Computers,1046.89,188.44,COD,2,292,7,0,Mobile_App,0,1
DHAN-ORD-102371,CUST-2171,2026-08-26,IN,INR,Kitchen,689.79,124.16,RAZORPAY,5,152,0,0,Mobile_App,0,0
DHAN-ORD-102372,CUST-1853,2026-08-05,NP,NPR,Kitchen,5417.98,704.34,COD,8,98,3,0,Mobile_App,0,0
DHAN-ORD-102373,CUST-2265,2026-07-17,IN,INR,Electronics,1718.3,309.29,COD,8,128,5,0,Mobile_App,0,1
DHAN-ORD-102374,CUST-2308,2026-08-03,NP,NPR,Festive,3381.24,439.56,KHALTI,6,96,4,2,Mobile_Web,0,0
DHAN-ORD-102375,CUST-1062,2026-07-10,NP,NPR,Toys,2518.94,327.46,KHALTI,7,122,6,0,Mobile_App,0,0
DHAN-ORD-102376,CUST-2019,2026-07-11,NP,NPR,Computers,2466.7,320.67,COD,9,127,2,0,Mobile_App,0,0
DHAN-ORD-102377,CUST-2284,2026-08-16,NP,NPR,Toys,5306.97,689.91,CONNECT_IPS,5,200,4,0,Mobile_Web,0,0
DHAN-ORD-102378,CUST-2117,2026-07-18,IN,INR,Beauty,4591.0,826.38,RAZORPAY,1,127,2,0,Mobile_App,0,0
DHAN-ORD-102379,CUST-1593,2026-08-18,NP,NPR,Festive,9803.56,1274.46,KHALTI,2,25,0,0,Mobile_App,0,0
DHAN-ORD-102380,CUST-2314,2026-08-21,NP,NPR,Electronics,538.41,69.99,KHALTI,7,127,5,1,Mobile_Web,0,0
DHAN-ORD-102381,CUST-1618,2026-08-28,NP,NPR,Apparel,4982.36,647.71,ESEWA,5,117,3,0,Mobile_App,0,0
DHAN-ORD-102382,CUST-1989,2026-09-13,AE,AED,Beauty,150.0,7.5,CARD,6,91,0,0,Mobile_Web,1,0
DHAN-ORD-102383,CUST-1501,2026-07-17,IN,INR,Beauty,2690.03,484.21,UPI,8,51,2,0,Mobile_App,0,0
DHAN-ORD-102384,CUST-2402,2026-07-12,IN,INR,Beauty,2129.17,383.25,RAZORPAY,5,104,5,0,Mobile_App,0,0
DHAN-ORD-102385,CUST-1831,2026-07-27,NP,NPR,Electronics,1733.49,225.35,ESEWA,5,55,5,1,Mobile_App,0,0
DHAN-ORD-102386,CUST-1609,2026-07-14,NP,NPR,Toys,414.29,53.86,ESEWA,9,172,5,2,Desktop,0,1
DHAN-ORD-102387,CUST-1928,2026-07-28,AE,AED,Beauty,150.0,7.5,CARD,6,136,5,0,Mobile_Web,0,0
DHAN-ORD-102388,CUST-1149,2026-08-06,NP,NPR,Books,1621.89,210.85,CONNECT_IPS,1,28,5,0,Mobile_App,0,0
DHAN-ORD-102389,CUST-2410,2026-08-04,NP,NPR,Electronics,1722.41,223.91,COD,3,23,3,0,Mobile_App,0,1
DHAN-ORD-102390,CUST-1122,2026-07-15,IN,INR,Apparel,11317.59,2037.17,RAZORPAY,4,99,1,0,Mobile_App,0,1
DHAN-ORD-102391,CUST-1323,2026-07-06,NP,NPR,Books,20696.35,2690.53,KHALTI,5,10,3,1,Mobile_Web,0,1
DHAN-ORD-102392,CUST-1900,2026-07-17,IN,INR,Apparel,385.76,69.44,UPI,7,166,2,0,Mobile_App,0,0
DHAN-ORD-102393,CUST-1851,2026-07-05,NP,NPR,Festive,2524.69,328.21,ESEWA,4,115,5,0,Mobile_App,0,0
DHAN-ORD-102394,CUST-1991,2026-09-05,NP,NPR,Festive,1371.9,178.35,COD,3,186,3,0,Mobile_Web,1,0
DHAN-ORD-102395,CUST-1951,2026-07-13,NP,NPR,Kitchen,6530.68,848.99,KHALTI,5,275,2,0,Mobile_App,0,0
DHAN-ORD-102396,CUST-1417,2026-07-06,NP,NPR,Apparel,1711.16,222.45,COD,1,189,2,0,Mobile_App,0,0
DHAN-ORD-102397,CUST-1696,2026-07-01,IN,INR,Electronics,947.89,170.62,UPI,2,33,6,1,Mobile_Web,0,0
DHAN-ORD-102398,CUST-2242,2026-08-01,IN,INR,Beauty,836.05,150.49,COD,8,189,4,0,Mobile_App,0,0
DHAN-ORD-102399,CUST-1294,2026-07-31,NP,NPR,Electronics,974.13,126.64,KHALTI,2,143,1,0,Mobile_App,0,1
DHAN-ORD-102400,CUST-1640,2026-07-13,NP,NPR,Toys,10195.19,1325.37,ESEWA,7,107,7,0,Mobile_Web,0,0
DHAN-ORD-102401,CUST-2471,2026-07-03,IN,INR,Beauty,1366.28,245.93,UPI,7,34,4,1,Mobile_App,0,0
DHAN-ORD-102402,CUST-1653,2026-07-16,IN,INR,Kitchen,1410.09,253.82,UPI,6,155,2,0,Mobile_App,0,0
DHAN-ORD-102403,CUST-1707,2026-07-12,NP,NPR,Electronics,1897.88,246.72,KHALTI,7,75,1,0,Mobile_App,0,0
DHAN-ORD-102404,CUST-1816,2026-08-03,NP,NPR,Books,4361.44,566.99,ESEWA,5,82,3,1,Mobile_App,0,1
DHAN-ORD-102405,CUST-1267,2026-07-28,NP,NPR,Computers,2783.17,361.81,COD,2,135,3,0,Mobile_App,0,0
DHAN-ORD-102406,CUST-1758,2026-07-14,IN,INR,Computers,768.12,138.26,COD,3,143,3,1,Mobile_App,0,1
DHAN-ORD-102407,CUST-2054,2026-07-08,AE,AED,Electronics,150.0,7.5,APPLE_PAY,6,26,1,0,Mobile_Web,0,0
DHAN-ORD-102408,CUST-2150,2026-08-12,NP,NPR,Books,1125.46,146.31,COD,9,33,4,1,Mobile_App,0,0
DHAN-ORD-102409,CUST-1217,2026-07-19,IN,INR,Books,3577.56,643.96,UPI,4,90,1,0,Mobile_App,0,0
DHAN-ORD-102410,CUST-1653,2026-08-04,NP,NPR,Apparel,970.61,126.18,COD,7,63,5,1,Mobile_App,0,0
DHAN-ORD-102411,CUST-1495,2026-07-05,NP,NPR,Festive,12724.13,1654.14,KHALTI,7,91,2,0,Desktop,0,0
DHAN-ORD-102412,CUST-1955,2026-07-20,NP,NPR,Electronics,202.34,26.3,COD,4,82,3,0,Mobile_App,0,1
DHAN-ORD-102413,CUST-1250,2026-07-01,IN,INR,Books,408.7,73.57,COD,3,49,5,0,Desktop,0,1
DHAN-ORD-102414,CUST-1547,2026-07-22,NP,NPR,Computers,1598.55,207.81,ESEWA,5,85,8,1,Mobile_App,0,0
DHAN-ORD-102415,CUST-1920,2026-07-10,NP,NPR,Computers,8869.0,1152.97,ESEWA,4,56,4,1,Mobile_App,0,0
DHAN-ORD-102416,CUST-1507,2026-07-15,NP,NPR,Computers,3220.33,418.64,KHALTI,7,169,3,2,Mobile_App,0,0
DHAN-ORD-102417,CUST-1288,2026-07-02,NP,NPR,Apparel,2118.5,275.41,ESEWA,3,35,8,3,Mobile_Web,0,1
DHAN-ORD-102418,CUST-1198,2026-07-01,NP,NPR,Fitness,10094.23,1312.25,CONNECT_IPS,5,101,5,0,Mobile_Web,0,0
DHAN-ORD-102419,CUST-1103,2026-07-15,IN,INR,Kitchen,2114.43,380.6,RAZORPAY,8,35,3,0,Mobile_App,0,0
DHAN-ORD-102420,CUST-1594,2026-07-06,NP,NPR,Books,5646.51,734.05,CONNECT_IPS,3,89,6,0,Desktop,0,0
DHAN-ORD-102421,CUST-1786,2026-07-01,IN,INR,Kitchen,923.47,166.22,RAZORPAY,5,31,1,0,Mobile_Web,0,0
DHAN-ORD-102422,CUST-2260,2026-08-12,NP,NPR,Electronics,2468.17,320.86,COD,2,126,6,0,Mobile_App,0,0
DHAN-ORD-102423,CUST-1856,2026-07-19,NP,NPR,Beauty,4300.17,559.02,KHALTI,7,77,1,1,Mobile_App,0,1
DHAN-ORD-102424,CUST-1508,2026-07-11,NP,NPR,Apparel,15530.59,2018.98,ESEWA,5,105,5,0,Desktop,0,0
DHAN-ORD-102425,CUST-1327,2026-09-08,NP,NPR,Festive,3725.14,484.27,ESEWA,8,66,5,1,Mobile_App,1,1
DHAN-ORD-102426,CUST-1670,2026-07-04,NP,NPR,Beauty,3219.9,418.59,KHALTI,6,141,2,0,Desktop,0,0
DHAN-ORD-102427,CUST-2183,2026-07-04,NP,NPR,Apparel,7217.11,938.22,KHALTI,8,50,5,0,Mobile_App,0,0
DHAN-ORD-102428,CUST-2476,2026-07-12,IN,INR,Electronics,851.34,153.24,UPI,5,35,3,0,Mobile_App,0,0
DHAN-ORD-102429,CUST-1640,2026-09-04,IN,INR,Apparel,2930.06,527.41,UPI,5,122,2,0,Mobile_App,1,0
DHAN-ORD-102430,CUST-1388,2026-07-28,NP,NPR,Books,2690.92,349.82,ESEWA,8,65,3,0,Mobile_App,0,0
DHAN-ORD-102431,CUST-1326,2026-08-22,NP,NPR,Computers,9960.57,1294.87,KHALTI,6,129,6,1,Desktop,0,0
DHAN-ORD-102432,CUST-2020,2026-08-04,NP,NPR,Festive,7960.93,1034.92,CONNECT_IPS,4,31,4,0,Mobile_Web,0,0
DHAN-ORD-102433,CUST-2054,2026-07-11,NP,NPR,Apparel,2885.72,375.14,COD,5,280,5,0,Desktop,0,0
DHAN-ORD-102434,CUST-1956,2026-07-08,NP,NPR,Electronics,382.55,49.73,CONNECT_IPS,4,96,4,1,Mobile_App,0,0
DHAN-ORD-102435,CUST-2021,2026-07-15,IN,INR,Books,5835.82,1050.45,COD,3,50,2,0,Mobile_App,0,0
DHAN-ORD-102436,CUST-1631,2026-07-15,NP,NPR,Beauty,29406.38,3822.83,COD,3,60,3,0,Mobile_App,0,1
DHAN-ORD-102437,CUST-2018,2026-07-13,NP,NPR,Kitchen,4482.01,582.66,COD,9,161,5,1,Mobile_App,0,0
DHAN-ORD-102438,CUST-1047,2026-07-24,NP,NPR,Electronics,847.78,110.21,KHALTI,1,41,4,0,Mobile_App,0,0
DHAN-ORD-102439,CUST-1184,2026-07-06,NP,NPR,Electronics,3918.42,509.39,KHALTI,3,27,2,0,Mobile_Web,0,0
DHAN-ORD-102440,CUST-1805,2026-07-25,IN,INR,Festive,3082.31,554.82,COD,4,157,2,0,Mobile_App,0,1
DHAN-ORD-102441,CUST-2035,2026-07-24,NP,NPR,Apparel,6956.86,904.39,CONNECT_IPS,8,99,3,1,Mobile_Web,0,1
DHAN-ORD-102442,CUST-1936,2026-08-13,NP,NPR,Festive,8999.31,1169.91,COD,8,49,2,0,Desktop,0,1
DHAN-ORD-102443,CUST-1493,2026-08-23,IN,INR,Electronics,4504.81,810.87,RAZORPAY,4,106,1,0,Mobile_Web,0,1
DHAN-ORD-102444,CUST-1440,2026-07-18,NP,NPR,Computers,8422.04,1094.87,ESEWA,7,174,3,0,Mobile_App,0,0
DHAN-ORD-102445,CUST-2194,2026-07-11,IN,INR,Computers,1823.47,328.22,COD,5,52,3,1,Mobile_App,0,0
DHAN-ORD-102446,CUST-1722,2026-07-10,IN,INR,Beauty,3888.32,699.9,RAZORPAY,9,200,6,0,Mobile_App,0,0
DHAN-ORD-102447,CUST-1099,2026-07-07,NP,NPR,Books,1675.51,217.82,KHALTI,1,120,7,0,Mobile_Web,0,0
DHAN-ORD-102448,CUST-1103,2026-07-02,IN,INR,Apparel,2849.27,512.87,UPI,5,193,2,0,Mobile_App,0,0
DHAN-ORD-102449,CUST-1576,2026-07-13,NP,NPR,Electronics,633.73,82.38,COD,3,167,6,0,Mobile_Web,0,0
DHAN-ORD-102450,CUST-2013,2026-07-10,NP,NPR,Festive,2023.11,263.0,KHALTI,7,17,6,0,Desktop,0,0
DHAN-ORD-102451,CUST-2223,2026-07-12,NP,NPR,Fitness,16301.45,2119.19,KHALTI,2,129,6,0,Mobile_App,0,0
DHAN-ORD-102452,CUST-2339,2026-07-25,NP,NPR,Computers,9809.76,1275.27,ESEWA,8,28,5,1,Mobile_App,0,1
DHAN-ORD-102453,CUST-2377,2026-07-13,IN,INR,Fitness,1663.65,299.46,COD,7,15,4,0,Desktop,0,0
DHAN-ORD-102454,CUST-1963,2026-07-27,IN,INR,Electronics,4975.95,895.67,COD,7,205,5,0,Desktop,0,1
DHAN-ORD-102455,CUST-1585,2026-07-05,AE,AED,Computers,222.98,11.15,CARD,6,184,3,0,Mobile_Web,0,0
DHAN-ORD-102456,CUST-2099,2026-07-18,IN,INR,Electronics,1689.95,304.19,RAZORPAY,6,43,1,0,Mobile_App,0,0
DHAN-ORD-102457,CUST-1016,2026-07-30,NP,NPR,Beauty,5827.12,757.53,ESEWA,4,130,5,0,Mobile_App,0,0
DHAN-ORD-102458,CUST-1220,2026-07-21,NP,NPR,Kitchen,5084.39,660.97,CONNECT_IPS,8,234,7,0,Mobile_Web,0,0
DHAN-ORD-102459,CUST-1882,2026-07-16,NP,NPR,Electronics,8045.79,1045.95,COD,8,42,2,0,Mobile_App,0,1
DHAN-ORD-102460,CUST-1274,2026-09-01,NP,NPR,Electronics,26707.78,3472.01,ESEWA,4,87,1,0,Desktop,1,0
DHAN-ORD-102461,CUST-1541,2026-09-02,NP,NPR,Toys,9717.41,1263.26,ESEWA,6,54,4,0,Mobile_App,1,0
DHAN-ORD-102462,CUST-2489,2026-07-30,AE,AED,Books,150.0,7.5,CARD,6,45,4,0,Mobile_App,0,0
DHAN-ORD-102463,CUST-1749,2026-07-26,NP,NPR,Fitness,17536.31,2279.72,ESEWA,4,148,8,1,Mobile_App,0,1
DHAN-ORD-102464,CUST-1825,2026-07-30,NP,NPR,Electronics,668.21,86.87,ESEWA,2,156,1,0,Mobile_App,0,0
DHAN-ORD-102465,CUST-1749,2026-07-07,NP,NPR,Electronics,745.45,96.91,CONNECT_IPS,7,27,2,0,Mobile_App,0,0
DHAN-ORD-102466,CUST-1092,2026-07-16,IN,INR,Electronics,4465.77,803.84,UPI,1,19,2,0,Mobile_App,0,0
DHAN-ORD-102467,CUST-1820,2026-07-02,IN,INR,Computers,2295.43,413.18,UPI,9,19,5,0,Desktop,0,0
DHAN-ORD-102468,CUST-1104,2026-07-20,IN,INR,Apparel,6826.93,1228.85,RAZORPAY,4,31,2,0,Desktop,0,0
DHAN-ORD-102469,CUST-2167,2026-07-24,NP,NPR,Apparel,3146.68,409.07,KHALTI,5,183,1,0,Mobile_App,0,0
DHAN-ORD-102470,CUST-2150,2026-07-08,IN,INR,Apparel,4583.96,825.11,UPI,2,46,2,0,Mobile_Web,0,0
DHAN-ORD-102471,CUST-1398,2026-07-10,NP,NPR,Apparel,15683.4,2038.84,COD,5,39,2,0,Mobile_App,0,1
DHAN-ORD-102472,CUST-1742,2026-09-11,IN,INR,Electronics,931.35,167.64,UPI,4,13,5,1,Mobile_App,1,0
DHAN-ORD-102473,CUST-2133,2026-08-08,NP,NPR,Kitchen,8018.4,1042.39,ESEWA,8,47,3,0,Mobile_App,0,0
DHAN-ORD-102474,CUST-1591,2026-07-23,NP,NPR,Apparel,3108.75,404.14,KHALTI,3,140,2,1,Mobile_Web,0,0
DHAN-ORD-102475,CUST-1150,2026-08-31,NP,NPR,Kitchen,1056.91,137.4,KHALTI,3,349,4,0,Desktop,0,1
DHAN-ORD-102476,CUST-1791,2026-07-05,IN,INR,Electronics,3493.09,628.76,UPI,1,132,1,0,Mobile_App,0,0
DHAN-ORD-102477,CUST-2032,2026-08-16,NP,NPR,Kitchen,4912.33,638.6,ESEWA,7,9,2,0,Mobile_Web,0,0
DHAN-ORD-102478,CUST-1922,2026-07-04,IN,INR,Electronics,1808.3,325.49,UPI,8,59,2,0,Mobile_App,0,0
DHAN-ORD-102479,CUST-2126,2026-08-17,NP,NPR,Computers,3031.54,394.1,COD,7,10,1,0,Mobile_App,0,0
DHAN-ORD-102480,CUST-1572,2026-07-10,NP,NPR,Festive,5453.44,708.95,ESEWA,8,83,1,0,Mobile_App,0,1
DHAN-ORD-102481,CUST-2276,2026-09-01,NP,NPR,Festive,3826.15,497.4,ESEWA,1,123,2,0,Mobile_Web,1,0
DHAN-ORD-102482,CUST-2393,2026-09-25,NP,NPR,Electronics,496.0,64.48,ESEWA,1,134,6,0,Mobile_App,1,0
DHAN-ORD-102483,CUST-2251,2026-07-05,NP,NPR,Computers,47128.13,6126.66,COD,4,63,0,0,Mobile_Web,0,0
DHAN-ORD-102484,CUST-1243,2026-07-19,NP,NPR,Toys,3100.98,403.13,KHALTI,4,242,3,0,Mobile_App,0,0
DHAN-ORD-102485,CUST-1263,2026-07-29,IN,INR,Electronics,1211.13,218.0,UPI,5,44,3,0,Mobile_App,0,0
DHAN-ORD-102486,CUST-1198,2026-07-20,NP,NPR,Kitchen,9392.65,1221.04,KHALTI,5,69,3,0,Mobile_App,0,0
DHAN-ORD-102487,CUST-1806,2026-08-29,AE,AED,Computers,150.0,7.5,CARD,6,84,2,0,Desktop,0,0
DHAN-ORD-102488,CUST-1764,2026-07-27,IN,INR,Electronics,2992.66,538.68,UPI,4,41,5,1,Mobile_App,0,0
DHAN-ORD-102489,CUST-1694,2026-07-15,IN,INR,Fitness,4706.51,847.17,COD,8,46,5,0,Desktop,0,1
DHAN-ORD-102490,CUST-2142,2026-07-11,NP,NPR,Fitness,3465.53,450.52,ESEWA,9,22,2,0,Mobile_App,0,1
DHAN-ORD-102491,CUST-1748,2026-07-07,NP,NPR,Electronics,492.98,64.09,ESEWA,6,74,3,0,Desktop,0,0
DHAN-ORD-102492,CUST-1295,2026-08-13,NP,NPR,Kitchen,3160.02,410.8,ESEWA,1,82,4,0,Mobile_App,0,0
DHAN-ORD-102493,CUST-1407,2026-07-15,IN,INR,Computers,1784.96,321.29,UPI,2,51,2,0,Desktop,0,0
DHAN-ORD-102494,CUST-2233,2026-07-22,IN,INR,Computers,2763.32,497.4,RAZORPAY,9,37,6,0,Mobile_Web,0,0
DHAN-ORD-102495,CUST-2042,2026-07-21,NP,NPR,Books,554.58,72.1,ESEWA,5,210,2,0,Mobile_App,0,0
DHAN-ORD-102496,CUST-1822,2026-07-26,NP,NPR,Apparel,641.45,83.39,CONNECT_IPS,2,58,3,0,Mobile_App,0,0
DHAN-ORD-102497,CUST-2024,2026-08-30,IN,INR,Beauty,1339.09,241.04,UPI,7,37,3,0,Desktop,0,0
DHAN-ORD-102498,CUST-1082,2026-07-29,NP,NPR,Toys,3159.39,410.72,ESEWA,9,95,6,0,Mobile_App,0,0
DHAN-ORD-102499,CUST-1092,2026-07-16,IN,INR,Festive,4528.5,815.13,RAZORPAY,1,49,7,0,Mobile_App,0,0
DHAN-ORD-102500,CUST-1079,2026-08-22,NP,NPR,Fitness,8592.85,1117.07,ESEWA,6,59,0,0,Desktop,0,0
DHAN-ORD-102501,CUST-1280,2026-08-13,IN,INR,Computers,753.98,135.72,RAZORPAY,6,46,11,1,Mobile_Web,0,0
DHAN-ORD-102502,CUST-2461,2026-07-26,NP,NPR,Electronics,2199.07,285.88,COD,3,49,4,0,Desktop,0,1
DHAN-ORD-102503,CUST-1682,2026-07-04,NP,NPR,Apparel,3235.15,420.57,ESEWA,4,49,4,0,Mobile_App,0,0
DHAN-ORD-102504,CUST-1970,2026-07-07,IN,INR,Kitchen,10886.26,1959.53,UPI,5,249,4,0,Mobile_Web,0,1
DHAN-ORD-102505,CUST-2063,2026-07-04,AE,AED,Books,150.0,7.5,CARD,6,69,5,0,Mobile_App,0,0
DHAN-ORD-102506,CUST-1935,2026-08-27,NP,NPR,Apparel,2789.5,362.63,KHALTI,8,23,3,0,Mobile_App,0,0
DHAN-ORD-102507,CUST-1305,2026-07-18,NP,NPR,Books,6204.62,806.6,KHALTI,3,264,4,1,Mobile_App,0,0
DHAN-ORD-102508,CUST-2241,2026-08-26,IN,INR,Electronics,3366.05,605.89,RAZORPAY,9,40,3,0,Mobile_App,0,0
DHAN-ORD-102509,CUST-2055,2026-09-06,AE,AED,Festive,310.15,15.51,APPLE_PAY,4,120,4,0,Mobile_Web,1,0
DHAN-ORD-102510,CUST-1286,2026-07-02,IN,INR,Electronics,599.9,107.98,UPI,5,38,1,0,Mobile_App,0,0
DHAN-ORD-102511,CUST-1671,2026-09-03,AE,AED,Books,574.82,28.74,APPLE_PAY,7,25,3,0,Desktop,1,0
DHAN-ORD-102512,CUST-2255,2026-07-18,NP,NPR,Electronics,2645.78,343.95,ESEWA,8,98,6,0,Mobile_App,0,0
DHAN-ORD-102513,CUST-1652,2026-07-22,NP,NPR,Beauty,1688.65,219.52,ESEWA,5,147,3,0,Mobile_Web,0,0
DHAN-ORD-102514,CUST-1332,2026-07-30,IN,INR,Fitness,11692.37,2104.63,RAZORPAY,1,118,8,0,Desktop,0,0
DHAN-ORD-102515,CUST-1804,2026-09-17,IN,INR,Kitchen,830.02,149.4,UPI,2,93,2,0,Desktop,1,0
DHAN-ORD-102516,CUST-2262,2026-07-01,NP,NPR,Beauty,3614.67,469.91,COD,5,57,2,0,Mobile_Web,0,0
DHAN-ORD-102517,CUST-1612,2026-07-20,NP,NPR,Books,3071.63,399.31,KHALTI,2,100,6,2,Mobile_App,0,1
DHAN-ORD-102518,CUST-2215,2026-08-04,IN,INR,Kitchen,2403.34,432.6,RAZORPAY,9,68,7,0,Mobile_Web,0,0
DHAN-ORD-102519,CUST-1688,2026-08-08,NP,NPR,Apparel,2278.74,296.24,ESEWA,1,41,4,1,Mobile_App,0,0
DHAN-ORD-102520,CUST-2038,2026-08-05,NP,NPR,Computers,1437.12,186.83,KHALTI,6,101,6,0,Mobile_App,0,0
DHAN-ORD-102521,CUST-2043,2026-07-05,NP,NPR,Festive,6065.43,788.51,ESEWA,8,137,6,1,Mobile_App,0,0
DHAN-ORD-102522,CUST-2090,2026-07-11,IN,INR,Apparel,7288.58,1311.94,COD,7,128,2,0,Desktop,0,0
DHAN-ORD-102523,CUST-2003,2026-07-14,IN,INR,Kitchen,9860.28,1774.85,COD,5,98,2,0,Mobile_App,0,0
DHAN-ORD-102524,CUST-2451,2026-08-18,NP,NPR,Computers,3498.78,454.84,COD,6,180,5,0,Mobile_App,0,1
DHAN-ORD-102525,CUST-2152,2026-07-10,IN,INR,Apparel,1580.11,284.42,UPI,5,240,4,1,Mobile_App,0,0
DHAN-ORD-102526,CUST-1613,2026-07-08,IN,INR,Computers,2523.0,454.14,RAZORPAY,3,45,2,0,Mobile_Web,0,0
DHAN-ORD-102527,CUST-1972,2026-07-05,NP,NPR,Computers,4300.28,559.04,COD,7,187,4,0,Mobile_App,0,1
DHAN-ORD-102528,CUST-1034,2026-07-01,IN,INR,Apparel,2532.57,455.86,COD,3,86,4,0,Desktop,0,1
DHAN-ORD-102529,CUST-1754,2026-07-04,NP,NPR,Electronics,2485.52,323.12,COD,1,286,3,0,Desktop,0,0
DHAN-ORD-102530,CUST-1678,2026-08-03,NP,NPR,Electronics,32698.65,4250.82,CONNECT_IPS,1,239,3,0,Mobile_App,0,0
DHAN-ORD-102531,CUST-2379,2026-08-22,NP,NPR,Apparel,908.21,118.07,ESEWA,8,91,5,0,Mobile_App,0,0
DHAN-ORD-102532,CUST-1224,2026-07-11,NP,NPR,Computers,754.04,98.03,KHALTI,7,56,4,0,Mobile_Web,0,0
DHAN-ORD-102533,CUST-1853,2026-07-01,NP,NPR,Electronics,4320.71,561.69,ESEWA,9,78,2,0,Mobile_App,0,0
DHAN-ORD-102534,CUST-2195,2026-08-10,IN,INR,Computers,3256.87,586.24,RAZORPAY,7,103,3,0,Mobile_App,0,0
DHAN-ORD-102535,CUST-1630,2026-08-23,IN,INR,Apparel,3097.04,557.47,RAZORPAY,1,118,2,0,Mobile_Web,0,0
DHAN-ORD-102536,CUST-2485,2026-08-10,IN,INR,Apparel,5273.47,949.22,UPI,8,233,2,0,Mobile_App,0,0
DHAN-ORD-102537,CUST-2409,2026-07-05,NP,NPR,Toys,511.19,66.45,ESEWA,7,133,2,0,Desktop,0,0
DHAN-ORD-102538,CUST-2288,2026-08-12,NP,NPR,Electronics,1631.61,212.11,ESEWA,2,125,4,1,Mobile_App,0,0
DHAN-ORD-102539,CUST-1054,2026-08-13,NP,NPR,Computers,426.19,55.4,ESEWA,3,24,6,0,Mobile_Web,0,0
DHAN-ORD-102540,CUST-2222,2026-08-02,NP,NPR,Computers,4156.62,540.36,COD,7,140,2,0,Mobile_App,0,1
DHAN-ORD-102541,CUST-1971,2026-08-13,NP,NPR,Kitchen,4973.26,646.52,ESEWA,5,227,4,0,Mobile_App,0,0
DHAN-ORD-102542,CUST-1543,2026-08-26,IN,INR,Books,5968.18,1074.27,COD,1,188,4,0,Mobile_App,0,0
DHAN-ORD-102543,CUST-2342,2026-07-29,AE,AED,Electronics,222.71,11.14,APPLE_PAY,6,252,3,0,Desktop,0,0
DHAN-ORD-102544,CUST-2184,2026-07-03,NP,NPR,Electronics,22744.32,2956.76,COD,1,144,6,0,Mobile_App,0,0
DHAN-ORD-102545,CUST-2182,2026-07-21,NP,NPR,Computers,4301.42,559.18,KHALTI,8,80,5,0,Mobile_App,0,0
DHAN-ORD-102546,CUST-1466,2026-07-03,IN,INR,Apparel,2457.27,442.31,UPI,9,300,6,0,Mobile_Web,0,0
DHAN-ORD-102547,CUST-2477,2026-07-16,NP,NPR,Apparel,2010.58,261.38,ESEWA,3,294,2,0,Mobile_App,0,0
DHAN-ORD-102548,CUST-1105,2026-07-16,IN,INR,Apparel,5023.35,904.2,UPI,1,9,5,0,Mobile_Web,0,0
DHAN-ORD-102549,CUST-2195,2026-07-03,IN,INR,Festive,2823.01,508.14,UPI,6,323,1,0,Desktop,0,0
DHAN-ORD-102550,CUST-1983,2026-07-13,AE,AED,Beauty,264.4,13.22,CARD,3,19,9,1,Mobile_App,0,0
DHAN-ORD-102551,CUST-1349,2026-07-04,NP,NPR,Computers,1123.35,146.04,ESEWA,7,125,2,0,Mobile_App,0,0
DHAN-ORD-102552,CUST-2073,2026-08-19,IN,INR,Electronics,514.24,92.56,CARD,1,21,6,0,Desktop,0,0
DHAN-ORD-102553,CUST-2288,2026-09-27,NP,NPR,Apparel,6211.17,807.45,KHALTI,1,45,5,0,Desktop,1,0
DHAN-ORD-102554,CUST-2476,2026-07-03,IN,INR,Apparel,774.1,139.34,UPI,9,66,4,1,Mobile_Web,0,0
DHAN-ORD-102555,CUST-2269,2026-07-04,NP,NPR,Beauty,1757.49,228.47,ESEWA,2,25,3,0,Mobile_App,0,0
DHAN-ORD-102556,CUST-1778,2026-07-23,NP,NPR,Apparel,584.49,75.98,ESEWA,8,69,3,0,Mobile_Web,0,0
DHAN-ORD-102557,CUST-1302,2026-07-11,NP,NPR,Apparel,10987.04,1428.32,KHALTI,7,49,7,1,Mobile_App,0,0
DHAN-ORD-102558,CUST-2394,2026-07-03,NP,NPR,Festive,6721.32,873.77,KHALTI,7,92,4,0,Desktop,0,0
DHAN-ORD-102559,CUST-1496,2026-07-21,IN,INR,Apparel,1536.49,276.57,RAZORPAY,6,2,5,1,Mobile_App,0,0
DHAN-ORD-102560,CUST-1064,2026-08-17,IN,INR,Fitness,1624.42,292.4,RAZORPAY,4,120,4,0,Mobile_App,0,0
DHAN-ORD-102561,CUST-2172,2026-08-06,IN,INR,Electronics,1218.84,219.39,UPI,3,353,3,1,Mobile_Web,0,1
DHAN-ORD-102562,CUST-2434,2026-07-02,NP,NPR,Apparel,17592.73,2287.05,ESEWA,6,97,4,0,Mobile_Web,0,0
DHAN-ORD-102563,CUST-1225,2026-07-03,IN,INR,Festive,2975.53,535.6,COD,5,65,2,0,Mobile_Web,0,0
DHAN-ORD-102564,CUST-1390,2026-07-16,NP,NPR,Kitchen,1919.22,249.5,ESEWA,2,414,3,0,Desktop,0,0
DHAN-ORD-102565,CUST-1038,2026-07-11,IN,INR,Fitness,10017.0,1803.06,UPI,9,234,4,0,Desktop,0,0
DHAN-ORD-102566,CUST-1903,2026-07-08,AE,AED,Toys,150.0,7.5,CARD,6,108,5,0,Mobile_App,0,0
DHAN-ORD-102567,CUST-1642,2026-07-10,NP,NPR,Computers,23229.48,3019.83,COD,9,84,3,0,Mobile_Web,0,1
DHAN-ORD-102568,CUST-1857,2026-08-18,IN,INR,Apparel,406.11,73.1,UPI,1,28,4,0,Mobile_App,0,0
DHAN-ORD-102569,CUST-1310,2026-09-18,NP,NPR,Computers,6127.76,796.61,CONNECT_IPS,7,103,2,0,Mobile_App,1,0
DHAN-ORD-102570,CUST-1845,2026-07-16,NP,NPR,Books,3151.19,409.65,KHALTI,1,140,6,1,Mobile_App,0,0
DHAN-ORD-102571,CUST-2414,2026-09-09,NP,NPR,Fitness,599.33,77.91,COD,5,131,1,0,Mobile_App,1,1
DHAN-ORD-102572,CUST-1417,2026-07-12,NP,NPR,Computers,1426.99,185.51,KHALTI,4,473,2,1,Mobile_App,0,0
DHAN-ORD-102573,CUST-1840,2026-07-20,IN,INR,Computers,616.2,110.92,RAZORPAY,4,131,5,1,Mobile_App,0,0
DHAN-ORD-102574,CUST-2027,2026-07-08,NP,NPR,Apparel,7863.19,1022.21,ESEWA,6,318,4,0,Mobile_App,0,0
DHAN-ORD-102575,CUST-2252,2026-07-31,NP,NPR,Kitchen,8365.08,1087.46,COD,4,352,5,2,Mobile_App,0,1
DHAN-ORD-102576,CUST-1965,2026-07-26,IN,INR,Computers,896.19,161.31,COD,5,94,4,0,Mobile_App,0,0
DHAN-ORD-102577,CUST-2489,2026-07-28,IN,INR,Beauty,3775.22,679.54,RAZORPAY,4,69,5,1,Mobile_Web,0,0
DHAN-ORD-102578,CUST-1127,2026-07-14,AE,AED,Kitchen,191.31,9.57,CARD,2,161,6,1,Mobile_App,0,0
DHAN-ORD-102579,CUST-2445,2026-08-01,IN,INR,Computers,14781.86,2660.73,UPI,3,83,6,0,Mobile_App,0,0
DHAN-ORD-102580,CUST-1282,2026-07-04,IN,INR,Fitness,565.61,101.81,CARD,7,88,2,0,Mobile_App,0,0
DHAN-ORD-102581,CUST-2062,2026-09-04,NP,NPR,Festive,6011.3,781.47,ESEWA,8,60,3,0,Mobile_App,1,0
DHAN-ORD-102582,CUST-1424,2026-07-21,NP,NPR,Toys,4235.8,550.65,ESEWA,5,187,2,0,Mobile_Web,0,0
DHAN-ORD-102583,CUST-2148,2026-07-18,NP,NPR,Festive,1265.41,164.5,ESEWA,5,224,3,0,Mobile_Web,0,0
DHAN-ORD-102584,CUST-1665,2026-07-27,NP,NPR,Electronics,7955.32,1034.19,ESEWA,8,83,1,0,Mobile_Web,0,0
DHAN-ORD-102585,CUST-2356,2026-07-30,IN,INR,Electronics,1463.81,263.49,UPI,5,200,2,1,Mobile_Web,0,1
DHAN-ORD-102586,CUST-1979,2026-07-03,NP,NPR,Electronics,3371.48,438.29,KHALTI,5,49,2,0,Desktop,0,0
DHAN-ORD-102587,CUST-2076,2026-08-04,IN,INR,Toys,2824.22,508.36,RAZORPAY,7,73,6,0,Mobile_App,0,0
DHAN-ORD-102588,CUST-1771,2026-07-09,NP,NPR,Books,5597.69,727.7,ESEWA,8,133,3,0,Mobile_App,0,0
DHAN-ORD-102589,CUST-1642,2026-08-07,NP,NPR,Toys,8756.11,1138.29,COD,8,5,3,0,Mobile_Web,0,1
DHAN-ORD-102590,CUST-1354,2026-08-21,NP,NPR,Festive,4363.62,567.27,KHALTI,7,39,5,0,Desktop,0,0
DHAN-ORD-102591,CUST-1941,2026-08-18,IN,INR,Apparel,2132.23,383.8,COD,8,102,0,0,Desktop,0,0
DHAN-ORD-102592,CUST-2091,2026-07-25,IN,INR,Kitchen,1007.97,181.43,COD,8,414,2,0,Mobile_App,0,1
DHAN-ORD-102593,CUST-1701,2026-07-23,IN,INR,Kitchen,625.26,112.55,UPI,4,22,3,0,Desktop,0,0
DHAN-ORD-102594,CUST-2118,2026-07-05,NP,NPR,Computers,1263.17,164.21,COD,3,303,3,0,Mobile_Web,0,0
DHAN-ORD-102595,CUST-1725,2026-08-14,AE,AED,Computers,150.0,7.5,CARD,6,43,4,0,Desktop,0,0
DHAN-ORD-102596,CUST-2384,2026-07-10,NP,NPR,Apparel,5051.92,656.75,KHALTI,2,326,3,0,Desktop,0,0
DHAN-ORD-102597,CUST-2476,2026-07-21,NP,NPR,Kitchen,2481.78,322.63,ESEWA,6,119,3,0,Mobile_Web,0,0
DHAN-ORD-102598,CUST-2394,2026-07-11,AE,AED,Apparel,150.0,7.5,CARD,6,161,8,1,Mobile_App,0,0
DHAN-ORD-102599,CUST-2317,2026-07-05,NP,NPR,Apparel,15960.55,2074.87,KHALTI,3,15,6,0,Desktop,0,1
DHAN-ORD-102600,CUST-2419,2026-07-30,IN,INR,Electronics,2399.61,431.93,COD,5,151,1,0,Mobile_App,0,0
DHAN-ORD-102601,CUST-1541,2026-07-02,NP,NPR,Beauty,622.27,80.9,KHALTI,1,169,0,0,Mobile_App,0,0
DHAN-ORD-102602,CUST-2249,2026-08-11,IN,INR,Beauty,3814.06,686.53,COD,7,114,3,0,Mobile_App,0,1
DHAN-ORD-102603,CUST-1991,2026-07-12,AE,AED,Kitchen,150.0,7.5,APPLE_PAY,6,211,1,0,Desktop,0,0
DHAN-ORD-102604,CUST-1393,2026-07-01,NP,NPR,Festive,221.81,28.84,COD,5,99,3,0,Mobile_Web,0,1
DHAN-ORD-102605,CUST-1504,2026-07-22,IN,INR,Beauty,2917.82,525.21,COD,1,55,2,0,Mobile_App,0,0
DHAN-ORD-102606,CUST-1571,2026-07-02,NP,NPR,Apparel,438.29,56.98,ESEWA,6,47,6,0,Mobile_App,0,0
DHAN-ORD-102607,CUST-2142,2026-07-10,IN,INR,Festive,1301.98,234.36,UPI,5,94,4,0,Mobile_App,0,0
DHAN-ORD-102608,CUST-1611,2026-08-06,NP,NPR,Festive,2537.84,329.92,ESEWA,8,34,2,0,Mobile_App,0,0
DHAN-ORD-102609,CUST-1460,2026-07-02,NP,NPR,Festive,5067.09,658.72,COD,9,180,0,0,Mobile_Web,0,1
DHAN-ORD-102610,CUST-1609,2026-08-24,NP,NPR,Electronics,1278.71,166.23,ESEWA,9,9,5,1,Mobile_App,0,0
DHAN-ORD-102611,CUST-1591,2026-07-01,NP,NPR,Computers,333.13,43.31,KHALTI,9,96,2,0,Mobile_App,0,0
DHAN-ORD-102612,CUST-2443,2026-07-09,AE,AED,Electronics,198.55,9.93,APPLE_PAY,9,63,1,0,Mobile_App,0,0
DHAN-ORD-102613,CUST-1424,2026-08-10,NP,NPR,Electronics,9179.19,1193.29,ESEWA,8,24,2,0,Mobile_App,0,0
DHAN-ORD-102614,CUST-2413,2026-07-12,NP,NPR,Festive,860.8,111.9,COD,5,351,4,0,Mobile_App,0,0
DHAN-ORD-102615,CUST-2443,2026-07-04,NP,NPR,Apparel,20868.58,2712.92,KHALTI,6,36,6,1,Mobile_App,0,0
DHAN-ORD-102616,CUST-2001,2026-07-14,NP,NPR,Computers,661.6,86.01,KHALTI,4,130,6,1,Mobile_App,0,0
DHAN-ORD-102617,CUST-1649,2026-07-10,IN,INR,Computers,2741.73,493.51,UPI,5,320,2,0,Mobile_Web,0,0
DHAN-ORD-102618,CUST-1982,2026-08-25,AE,AED,Electronics,539.97,27.0,APPLE_PAY,8,48,3,0,Mobile_App,0,0
DHAN-ORD-102619,CUST-1714,2026-07-12,NP,NPR,Apparel,9407.72,1223.0,KHALTI,2,79,5,1,Mobile_App,0,0
DHAN-ORD-102620,CUST-2147,2026-08-16,IN,INR,Toys,1133.66,204.06,UPI,8,17,5,0,Mobile_App,0,0
DHAN-ORD-102621,CUST-2477,2026-09-05,IN,INR,Festive,690.02,124.2,RAZORPAY,6,81,6,2,Mobile_App,1,1
DHAN-ORD-102622,CUST-1560,2026-07-18,NP,NPR,Books,1552.78,201.86,ESEWA,4,112,6,1,Mobile_Web,0,0
DHAN-ORD-102623,CUST-1589,2026-09-11,IN,INR,Electronics,5142.86,925.71,COD,3,138,3,0,Desktop,1,1
DHAN-ORD-102624,CUST-1249,2026-07-15,NP,NPR,Electronics,20066.45,2608.64,ESEWA,5,87,3,0,Mobile_App,0,0
DHAN-ORD-102625,CUST-2174,2026-07-10,IN,INR,Electronics,1069.18,192.45,COD,7,69,2,0,Mobile_App,0,0
DHAN-ORD-102626,CUST-2385,2026-07-03,IN,INR,Kitchen,20413.07,3674.35,RAZORPAY,1,238,1,0,Mobile_App,0,0
DHAN-ORD-102627,CUST-2112,2026-08-04,NP,NPR,Festive,1199.5,155.94,COD,2,4,3,0,Mobile_App,0,1
DHAN-ORD-102628,CUST-1777,2026-07-21,AE,AED,Apparel,179.12,8.96,CARD,8,15,1,1,Mobile_App,0,1
DHAN-ORD-102629,CUST-1808,2026-07-15,IN,INR,Toys,494.23,88.96,CARD,8,104,4,0,Mobile_App,0,0
DHAN-ORD-102630,CUST-1706,2026-07-31,NP,NPR,Beauty,993.26,129.12,COD,3,273,3,0,Mobile_Web,0,0
DHAN-ORD-102631,CUST-1299,2026-08-06,IN,INR,Computers,9858.63,1774.55,RAZORPAY,3,119,2,0,Mobile_App,0,0
DHAN-ORD-102632,CUST-1594,2026-07-01,NP,NPR,Computers,2092.07,271.97,ESEWA,4,81,2,0,Mobile_App,0,0
DHAN-ORD-102633,CUST-1086,2026-07-06,AE,AED,Beauty,150.0,7.5,CARD,6,116,4,0,Mobile_Web,0,0
DHAN-ORD-102634,CUST-1589,2026-08-07,IN,INR,Toys,1917.32,345.12,RAZORPAY,9,168,4,1,Mobile_App,0,0
DHAN-ORD-102635,CUST-2462,2026-08-02,NP,NPR,Electronics,2713.8,352.79,COD,4,106,5,0,Mobile_App,0,0
DHAN-ORD-102636,CUST-1161,2026-07-12,NP,NPR,Toys,872.31,113.4,ESEWA,8,65,6,2,Mobile_App,0,0
DHAN-ORD-102637,CUST-1709,2026-08-12,IN,INR,Fitness,1562.16,281.19,UPI,5,255,5,0,Mobile_Web,0,0
DHAN-ORD-102638,CUST-1905,2026-07-01,NP,NPR,Kitchen,4848.74,630.34,COD,6,110,4,0,Mobile_App,0,0
DHAN-ORD-102639,CUST-2343,2026-08-06,NP,NPR,Toys,10212.02,1327.56,ESEWA,6,46,3,0,Desktop,0,0
DHAN-ORD-102640,CUST-1525,2026-07-11,NP,NPR,Kitchen,2612.8,339.66,ESEWA,2,117,3,0,Mobile_App,0,0
DHAN-ORD-102641,CUST-1981,2026-07-04,NP,NPR,Apparel,6458.35,839.59,ESEWA,5,108,2,0,Mobile_App,0,0
DHAN-ORD-102642,CUST-1438,2026-08-15,NP,NPR,Toys,5138.24,667.97,COD,8,94,1,1,Mobile_App,0,1
DHAN-ORD-102643,CUST-1413,2026-07-31,NP,NPR,Books,3706.14,481.8,COD,7,141,1,0,Mobile_App,0,0
DHAN-ORD-102644,CUST-2103,2026-07-02,NP,NPR,Kitchen,5588.28,726.48,KHALTI,8,35,5,1,Mobile_App,0,1
DHAN-ORD-102645,CUST-1555,2026-07-14,IN,INR,Kitchen,2091.05,376.39,RAZORPAY,3,103,2,0,Mobile_App,0,0
DHAN-ORD-102646,CUST-2151,2026-07-05,NP,NPR,Electronics,1457.73,189.5,KHALTI,8,106,2,0,Mobile_App,0,0
DHAN-ORD-102647,CUST-2425,2026-07-21,NP,NPR,Electronics,1020.65,132.68,COD,3,296,3,0,Mobile_App,0,1
DHAN-ORD-102648,CUST-1556,2026-07-18,NP,NPR,Apparel,3051.73,396.72,KHALTI,9,24,3,0,Desktop,0,0
DHAN-ORD-102649,CUST-1281,2026-07-19,IN,INR,Festive,2413.64,434.46,UPI,1,58,5,0,Mobile_App,0,0
DHAN-ORD-102650,CUST-1223,2026-07-08,NP,NPR,Kitchen,4091.33,531.87,ESEWA,5,36,2,0,Mobile_Web,0,0
DHAN-ORD-102651,CUST-2260,2026-07-14,NP,NPR,Electronics,1325.6,172.33,COD,2,71,5,0,Mobile_Web,0,0
DHAN-ORD-102652,CUST-2201,2026-07-14,NP,NPR,Electronics,2958.04,384.55,KHALTI,6,206,5,0,Mobile_App,0,0
DHAN-ORD-102653,CUST-1490,2026-07-02,IN,INR,Beauty,3111.16,560.01,CARD,6,185,2,0,Mobile_App,0,0
DHAN-ORD-102654,CUST-1496,2026-08-13,IN,INR,Electronics,708.82,127.59,UPI,6,52,9,0,Mobile_App,0,0
DHAN-ORD-102655,CUST-1103,2026-07-17,IN,INR,Electronics,12140.44,2185.28,UPI,8,155,5,0,Mobile_App,0,0
DHAN-ORD-102656,CUST-2371,2026-08-21,IN,INR,Toys,4150.72,747.13,CARD,1,115,4,1,Mobile_App,0,0
DHAN-ORD-102657,CUST-2087,2026-08-26,IN,INR,Computers,1693.88,304.9,RAZORPAY,1,21,6,1,Mobile_App,0,0
DHAN-ORD-102658,CUST-1462,2026-07-08,NP,NPR,Beauty,6064.4,788.37,ESEWA,7,247,4,0,Mobile_Web,0,0
DHAN-ORD-102659,CUST-2306,2026-08-02,IN,INR,Fitness,8026.8,1444.82,RAZORPAY,7,213,4,0,Desktop,0,0
DHAN-ORD-102660,CUST-1476,2026-07-20,NP,NPR,Electronics,10694.14,1390.24,ESEWA,2,82,4,0,Mobile_App,0,0
DHAN-ORD-102661,CUST-1107,2026-09-02,IN,INR,Apparel,5686.04,1023.49,COD,7,73,5,1,Mobile_App,1,0
DHAN-ORD-102662,CUST-1205,2026-07-08,IN,INR,Apparel,2303.11,414.56,CARD,8,68,3,0,Mobile_App,0,0
DHAN-ORD-102663,CUST-1846,2026-08-03,NP,NPR,Apparel,2114.63,274.9,ESEWA,8,53,5,1,Desktop,0,0
DHAN-ORD-102664,CUST-1676,2026-07-29,NP,NPR,Kitchen,5516.96,717.2,KHALTI,8,189,3,1,Mobile_App,0,0
DHAN-ORD-102665,CUST-2469,2026-07-11,NP,NPR,Kitchen,13626.16,1771.4,ESEWA,9,56,4,0,Desktop,0,0
DHAN-ORD-102666,CUST-1967,2026-07-05,IN,INR,Festive,1863.31,335.4,UPI,9,70,5,0,Mobile_Web,0,0
DHAN-ORD-102667,CUST-1205,2026-08-01,IN,INR,Toys,748.19,134.67,RAZORPAY,1,93,4,0,Mobile_Web,0,0
DHAN-ORD-102668,CUST-2395,2026-08-10,IN,INR,Electronics,2574.75,463.45,COD,9,307,4,0,Mobile_App,0,0
DHAN-ORD-102669,CUST-1281,2026-07-12,NP,NPR,Computers,541.96,70.45,KHALTI,1,295,5,0,Mobile_App,0,1
DHAN-ORD-102670,CUST-1010,2026-08-01,IN,INR,Computers,2133.89,384.1,COD,9,223,12,1,Mobile_Web,0,1
DHAN-ORD-102671,CUST-2127,2026-07-16,IN,INR,Computers,1718.21,309.28,UPI,8,345,2,0,Mobile_Web,0,0
DHAN-ORD-102672,CUST-1323,2026-08-07,IN,INR,Apparel,1567.49,282.15,COD,1,219,6,0,Mobile_App,0,0
DHAN-ORD-102673,CUST-1833,2026-07-07,NP,NPR,Computers,572.19,74.38,ESEWA,5,50,4,0,Mobile_App,0,0
DHAN-ORD-102674,CUST-2337,2026-09-05,NP,NPR,Kitchen,5272.56,685.43,ESEWA,7,8,2,0,Desktop,1,0
DHAN-ORD-102675,CUST-1974,2026-07-11,IN,INR,Toys,3706.37,667.15,UPI,7,189,3,1,Mobile_App,0,0
DHAN-ORD-102676,CUST-1977,2026-07-14,IN,INR,Electronics,566.86,102.03,UPI,8,9,4,0,Desktop,0,1
DHAN-ORD-102677,CUST-2332,2026-07-02,AE,AED,Toys,390.93,19.55,APPLE_PAY,3,99,6,0,Mobile_Web,0,0
DHAN-ORD-102678,CUST-1408,2026-07-04,NP,NPR,Toys,239.91,31.19,KHALTI,5,185,4,0,Mobile_Web,0,0
DHAN-ORD-102679,CUST-1588,2026-07-22,NP,NPR,Electronics,1635.45,212.61,COD,6,121,2,0,Mobile_Web,0,1
DHAN-ORD-102680,CUST-1657,2026-07-10,AE,AED,Toys,150.0,7.5,APPLE_PAY,6,54,0,0,Mobile_App,0,0
DHAN-ORD-102681,CUST-1584,2026-08-24,NP,NPR,Toys,623.62,81.07,ESEWA,2,287,3,0,Mobile_Web,0,0
DHAN-ORD-102682,CUST-2322,2026-07-01,IN,INR,Kitchen,2878.53,518.14,UPI,7,155,3,0,Desktop,0,0
DHAN-ORD-102683,CUST-1121,2026-07-15,NP,NPR,Electronics,11437.43,1486.87,KHALTI,7,39,6,2,Mobile_App,0,0
DHAN-ORD-102684,CUST-1183,2026-07-13,NP,NPR,Beauty,3368.61,437.92,COD,2,66,4,0,Mobile_Web,0,1
DHAN-ORD-102685,CUST-2335,2026-07-01,IN,INR,Festive,1917.66,345.18,UPI,9,105,2,0,Mobile_App,0,0
DHAN-ORD-102686,CUST-2175,2026-07-04,IN,INR,Apparel,330.13,59.42,RAZORPAY,6,24,6,1,Mobile_App,0,0
DHAN-ORD-102687,CUST-1475,2026-07-17,NP,NPR,Electronics,40645.62,5283.93,KHALTI,1,184,3,1,Mobile_App,0,0
DHAN-ORD-102688,CUST-2095,2026-07-21,NP,NPR,Apparel,5791.76,752.93,CONNECT_IPS,4,100,2,0,Mobile_Web,0,0
DHAN-ORD-102689,CUST-2480,2026-07-16,IN,INR,Kitchen,2237.33,402.72,COD,5,116,2,0,Mobile_App,0,0
DHAN-ORD-102690,CUST-1076,2026-07-23,NP,NPR,Apparel,13753.98,1788.02,ESEWA,1,110,4,1,Desktop,0,0
DHAN-ORD-102691,CUST-1358,2026-07-28,IN,INR,Toys,8723.02,1570.14,RAZORPAY,2,30,6,1,Mobile_App,0,1
DHAN-ORD-102692,CUST-1855,2026-07-01,NP,NPR,Beauty,4453.73,578.98,CONNECT_IPS,7,152,1,0,Mobile_App,0,0
DHAN-ORD-102693,CUST-1360,2026-07-19,IN,INR,Fitness,5253.57,945.64,RAZORPAY,6,144,8,3,Mobile_App,0,0
DHAN-ORD-102694,CUST-1074,2026-07-10,AE,AED,Toys,150.0,7.5,APPLE_PAY,6,21,3,0,Mobile_App,0,0
DHAN-ORD-102695,CUST-1813,2026-07-22,IN,INR,Apparel,397.78,71.6,RAZORPAY,1,161,3,0,Desktop,0,0
DHAN-ORD-102696,CUST-2014,2026-08-03,NP,NPR,Electronics,6578.17,855.16,ESEWA,8,214,3,1,Desktop,0,1
DHAN-ORD-102697,CUST-1381,2026-07-12,IN,INR,Festive,1539.3,277.07,UPI,9,338,2,1,Mobile_App,0,1
DHAN-ORD-102698,CUST-1592,2026-08-14,NP,NPR,Festive,451.22,58.66,KHALTI,1,63,1,0,Mobile_App,0,0
DHAN-ORD-102699,CUST-1076,2026-08-14,NP,NPR,Computers,7362.93,957.18,KHALTI,9,216,3,0,Desktop,0,0
DHAN-ORD-102700,CUST-1018,2026-07-23,AE,AED,Beauty,150.0,7.5,CARD,6,69,4,1,Desktop,0,0
DHAN-ORD-102701,CUST-1611,2026-07-22,IN,INR,Electronics,22581.14,4064.61,RAZORPAY,9,237,3,1,Mobile_Web,0,0
DHAN-ORD-102702,CUST-2163,2026-07-05,IN,INR,Toys,4115.15,740.73,UPI,2,82,6,0,Mobile_App,0,1
DHAN-ORD-102703,CUST-2234,2026-07-01,NP,NPR,Toys,3821.37,496.78,COD,5,86,3,0,Desktop,0,0
DHAN-ORD-102704,CUST-1219,2026-08-14,NP,NPR,Computers,1989.91,258.69,COD,9,121,4,0,Mobile_App,0,1
DHAN-ORD-102705,CUST-1686,2026-08-19,NP,NPR,Festive,1525.21,198.28,KHALTI,4,329,4,1,Desktop,0,0
DHAN-ORD-102706,CUST-1582,2026-07-04,IN,INR,Electronics,5655.03,1017.91,UPI,3,23,2,0,Desktop,0,1
DHAN-ORD-102707,CUST-1930,2026-07-10,IN,INR,Fitness,1665.15,299.73,UPI,9,53,6,0,Mobile_App,0,0
DHAN-ORD-102708,CUST-2313,2026-07-01,NP,NPR,Beauty,1268.48,164.9,ESEWA,8,93,4,1,Mobile_Web,0,0
DHAN-ORD-102709,CUST-2112,2026-07-11,IN,INR,Electronics,2840.52,511.29,UPI,5,228,4,0,Mobile_App,0,0
DHAN-ORD-102710,CUST-2073,2026-08-14,NP,NPR,Electronics,7100.72,923.09,KHALTI,8,96,9,1,Mobile_App,0,0
DHAN-ORD-102711,CUST-2011,2026-07-22,NP,NPR,Electronics,7264.15,944.34,KHALTI,1,80,5,0,Desktop,0,0
DHAN-ORD-102712,CUST-1274,2026-07-13,NP,NPR,Apparel,5874.96,763.74,COD,6,69,4,0,Mobile_App,0,1
DHAN-ORD-102713,CUST-2032,2026-07-14,NP,NPR,Apparel,18057.56,2347.48,COD,3,325,0,0,Mobile_App,0,0
DHAN-ORD-102714,CUST-1958,2026-07-01,NP,NPR,Computers,10001.56,1300.2,ESEWA,2,35,2,0,Mobile_Web,0,1
DHAN-ORD-102715,CUST-1558,2026-07-11,AE,AED,Computers,150.0,7.5,COD,6,114,4,1,Mobile_App,0,1
DHAN-ORD-102716,CUST-1394,2026-08-01,NP,NPR,Computers,8493.58,1104.17,ESEWA,6,71,5,1,Mobile_App,0,0
DHAN-ORD-102717,CUST-1230,2026-07-20,AE,AED,Toys,150.0,7.5,CARD,6,54,3,2,Mobile_App,0,1
DHAN-ORD-102718,CUST-1677,2026-08-26,NP,NPR,Toys,1168.68,151.93,KHALTI,7,225,7,0,Mobile_Web,0,0
DHAN-ORD-102719,CUST-1332,2026-07-01,AE,AED,Computers,150.0,7.5,APPLE_PAY,6,207,4,1,Desktop,0,0
DHAN-ORD-102720,CUST-2497,2026-09-07,IN,INR,Apparel,1839.83,331.17,COD,3,245,1,0,Mobile_Web,1,1
DHAN-ORD-102721,CUST-1939,2026-08-15,AE,AED,Computers,193.25,9.66,CARD,4,277,5,1,Mobile_App,0,0
DHAN-ORD-102722,CUST-2327,2026-08-15,NP,NPR,Festive,6363.89,827.31,COD,9,39,1,0,Desktop,0,0
DHAN-ORD-102723,CUST-1526,2026-07-19,IN,INR,Festive,3029.89,545.38,UPI,5,15,6,0,Desktop,0,0
DHAN-ORD-102724,CUST-2471,2026-07-16,AE,AED,Apparel,448.93,22.45,CARD,7,27,6,0,Desktop,0,1
DHAN-ORD-102725,CUST-1381,2026-07-11,NP,NPR,Festive,10762.26,1399.09,ESEWA,7,372,7,2,Mobile_App,0,0
DHAN-ORD-102726,CUST-1028,2026-07-03,NP,NPR,Fitness,10030.57,1303.97,ESEWA,4,260,3,1,Mobile_App,0,1
DHAN-ORD-102727,CUST-1690,2026-07-08,NP,NPR,Festive,20723.9,2694.11,COD,5,58,2,0,Desktop,0,0
DHAN-ORD-102728,CUST-1604,2026-07-09,AE,AED,Apparel,174.58,8.73,APPLE_PAY,3,12,4,0,Mobile_Web,0,0
DHAN-ORD-102729,CUST-2162,2026-07-20,NP,NPR,Electronics,9331.01,1213.03,KHALTI,7,118,1,1,Mobile_App,0,1
DHAN-ORD-102730,CUST-2381,2026-08-11,NP,NPR,Electronics,3159.55,410.74,ESEWA,9,70,3,1,Mobile_App,0,0
DHAN-ORD-102731,CUST-1395,2026-07-20,NP,NPR,Electronics,2609.49,339.23,CONNECT_IPS,8,134,4,0,Mobile_App,0,0
DHAN-ORD-102732,CUST-1359,2026-07-02,NP,NPR,Apparel,7431.6,966.11,COD,6,219,4,0,Mobile_App,0,1
DHAN-ORD-102733,CUST-2251,2026-07-05,IN,INR,Electronics,7515.98,1352.88,CARD,9,105,5,0,Desktop,0,0
DHAN-ORD-102734,CUST-2308,2026-09-24,NP,NPR,Electronics,1919.72,249.56,KHALTI,2,86,3,0,Mobile_App,1,0
DHAN-ORD-102735,CUST-1830,2026-08-16,IN,INR,Beauty,1673.4,301.21,UPI,8,84,3,0,Mobile_App,0,0
DHAN-ORD-102736,CUST-1875,2026-08-22,AE,AED,Electronics,150.0,7.5,CARD,6,129,3,0,Mobile_App,0,0
DHAN-ORD-102737,CUST-2055,2026-07-24,NP,NPR,Apparel,1799.98,234.0,ESEWA,8,206,0,0,Mobile_App,0,0
DHAN-ORD-102738,CUST-1671,2026-07-09,IN,INR,Festive,3382.28,608.81,COD,7,82,9,0,Desktop,0,1
DHAN-ORD-102739,CUST-1177,2026-07-03,NP,NPR,Toys,680.41,88.45,ESEWA,5,61,6,0,Mobile_Web,0,0
DHAN-ORD-102740,CUST-1820,2026-07-14,IN,INR,Apparel,1860.13,334.82,CARD,6,121,1,0,Mobile_Web,0,0
DHAN-ORD-102741,CUST-2370,2026-07-08,NP,NPR,Apparel,46653.34,6064.93,KHALTI,6,211,2,1,Mobile_App,0,0
DHAN-ORD-102742,CUST-1195,2026-07-07,IN,INR,Beauty,1335.99,240.48,UPI,3,506,1,0,Desktop,0,0
DHAN-ORD-102743,CUST-1378,2026-07-05,NP,NPR,Electronics,5815.43,756.01,ESEWA,1,71,0,0,Mobile_App,0,0
DHAN-ORD-102744,CUST-1287,2026-07-30,NP,NPR,Festive,38688.24,5029.47,KHALTI,6,155,2,0,Mobile_Web,0,0
DHAN-ORD-102745,CUST-1977,2026-08-15,IN,INR,Electronics,798.22,143.68,RAZORPAY,6,110,4,0,Mobile_App,0,0
DHAN-ORD-102746,CUST-1662,2026-07-26,NP,NPR,Computers,8103.11,1053.4,KHALTI,3,180,10,1,Mobile_App,0,0
DHAN-ORD-102747,CUST-1508,2026-07-05,IN,INR,Toys,1445.71,260.23,RAZORPAY,5,59,2,0,Desktop,0,0
DHAN-ORD-102748,CUST-1013,2026-08-19,NP,NPR,Electronics,11847.92,1540.23,KHALTI,3,155,3,0,Mobile_App,0,1
DHAN-ORD-102749,CUST-1534,2026-07-31,IN,INR,Kitchen,15920.08,2865.61,RAZORPAY,8,187,2,0,Desktop,0,0
DHAN-ORD-102750,CUST-1785,2026-07-15,NP,NPR,Computers,2958.23,384.57,ESEWA,6,81,5,0,Mobile_App,0,0
DHAN-ORD-102751,CUST-1482,2026-08-03,IN,INR,Computers,318.28,57.29,RAZORPAY,3,230,7,1,Desktop,0,0
DHAN-ORD-102752,CUST-1914,2026-07-10,NP,NPR,Electronics,4726.05,614.39,CONNECT_IPS,1,11,6,0,Mobile_App,0,0
DHAN-ORD-102753,CUST-1546,2026-07-13,NP,NPR,Computers,2337.72,303.9,ESEWA,6,38,1,0,Mobile_App,0,0
DHAN-ORD-102754,CUST-1675,2026-09-13,NP,NPR,Apparel,1510.25,196.33,ESEWA,7,31,2,0,Mobile_App,1,0
DHAN-ORD-102755,CUST-1618,2026-07-11,IN,INR,Festive,890.13,160.22,RAZORPAY,8,3,2,0,Mobile_App,0,0
DHAN-ORD-102756,CUST-2192,2026-07-20,NP,NPR,Kitchen,3457.48,449.47,ESEWA,1,37,4,0,Mobile_App,0,0
DHAN-ORD-102757,CUST-2480,2026-09-05,IN,INR,Festive,1391.18,250.41,COD,5,74,2,1,Mobile_App,1,1
DHAN-ORD-102758,CUST-2173,2026-08-06,IN,INR,Electronics,1475.79,265.64,COD,8,126,4,1,Desktop,0,1
DHAN-ORD-102759,CUST-1023,2026-07-02,NP,NPR,Electronics,2086.43,271.24,COD,7,67,5,1,Mobile_Web,0,0
DHAN-ORD-102760,CUST-1535,2026-07-05,IN,INR,Electronics,6479.37,1166.29,RAZORPAY,8,147,1,0,Mobile_Web,0,0
DHAN-ORD-102761,CUST-2338,2026-07-01,NP,NPR,Apparel,14588.27,1896.48,COD,8,21,2,0,Mobile_App,0,0
DHAN-ORD-102762,CUST-1736,2026-07-30,NP,NPR,Kitchen,20950.64,2723.58,KHALTI,7,7,2,0,Mobile_App,0,0
DHAN-ORD-102763,CUST-2418,2026-07-18,IN,INR,Apparel,6355.67,1144.02,UPI,1,147,5,0,Mobile_App,0,0
DHAN-ORD-102764,CUST-1483,2026-07-05,IN,INR,Toys,10923.55,1966.24,COD,6,119,3,0,Mobile_Web,0,0
DHAN-ORD-102765,CUST-1127,2026-07-06,IN,INR,Beauty,2263.61,407.45,RAZORPAY,4,58,4,0,Mobile_App,0,0
DHAN-ORD-102766,CUST-2367,2026-07-23,NP,NPR,Apparel,2146.47,279.04,CONNECT_IPS,4,57,2,1,Mobile_App,0,0
DHAN-ORD-102767,CUST-1242,2026-07-09,NP,NPR,Festive,3353.19,435.91,ESEWA,5,104,1,0,Mobile_App,0,0
DHAN-ORD-102768,CUST-1953,2026-07-21,NP,NPR,Electronics,4214.11,547.83,COD,2,303,3,0,Mobile_App,0,0
DHAN-ORD-102769,CUST-1628,2026-08-04,IN,INR,Kitchen,2887.61,519.77,RAZORPAY,7,136,6,1,Mobile_App,0,0
DHAN-ORD-102770,CUST-1327,2026-07-03,NP,NPR,Toys,189.76,24.67,KHALTI,9,180,9,1,Desktop,0,0
DHAN-ORD-102771,CUST-1830,2026-07-10,IN,INR,Apparel,501.69,90.3,RAZORPAY,6,36,0,0,Mobile_App,0,0
DHAN-ORD-102772,CUST-2405,2026-08-19,NP,NPR,Electronics,5495.97,714.48,ESEWA,5,139,4,0,Mobile_App,0,0
DHAN-ORD-102773,CUST-2029,2026-07-19,NP,NPR,Kitchen,3648.19,474.26,ESEWA,3,238,4,0,Mobile_App,0,1
DHAN-ORD-102774,CUST-2440,2026-07-24,NP,NPR,Beauty,5076.28,659.92,CONNECT_IPS,9,198,4,0,Desktop,0,0
DHAN-ORD-102775,CUST-1636,2026-07-18,NP,NPR,Kitchen,3247.65,422.19,CONNECT_IPS,7,49,2,0,Mobile_App,0,0
DHAN-ORD-102776,CUST-2413,2026-07-02,NP,NPR,Electronics,7848.43,1020.3,KHALTI,9,64,0,0,Mobile_App,0,0
DHAN-ORD-102777,CUST-1240,2026-07-06,IN,INR,Festive,648.39,116.71,COD,9,149,3,0,Mobile_App,0,0
DHAN-ORD-102778,CUST-2308,2026-07-18,IN,INR,Toys,1318.75,237.38,COD,4,92,5,1,Mobile_App,0,1
DHAN-ORD-102779,CUST-1604,2026-07-08,NP,NPR,Beauty,1572.63,204.44,ESEWA,6,194,3,0,Mobile_Web,0,0
DHAN-ORD-102780,CUST-1752,2026-07-02,NP,NPR,Apparel,1280.28,166.44,COD,2,12,5,0,Mobile_App,0,0
DHAN-ORD-102781,CUST-2258,2026-08-25,NP,NPR,Festive,364.18,47.34,ESEWA,4,20,7,1,Mobile_App,0,0
DHAN-ORD-102782,CUST-1452,2026-07-30,IN,INR,Computers,3241.13,583.4,UPI,1,275,4,0,Mobile_Web,0,1
DHAN-ORD-102783,CUST-1448,2026-08-17,NP,NPR,Electronics,3875.97,503.88,KHALTI,5,223,2,0,Mobile_App,0,0
DHAN-ORD-102784,CUST-1273,2026-08-27,AE,AED,Beauty,164.52,8.23,APPLE_PAY,2,60,4,0,Mobile_App,0,0
DHAN-ORD-102785,CUST-1979,2026-07-09,NP,NPR,Fitness,1325.72,172.34,KHALTI,2,176,3,0,Mobile_App,0,0
DHAN-ORD-102786,CUST-1313,2026-07-08,NP,NPR,Computers,62633.79,8142.39,ESEWA,2,23,4,0,Mobile_App,0,0
DHAN-ORD-102787,CUST-1931,2026-07-07,AE,AED,Books,566.83,28.34,CARD,8,109,0,0,Mobile_App,0,0
DHAN-ORD-102788,CUST-2240,2026-07-01,NP,NPR,Beauty,6891.98,895.96,COD,6,126,2,0,Mobile_App,0,0
DHAN-ORD-102789,CUST-1765,2026-09-06,IN,INR,Kitchen,698.94,125.81,RAZORPAY,5,107,3,1,Mobile_Web,1,0
DHAN-ORD-102790,CUST-1851,2026-08-07,NP,NPR,Electronics,2148.94,279.36,KHALTI,6,146,4,0,Mobile_App,0,0
DHAN-ORD-102791,CUST-2437,2026-07-30,NP,NPR,Electronics,1296.98,168.61,COD,9,96,3,1,Mobile_Web,0,1
DHAN-ORD-102792,CUST-2124,2026-07-26,NP,NPR,Fitness,1391.01,180.83,KHALTI,5,164,6,0,Mobile_Web,0,0
DHAN-ORD-102793,CUST-1964,2026-07-10,IN,INR,Books,3386.81,609.63,RAZORPAY,2,96,4,0,Mobile_Web,0,1
DHAN-ORD-102794,CUST-2100,2026-07-18,IN,INR,Kitchen,1521.13,273.8,UPI,9,37,4,0,Mobile_App,0,0
DHAN-ORD-102795,CUST-2360,2026-07-28,NP,NPR,Books,904.18,117.54,CONNECT_IPS,4,43,7,0,Mobile_Web,0,0
DHAN-ORD-102796,CUST-1447,2026-07-03,AE,AED,Festive,150.0,7.5,CARD,6,228,5,1,Mobile_App,0,0
DHAN-ORD-102797,CUST-1506,2026-07-30,NP,NPR,Beauty,4407.8,573.01,CONNECT_IPS,6,120,3,0,Desktop,0,0
DHAN-ORD-102798,CUST-2393,2026-07-30,NP,NPR,Apparel,6847.38,890.16,CONNECT_IPS,7,27,5,0,Mobile_App,0,0
DHAN-ORD-102799,CUST-2220,2026-07-07,NP,NPR,Kitchen,5424.53,705.19,KHALTI,6,32,3,0,Mobile_App,0,0
DHAN-ORD-102800,CUST-1167,2026-08-17,NP,NPR,Apparel,11273.21,1465.52,ESEWA,5,129,3,0,Mobile_App,0,1
DHAN-ORD-102801,CUST-2076,2026-09-10,NP,NPR,Computers,9115.98,1185.08,COD,7,53,7,1,Mobile_App,1,1
DHAN-ORD-102802,CUST-1914,2026-09-25,AE,AED,Apparel,150.0,7.5,APPLE_PAY,6,45,5,0,Mobile_App,1,0
DHAN-ORD-102803,CUST-2081,2026-07-07,NP,NPR,Computers,1306.14,169.8,KHALTI,1,105,3,0,Mobile_App,0,0
DHAN-ORD-102804,CUST-2441,2026-07-23,NP,NPR,Fitness,7740.41,1006.25,COD,9,183,2,0,Mobile_Web,0,0
DHAN-ORD-102805,CUST-1740,2026-07-24,NP,NPR,Festive,58218.58,7568.42,ESEWA,6,105,4,0,Desktop,0,0
DHAN-ORD-102806,CUST-1159,2026-08-12,IN,INR,Electronics,911.25,164.03,UPI,2,73,3,0,Mobile_App,0,0
DHAN-ORD-102807,CUST-2155,2026-07-06,IN,INR,Electronics,2370.77,426.74,RAZORPAY,3,114,3,0,Mobile_App,0,0
DHAN-ORD-102808,CUST-1229,2026-07-20,NP,NPR,Beauty,408.29,53.08,CONNECT_IPS,3,386,2,0,Mobile_App,0,0
DHAN-ORD-102809,CUST-1126,2026-08-08,NP,NPR,Apparel,8492.17,1103.98,CONNECT_IPS,5,103,4,1,Mobile_Web,0,0
DHAN-ORD-102810,CUST-2121,2026-07-09,NP,NPR,Electronics,2054.36,267.07,ESEWA,2,192,2,0,Mobile_App,0,0
DHAN-ORD-102811,CUST-2035,2026-07-31,NP,NPR,Apparel,4223.12,549.01,COD,2,37,4,0,Mobile_Web,0,0
DHAN-ORD-102812,CUST-1414,2026-08-02,NP,NPR,Electronics,26094.2,3392.25,KHALTI,3,125,7,0,Desktop,0,0
DHAN-ORD-102813,CUST-2172,2026-07-06,NP,NPR,Computers,3449.71,448.46,KHALTI,2,54,2,0,Mobile_App,0,0
DHAN-ORD-102814,CUST-2099,2026-07-25,NP,NPR,Computers,13261.36,1723.98,ESEWA,4,89,2,0,Mobile_App,0,0
DHAN-ORD-102815,CUST-1306,2026-08-14,NP,NPR,Computers,7363.1,957.2,COD,1,154,8,0,Desktop,0,1
DHAN-ORD-102816,CUST-1336,2026-07-21,NP,NPR,Fitness,1966.25,255.61,ESEWA,4,6,5,1,Mobile_App,0,0
DHAN-ORD-102817,CUST-1671,2026-07-01,AE,AED,Books,150.0,7.5,CARD,6,76,1,0,Mobile_App,0,0
DHAN-ORD-102818,CUST-2065,2026-07-01,AE,AED,Kitchen,150.0,7.5,CARD,6,82,4,1,Desktop,0,0
DHAN-ORD-102819,CUST-1904,2026-07-14,IN,INR,Beauty,6080.01,1094.4,UPI,5,130,2,0,Mobile_Web,0,0
DHAN-ORD-102820,CUST-1238,2026-09-17,NP,NPR,Computers,50592.54,6577.03,ESEWA,3,44,4,1,Mobile_Web,1,0
DHAN-ORD-102821,CUST-2393,2026-07-08,NP,NPR,Apparel,9703.55,1261.46,COD,1,238,2,0,Mobile_App,0,0
DHAN-ORD-102822,CUST-1420,2026-07-31,NP,NPR,Computers,15482.16,2012.68,ESEWA,2,65,4,0,Mobile_App,0,1
DHAN-ORD-102823,CUST-2468,2026-07-08,IN,INR,Apparel,649.9,116.98,RAZORPAY,1,292,4,1,Mobile_App,0,0
DHAN-ORD-102824,CUST-2194,2026-07-12,NP,NPR,Festive,3080.15,400.42,ESEWA,2,59,0,0,Mobile_App,0,0
DHAN-ORD-102825,CUST-2001,2026-08-26,IN,INR,Electronics,855.71,154.03,RAZORPAY,9,167,6,1,Mobile_Web,0,0
DHAN-ORD-102826,CUST-1186,2026-08-09,AE,AED,Toys,360.83,18.04,COD,9,85,2,0,Mobile_Web,0,0
DHAN-ORD-102827,CUST-2045,2026-07-04,NP,NPR,Computers,840.58,109.28,KHALTI,3,61,4,0,Mobile_App,0,0
DHAN-ORD-102828,CUST-1912,2026-07-17,IN,INR,Kitchen,1779.53,320.32,RAZORPAY,6,50,4,0,Mobile_App,0,0
DHAN-ORD-102829,CUST-1113,2026-07-01,NP,NPR,Computers,22176.16,2882.9,ESEWA,9,369,5,0,Mobile_Web,0,0
DHAN-ORD-102830,CUST-1928,2026-07-20,NP,NPR,Kitchen,229.8,29.87,ESEWA,4,90,3,0,Mobile_App,0,0
DHAN-ORD-102831,CUST-1270,2026-08-02,NP,NPR,Electronics,3732.95,485.28,ESEWA,6,9,8,0,Mobile_App,0,0
DHAN-ORD-102832,CUST-2051,2026-07-04,NP,NPR,Kitchen,1190.13,154.72,KHALTI,2,210,2,0,Mobile_Web,0,0
DHAN-ORD-102833,CUST-1850,2026-07-11,IN,INR,Kitchen,2307.49,415.35,COD,3,72,4,0,Mobile_App,0,0
DHAN-ORD-102834,CUST-1935,2026-07-16,NP,NPR,Electronics,7199.29,935.91,ESEWA,8,40,1,0,Mobile_App,0,0
DHAN-ORD-102835,CUST-2154,2026-09-14,NP,NPR,Apparel,723.79,94.09,ESEWA,3,82,0,0,Mobile_App,1,0
DHAN-ORD-102836,CUST-1118,2026-08-29,IN,INR,Festive,2143.6,385.85,UPI,1,33,1,0,Desktop,0,0
DHAN-ORD-102837,CUST-2144,2026-07-02,IN,INR,Kitchen,2334.38,420.19,UPI,3,146,1,0,Mobile_Web,0,0
DHAN-ORD-102838,CUST-1946,2026-08-12,NP,NPR,Electronics,14023.28,1823.03,KHALTI,1,194,0,0,Mobile_App,0,0
DHAN-ORD-102839,CUST-2377,2026-07-14,IN,INR,Electronics,2186.68,393.6,UPI,8,15,0,0,Mobile_App,0,0
DHAN-ORD-102840,CUST-1631,2026-07-15,IN,INR,Festive,3155.49,567.99,RAZORPAY,5,40,3,0,Mobile_App,0,0
DHAN-ORD-102841,CUST-2481,2026-08-12,NP,NPR,Apparel,3902.9,507.38,ESEWA,5,192,4,0,Mobile_App,0,1
DHAN-ORD-102842,CUST-1044,2026-09-14,NP,NPR,Beauty,2789.32,362.61,ESEWA,8,165,2,0,Mobile_App,1,0
DHAN-ORD-102843,CUST-1810,2026-07-01,NP,NPR,Computers,2878.16,374.16,KHALTI,7,100,4,0,Mobile_Web,0,0
DHAN-ORD-102844,CUST-1521,2026-07-26,IN,INR,Kitchen,3246.07,584.29,CARD,6,23,4,3,Mobile_App,0,0
DHAN-ORD-102845,CUST-1006,2026-07-14,IN,INR,Electronics,5336.08,960.49,COD,8,56,3,0,Mobile_Web,0,0
DHAN-ORD-102846,CUST-1446,2026-08-16,IN,INR,Books,30771.91,5538.94,UPI,9,115,2,0,Mobile_Web,0,0
DHAN-ORD-102847,CUST-2184,2026-07-09,NP,NPR,Festive,2058.34,267.58,ESEWA,6,76,3,1,Mobile_App,0,1
DHAN-ORD-102848,CUST-1149,2026-07-25,NP,NPR,Computers,3113.28,404.73,CONNECT_IPS,8,196,3,0,Mobile_App,0,0
DHAN-ORD-102849,CUST-1092,2026-07-14,NP,NPR,Beauty,1954.35,254.07,KHALTI,1,176,5,0,Mobile_App,0,0
DHAN-ORD-102850,CUST-1867,2026-08-02,NP,NPR,Electronics,606.5,78.84,KHALTI,3,117,3,1,Desktop,0,0
DHAN-ORD-102851,CUST-1705,2026-07-09,IN,INR,Kitchen,486.0,87.48,RAZORPAY,9,70,4,0,Mobile_Web,0,0
DHAN-ORD-102852,CUST-2434,2026-07-07,IN,INR,Festive,4837.52,870.75,COD,4,123,2,0,Mobile_Web,0,1
DHAN-ORD-102853,CUST-1130,2026-09-14,NP,NPR,Beauty,513.83,66.8,KHALTI,9,95,6,0,Mobile_Web,1,0
DHAN-ORD-102854,CUST-2108,2026-07-04,NP,NPR,Kitchen,8865.48,1152.51,ESEWA,9,155,4,1,Mobile_App,0,0
DHAN-ORD-102855,CUST-1123,2026-07-22,NP,NPR,Electronics,4746.7,617.07,ESEWA,3,133,4,0,Mobile_Web,0,0
DHAN-ORD-102856,CUST-1141,2026-07-08,NP,NPR,Fitness,7921.64,1029.81,COD,1,59,2,0,Desktop,0,1
DHAN-ORD-102857,CUST-1966,2026-07-02,NP,NPR,Apparel,20853.48,2710.95,COD,9,110,2,1,Mobile_App,0,1
DHAN-ORD-102858,CUST-1064,2026-07-02,NP,NPR,Beauty,1461.53,190.0,ESEWA,3,99,5,0,Mobile_Web,0,0
DHAN-ORD-102859,CUST-1587,2026-07-06,NP,NPR,Electronics,869.44,113.03,KHALTI,5,216,2,0,Desktop,0,0
DHAN-ORD-102860,CUST-1837,2026-08-30,NP,NPR,Kitchen,668.23,86.87,ESEWA,2,107,4,1,Desktop,0,0
DHAN-ORD-102861,CUST-1368,2026-07-10,NP,NPR,Books,304.3,39.56,KHALTI,7,69,5,0,Desktop,0,0
DHAN-ORD-102862,CUST-1277,2026-07-01,NP,NPR,Beauty,2401.12,312.15,ESEWA,7,291,5,0,Mobile_App,0,0
DHAN-ORD-102863,CUST-2313,2026-07-27,IN,INR,Kitchen,784.6,141.23,RAZORPAY,1,96,4,0,Mobile_Web,0,0
DHAN-ORD-102864,CUST-2493,2026-07-18,NP,NPR,Beauty,1558.9,202.66,COD,1,22,5,0,Mobile_App,0,1
DHAN-ORD-102865,CUST-2322,2026-07-27,AE,AED,Fitness,370.92,18.55,CARD,1,144,3,0,Mobile_App,0,0
DHAN-ORD-102866,CUST-1860,2026-07-22,NP,NPR,Kitchen,9024.82,1173.23,COD,6,86,4,0,Mobile_App,0,1
DHAN-ORD-102867,CUST-1766,2026-08-12,NP,NPR,Electronics,18504.39,2405.57,CONNECT_IPS,9,121,4,0,Mobile_App,0,0
DHAN-ORD-102868,CUST-1783,2026-07-10,NP,NPR,Apparel,670.63,87.18,ESEWA,4,51,3,0,Mobile_App,0,0
DHAN-ORD-102869,CUST-1918,2026-07-14,NP,NPR,Apparel,4056.18,527.3,ESEWA,6,136,0,0,Mobile_App,0,1
DHAN-ORD-102870,CUST-1773,2026-09-06,IN,INR,Toys,9329.93,1679.39,RAZORPAY,5,225,2,1,Mobile_App,1,1
DHAN-ORD-102871,CUST-1769,2026-09-26,NP,NPR,Festive,2065.83,268.56,ESEWA,4,145,5,2,Desktop,1,0
DHAN-ORD-102872,CUST-1164,2026-09-05,AE,AED,Kitchen,167.1,8.36,CARD,5,33,3,1,Mobile_App,1,0
DHAN-ORD-102873,CUST-2398,2026-07-17,IN,INR,Computers,2543.19,457.77,UPI,5,162,7,1,Mobile_App,0,0
DHAN-ORD-102874,CUST-2355,2026-08-15,NP,NPR,Books,1152.0,149.76,KHALTI,9,17,4,0,Mobile_Web,0,0
DHAN-ORD-102875,CUST-2104,2026-07-20,NP,NPR,Kitchen,2776.23,360.91,CONNECT_IPS,4,101,3,0,Mobile_App,0,0
DHAN-ORD-102876,CUST-1272,2026-07-21,IN,INR,Apparel,766.39,137.95,UPI,1,214,4,0,Mobile_App,0,0
DHAN-ORD-102877,CUST-2338,2026-07-07,NP,NPR,Apparel,1522.34,197.9,CONNECT_IPS,1,482,2,0,Mobile_App,0,0
DHAN-ORD-102878,CUST-1712,2026-07-27,IN,INR,Beauty,2719.52,489.51,UPI,1,87,6,0,Mobile_App,0,0
DHAN-ORD-102879,CUST-1242,2026-07-07,NP,NPR,Electronics,5375.76,698.85,KHALTI,2,130,5,1,Mobile_Web,0,0
DHAN-ORD-102880,CUST-1365,2026-07-13,NP,NPR,Toys,3288.97,427.57,CONNECT_IPS,3,81,5,1,Mobile_App,0,0
DHAN-ORD-102881,CUST-2100,2026-08-27,NP,NPR,Fitness,2970.14,386.12,ESEWA,9,116,4,0,Mobile_Web,0,0
DHAN-ORD-102882,CUST-1804,2026-07-07,NP,NPR,Apparel,3384.39,439.97,ESEWA,9,77,3,0,Mobile_App,0,0
DHAN-ORD-102883,CUST-2083,2026-07-03,IN,INR,Beauty,575.66,103.62,RAZORPAY,8,130,2,0,Mobile_Web,0,0
DHAN-ORD-102884,CUST-1260,2026-07-03,NP,NPR,Computers,12158.28,1580.58,ESEWA,8,69,7,0,Mobile_App,0,0
DHAN-ORD-102885,CUST-2490,2026-09-23,IN,INR,Computers,1219.09,219.44,RAZORPAY,4,77,1,0,Mobile_App,1,0
DHAN-ORD-102886,CUST-1456,2026-07-22,NP,NPR,Kitchen,23594.89,3067.34,KHALTI,5,108,5,0,Mobile_App,0,0
DHAN-ORD-102887,CUST-1007,2026-07-16,NP,NPR,Electronics,1980.3,257.44,KHALTI,9,80,2,0,Mobile_App,0,0
DHAN-ORD-102888,CUST-1046,2026-08-19,NP,NPR,Books,10788.6,1402.52,ESEWA,6,83,5,0,Mobile_Web,0,0
DHAN-ORD-102889,CUST-1611,2026-08-24,NP,NPR,Fitness,14394.75,1871.32,COD,3,200,2,0,Mobile_Web,0,0
DHAN-ORD-102890,CUST-1948,2026-07-13,NP,NPR,Apparel,5602.86,728.37,KHALTI,4,103,2,0,Mobile_App,0,0
DHAN-ORD-102891,CUST-2379,2026-08-05,NP,NPR,Beauty,735.33,95.59,ESEWA,6,94,0,0,Mobile_App,0,0
DHAN-ORD-102892,CUST-2472,2026-08-14,IN,INR,Electronics,2750.04,495.01,RAZORPAY,5,11,6,0,Desktop,0,0
DHAN-ORD-102893,CUST-2115,2026-08-01,NP,NPR,Books,1043.41,135.64,COD,8,328,2,1,Mobile_App,0,0
DHAN-ORD-102894,CUST-1868,2026-07-05,NP,NPR,Kitchen,2299.06,298.88,ESEWA,4,23,4,0,Mobile_App,0,0
DHAN-ORD-102895,CUST-2089,2026-09-01,IN,INR,Computers,8662.08,1559.17,UPI,4,26,5,0,Mobile_App,1,0
DHAN-ORD-102896,CUST-1776,2026-07-24,IN,INR,Beauty,5062.76,911.3,UPI,4,110,2,0,Mobile_App,0,1
DHAN-ORD-102897,CUST-1470,2026-07-10,NP,NPR,Festive,4035.18,524.57,ESEWA,3,30,3,0,Desktop,0,0
DHAN-ORD-102898,CUST-1506,2026-07-17,NP,NPR,Festive,18846.59,2450.06,COD,9,74,4,0,Mobile_Web,0,1
DHAN-ORD-102899,CUST-1943,2026-07-02,IN,INR,Computers,3087.92,555.83,UPI,9,200,3,1,Mobile_App,0,1
DHAN-ORD-102900,CUST-1708,2026-07-05,IN,INR,Festive,717.86,129.21,UPI,6,61,4,0,Mobile_App,0,0
DHAN-ORD-102901,CUST-1317,2026-08-13,NP,NPR,Electronics,14708.14,1912.06,ESEWA,2,149,2,0,Mobile_App,0,0
DHAN-ORD-102902,CUST-1564,2026-07-01,NP,NPR,Computers,9012.2,1171.59,ESEWA,3,142,4,0,Mobile_App,0,1
DHAN-ORD-102903,CUST-1386,2026-07-17,IN,INR,Festive,1396.84,251.43,UPI,1,91,0,0,Mobile_App,0,0
DHAN-ORD-102904,CUST-2484,2026-07-23,NP,NPR,Festive,4599.03,597.87,ESEWA,9,33,3,0,Mobile_App,0,0
DHAN-ORD-102905,CUST-1231,2026-07-02,AE,AED,Apparel,150.0,7.5,CARD,6,136,7,1,Desktop,0,0
DHAN-ORD-102906,CUST-1065,2026-07-19,NP,NPR,Apparel,613.49,79.75,ESEWA,1,106,3,0,Mobile_App,0,0
DHAN-ORD-102907,CUST-2352,2026-07-08,IN,INR,Fitness,5029.72,905.35,RAZORPAY,7,71,1,0,Mobile_App,0,0
DHAN-ORD-102908,CUST-1858,2026-07-11,NP,NPR,Fitness,1682.48,218.72,ESEWA,8,152,5,1,Mobile_App,0,0
DHAN-ORD-102909,CUST-2259,2026-07-11,NP,NPR,Festive,8595.02,1117.35,COD,9,34,2,0,Mobile_App,0,0
DHAN-ORD-102910,CUST-1032,2026-07-08,IN,INR,Apparel,37104.38,6678.79,RAZORPAY,6,362,1,0,Mobile_Web,0,0
DHAN-ORD-102911,CUST-1492,2026-07-01,NP,NPR,Books,2403.11,312.4,ESEWA,9,150,4,0,Mobile_App,0,0
DHAN-ORD-102912,CUST-1422,2026-08-09,NP,NPR,Books,1238.89,161.06,ESEWA,5,50,6,0,Mobile_App,0,0
DHAN-ORD-102913,CUST-1137,2026-07-13,NP,NPR,Computers,607.19,78.93,ESEWA,4,32,4,2,Mobile_App,0,0
DHAN-ORD-102914,CUST-1206,2026-07-08,NP,NPR,Festive,14047.84,1826.22,ESEWA,7,182,7,2,Desktop,0,1
DHAN-ORD-102915,CUST-2216,2026-08-02,NP,NPR,Beauty,64275.88,8355.86,ESEWA,6,336,0,0,Mobile_App,0,0
DHAN-ORD-102916,CUST-1068,2026-08-10,IN,INR,Kitchen,2084.89,375.28,UPI,5,82,3,0,Mobile_Web,0,0
DHAN-ORD-102917,CUST-1914,2026-08-26,NP,NPR,Apparel,3074.16,399.64,ESEWA,5,102,4,0,Mobile_App,0,0
DHAN-ORD-102918,CUST-2224,2026-07-17,NP,NPR,Computers,2246.03,291.98,CONNECT_IPS,5,62,4,0,Mobile_App,0,0
DHAN-ORD-102919,CUST-2376,2026-07-11,NP,NPR,Beauty,49935.28,6491.59,COD,3,112,4,0,Mobile_App,0,1
DHAN-ORD-102920,CUST-2440,2026-07-12,IN,INR,Festive,3998.38,719.71,CARD,2,180,3,0,Mobile_App,0,0
DHAN-ORD-102921,CUST-1099,2026-08-07,IN,INR,Electronics,9653.57,1737.64,COD,5,214,3,0,Mobile_App,0,1
DHAN-ORD-102922,CUST-1501,2026-08-20,NP,NPR,Kitchen,3189.11,414.58,ESEWA,3,30,4,0,Mobile_Web,0,0
DHAN-ORD-102923,CUST-1090,2026-07-07,NP,NPR,Festive,2568.98,333.97,ESEWA,3,209,6,1,Mobile_App,0,0
DHAN-ORD-102924,CUST-1823,2026-07-14,AE,AED,Kitchen,653.66,32.68,APPLE_PAY,5,93,5,0,Desktop,0,0
DHAN-ORD-102925,CUST-1898,2026-09-08,NP,NPR,Kitchen,15849.63,2060.45,COD,9,241,1,0,Mobile_App,1,0
DHAN-ORD-102926,CUST-1479,2026-08-19,IN,INR,Kitchen,2737.3,492.71,UPI,1,55,5,0,Mobile_Web,0,0
DHAN-ORD-102927,CUST-2105,2026-08-05,IN,INR,Beauty,2807.95,505.43,RAZORPAY,8,132,5,0,Mobile_App,0,0
DHAN-ORD-102928,CUST-1444,2026-08-12,IN,INR,Apparel,11266.82,2028.03,UPI,7,16,1,0,Mobile_App,0,0
DHAN-ORD-102929,CUST-1115,2026-07-15,NP,NPR,Fitness,742.81,96.57,ESEWA,4,25,0,0,Mobile_App,0,0
DHAN-ORD-102930,CUST-1286,2026-07-27,IN,INR,Beauty,5075.51,913.59,RAZORPAY,8,99,2,0,Mobile_App,0,0
DHAN-ORD-102931,CUST-2031,2026-08-02,IN,INR,Fitness,822.75,148.09,RAZORPAY,3,45,6,0,Mobile_App,0,0
DHAN-ORD-102932,CUST-1592,2026-07-03,IN,INR,Beauty,11525.54,2074.6,RAZORPAY,5,366,6,0,Mobile_App,0,0
DHAN-ORD-102933,CUST-1479,2026-07-24,NP,NPR,Kitchen,47666.67,6196.67,COD,2,96,2,0,Desktop,0,0
DHAN-ORD-102934,CUST-2498,2026-08-07,NP,NPR,Apparel,7072.04,919.37,KHALTI,7,34,7,1,Mobile_App,0,0
DHAN-ORD-102935,CUST-2179,2026-07-06,NP,NPR,Toys,26686.82,3469.29,ESEWA,1,41,4,0,Mobile_App,0,0
DHAN-ORD-102936,CUST-1653,2026-08-15,NP,NPR,Apparel,12069.72,1569.06,KHALTI,9,178,4,1,Mobile_Web,0,1
DHAN-ORD-102937,CUST-2182,2026-07-27,IN,INR,Computers,1488.21,267.88,RAZORPAY,3,24,2,0,Mobile_App,0,0
DHAN-ORD-102938,CUST-2224,2026-07-02,NP,NPR,Electronics,35702.7,4641.35,ESEWA,8,128,2,0,Mobile_App,0,1
DHAN-ORD-102939,CUST-2377,2026-07-02,NP,NPR,Electronics,1449.71,188.46,COD,9,31,3,0,Mobile_App,0,1
DHAN-ORD-102940,CUST-1656,2026-07-10,NP,NPR,Electronics,8635.02,1122.55,KHALTI,4,39,2,0,Mobile_App,0,1
DHAN-ORD-102941,CUST-1485,2026-07-28,IN,INR,Apparel,1729.9,311.38,RAZORPAY,1,71,0,0,Mobile_App,0,0
DHAN-ORD-102942,CUST-1618,2026-07-11,AE,AED,Computers,150.0,7.5,CARD,6,154,4,0,Mobile_App,0,0
DHAN-ORD-102943,CUST-1293,2026-08-07,NP,NPR,Toys,1166.84,151.69,COD,5,48,5,1,Mobile_Web,0,0
DHAN-ORD-102944,CUST-2352,2026-08-12,NP,NPR,Electronics,11710.07,1522.31,COD,1,135,5,1,Mobile_Web,0,0
DHAN-ORD-102945,CUST-2067,2026-07-04,NP,NPR,Electronics,2207.8,287.01,COD,2,181,0,0,Mobile_Web,0,0
DHAN-ORD-102946,CUST-1452,2026-07-22,IN,INR,Beauty,6348.8,1142.78,COD,3,205,4,0,Mobile_Web,0,0
DHAN-ORD-102947,CUST-1846,2026-07-22,IN,INR,Electronics,1672.38,301.03,RAZORPAY,7,132,6,0,Mobile_Web,0,0
DHAN-ORD-102948,CUST-1615,2026-07-14,AE,AED,Festive,150.0,7.5,CARD,6,309,0,0,Desktop,0,0
DHAN-ORD-102949,CUST-1563,2026-09-20,NP,NPR,Computers,3061.55,398.0,KHALTI,1,13,7,1,Desktop,1,0
DHAN-ORD-102950,CUST-1124,2026-08-22,AE,AED,Kitchen,150.0,7.5,CARD,6,33,5,0,Mobile_App,0,0
DHAN-ORD-102951,CUST-2140,2026-08-05,NP,NPR,Festive,3816.09,496.09,CONNECT_IPS,9,178,4,0,Mobile_Web,0,0
DHAN-ORD-102952,CUST-2211,2026-08-07,IN,INR,Apparel,427.73,76.99,UPI,4,75,4,0,Mobile_App,0,0
DHAN-ORD-102953,CUST-1358,2026-07-19,NP,NPR,Electronics,21922.55,2849.93,COD,7,236,2,0,Mobile_Web,0,1
DHAN-ORD-102954,CUST-2282,2026-09-15,IN,INR,Kitchen,462.0,83.16,COD,3,46,3,0,Mobile_App,1,0
DHAN-ORD-102955,CUST-2390,2026-08-05,NP,NPR,Apparel,5246.64,682.06,ESEWA,8,38,3,0,Mobile_App,0,0
DHAN-ORD-102956,CUST-1874,2026-08-09,IN,INR,Books,6063.28,1091.39,RAZORPAY,6,186,2,0,Mobile_Web,0,0
DHAN-ORD-102957,CUST-2138,2026-08-29,IN,INR,Festive,6467.12,1164.08,UPI,5,123,1,0,Mobile_App,0,0
DHAN-ORD-102958,CUST-2015,2026-07-10,NP,NPR,Kitchen,2027.31,263.55,COD,2,137,2,1,Desktop,0,1
DHAN-ORD-102959,CUST-1096,2026-08-19,NP,NPR,Books,639.71,83.16,COD,9,105,4,0,Mobile_Web,0,0
DHAN-ORD-102960,CUST-1705,2026-07-07,IN,INR,Computers,1528.65,275.16,UPI,7,54,1,0,Mobile_App,0,0
DHAN-ORD-102961,CUST-2317,2026-07-13,NP,NPR,Computers,915.63,119.03,ESEWA,6,81,2,0,Mobile_App,0,1
DHAN-ORD-102962,CUST-2374,2026-07-13,NP,NPR,Festive,2671.5,347.3,CONNECT_IPS,7,104,3,0,Mobile_App,0,0
DHAN-ORD-102963,CUST-1780,2026-07-26,NP,NPR,Electronics,8724.45,1134.18,ESEWA,3,90,4,2,Mobile_App,0,0
DHAN-ORD-102964,CUST-2074,2026-08-28,IN,INR,Computers,664.36,119.58,UPI,7,256,3,0,Desktop,0,0
DHAN-ORD-102965,CUST-1652,2026-08-06,NP,NPR,Electronics,2017.81,262.32,KHALTI,1,117,3,0,Mobile_Web,0,1
DHAN-ORD-102966,CUST-2426,2026-08-08,NP,NPR,Kitchen,7662.82,996.17,COD,3,21,3,2,Mobile_App,0,1
DHAN-ORD-102967,CUST-1852,2026-07-25,NP,NPR,Toys,652.95,84.88,CONNECT_IPS,4,56,2,0,Mobile_App,0,0
DHAN-ORD-102968,CUST-1836,2026-09-27,NP,NPR,Apparel,9028.97,1173.77,KHALTI,1,250,1,0,Mobile_Web,1,0
DHAN-ORD-102969,CUST-1305,2026-07-21,IN,INR,Electronics,5326.9,958.84,UPI,7,124,5,0,Mobile_App,0,0
DHAN-ORD-102970,CUST-1614,2026-07-15,AE,AED,Beauty,155.8,7.79,APPLE_PAY,2,29,1,0,Mobile_App,0,0
DHAN-ORD-102971,CUST-1770,2026-07-06,IN,INR,Festive,50636.84,9114.63,UPI,2,323,3,0,Desktop,0,0
DHAN-ORD-102972,CUST-1376,2026-08-16,NP,NPR,Fitness,12992.56,1689.03,ESEWA,5,23,4,0,Mobile_App,0,0
DHAN-ORD-102973,CUST-2101,2026-08-09,AE,AED,Electronics,800.39,40.02,CARD,8,265,1,0,Mobile_App,0,0
DHAN-ORD-102974,CUST-1969,2026-07-15,NP,NPR,Books,1872.8,243.46,KHALTI,9,113,4,0,Desktop,0,0
DHAN-ORD-102975,CUST-1493,2026-07-01,NP,NPR,Apparel,2053.25,266.92,KHALTI,1,10,5,0,Mobile_Web,0,0
DHAN-ORD-102976,CUST-1461,2026-08-24,AE,AED,Computers,150.0,7.5,APPLE_PAY,6,153,3,0,Mobile_App,0,0
DHAN-ORD-102977,CUST-1615,2026-07-01,IN,INR,Computers,537.13,96.68,RAZORPAY,6,166,5,0,Desktop,0,0
DHAN-ORD-102978,CUST-2449,2026-08-06,IN,INR,Electronics,9055.14,1629.93,COD,1,114,3,0,Desktop,0,0
DHAN-ORD-102979,CUST-1295,2026-07-16,IN,INR,Toys,633.16,113.97,UPI,3,108,4,0,Mobile_App,0,0
DHAN-ORD-102980,CUST-1948,2026-07-18,NP,NPR,Electronics,3610.27,469.34,ESEWA,1,204,5,0,Mobile_App,0,0
DHAN-ORD-102981,CUST-1118,2026-07-09,NP,NPR,Beauty,3038.23,394.97,KHALTI,5,6,2,0,Mobile_App,0,1
DHAN-ORD-102982,CUST-2151,2026-08-06,IN,INR,Computers,956.31,172.14,UPI,2,181,3,0,Desktop,0,0
DHAN-ORD-102983,CUST-1845,2026-08-20,NP,NPR,Festive,1386.22,180.21,CONNECT_IPS,9,103,7,0,Mobile_App,0,0
DHAN-ORD-102984,CUST-1853,2026-07-24,NP,NPR,Kitchen,12929.91,1680.89,ESEWA,5,199,5,0,Mobile_App,0,0
DHAN-ORD-102985,CUST-2141,2026-07-13,IN,INR,Festive,4343.24,781.78,RAZORPAY,5,193,4,0,Mobile_App,0,0
DHAN-ORD-102986,CUST-2085,2026-07-02,IN,INR,Books,817.0,147.06,UPI,7,47,5,0,Mobile_App,0,0
DHAN-ORD-102987,CUST-1274,2026-07-22,NP,NPR,Computers,505.26,65.68,COD,1,90,4,1,Desktop,0,1
DHAN-ORD-102988,CUST-1795,2026-08-08,IN,INR,Beauty,1442.76,259.7,UPI,2,265,8,0,Mobile_App,0,0
DHAN-ORD-102989,CUST-1497,2026-08-29,IN,INR,Computers,2154.28,387.77,CARD,3,152,3,0,Mobile_App,0,0
DHAN-ORD-102990,CUST-1522,2026-07-06,IN,INR,Festive,3989.92,718.19,RAZORPAY,2,108,4,0,Mobile_App,0,0
DHAN-ORD-102991,CUST-1416,2026-08-18,NP,NPR,Beauty,2050.88,266.61,ESEWA,7,152,6,0,Mobile_App,0,0
DHAN-ORD-102992,CUST-1676,2026-07-25,NP,NPR,Computers,6805.43,884.71,KHALTI,1,74,9,1,Mobile_App,0,1
DHAN-ORD-102993,CUST-2324,2026-07-16,NP,NPR,Computers,6174.08,802.63,COD,9,40,4,1,Desktop,0,0
DHAN-ORD-102994,CUST-1161,2026-07-05,NP,NPR,Kitchen,14633.38,1902.34,ESEWA,8,97,2,0,Mobile_App,0,0
DHAN-ORD-102995,CUST-1921,2026-08-30,NP,NPR,Books,6158.8,800.64,ESEWA,2,36,5,1,Mobile_App,0,0
DHAN-ORD-102996,CUST-1759,2026-07-06,NP,NPR,Apparel,1535.51,199.62,COD,5,67,4,2,Mobile_Web,0,0
DHAN-ORD-102997,CUST-1189,2026-07-12,NP,NPR,Festive,1206.17,156.8,KHALTI,9,146,5,0,Mobile_App,0,0
DHAN-ORD-102998,CUST-2096,2026-07-11,AE,AED,Kitchen,270.71,13.54,APPLE_PAY,9,66,6,1,Mobile_App,0,0
DHAN-ORD-102999,CUST-2483,2026-08-31,NP,NPR,Computers,6280.53,816.47,COD,7,117,2,0,Mobile_Web,0,1
DHAN-ORD-103000,CUST-1390,2026-08-03,IN,INR,Books,727.21,130.9,RAZORPAY,7,201,3,0,Mobile_App,0,0
DHAN-ORD-103001,CUST-1105,2026-08-17,IN,INR,Computers,1337.72,240.79,RAZORPAY,5,94,3,2,Mobile_App,0,0
DHAN-ORD-103002,CUST-1549,2026-07-09,NP,NPR,Books,8423.4,1095.04,COD,8,82,3,1,Mobile_Web,0,1
DHAN-ORD-103003,CUST-1772,2026-07-30,AE,AED,Kitchen,150.0,7.5,CARD,6,42,7,0,Mobile_App,0,0
DHAN-ORD-103004,CUST-2379,2026-07-26,IN,INR,Computers,3330.81,599.55,UPI,9,110,8,1,Mobile_Web,0,0
DHAN-ORD-103005,CUST-2238,2026-08-23,NP,NPR,Apparel,1212.83,157.67,COD,6,63,4,0,Mobile_App,0,0
DHAN-ORD-103006,CUST-2234,2026-09-09,IN,INR,Books,1040.8,187.34,RAZORPAY,5,96,3,1,Desktop,1,1
DHAN-ORD-103007,CUST-1080,2026-07-01,NP,NPR,Books,607.39,78.96,ESEWA,4,57,4,1,Mobile_App,0,1
DHAN-ORD-103008,CUST-1149,2026-08-03,IN,INR,Electronics,1695.11,305.12,UPI,3,71,3,0,Mobile_App,0,0
DHAN-ORD-103009,CUST-1385,2026-07-02,NP,NPR,Electronics,4267.08,554.72,COD,1,208,2,0,Mobile_App,0,0
DHAN-ORD-103010,CUST-2203,2026-07-24,IN,INR,Apparel,2826.16,508.71,RAZORPAY,9,86,6,1,Mobile_Web,0,0
DHAN-ORD-103011,CUST-2483,2026-07-11,NP,NPR,Apparel,287.58,37.39,KHALTI,8,16,3,0,Mobile_App,0,0
DHAN-ORD-103012,CUST-2375,2026-07-11,IN,INR,Toys,944.57,170.02,UPI,8,273,4,0,Mobile_App,0,0
DHAN-ORD-103013,CUST-2144,2026-07-14,NP,NPR,Electronics,2752.64,357.84,CONNECT_IPS,7,186,5,1,Mobile_App,0,0
DHAN-ORD-103014,CUST-1444,2026-07-30,IN,INR,Books,2546.0,458.28,UPI,8,66,4,1,Mobile_App,0,0
DHAN-ORD-103015,CUST-1981,2026-07-13,IN,INR,Apparel,1950.73,351.13,UPI,6,148,7,0,Mobile_App,0,0
DHAN-ORD-103016,CUST-1427,2026-08-09,NP,NPR,Festive,518.81,67.45,ESEWA,5,53,1,0,Mobile_Web,0,0
DHAN-ORD-103017,CUST-1681,2026-07-16,IN,INR,Beauty,3179.37,572.29,RAZORPAY,2,175,4,0,Mobile_App,0,0
DHAN-ORD-103018,CUST-1620,2026-07-03,NP,NPR,Kitchen,26863.97,3492.32,COD,7,283,4,0,Mobile_App,0,0
DHAN-ORD-103019,CUST-1031,2026-08-15,IN,INR,Books,4358.07,784.45,CARD,2,183,4,0,Mobile_Web,0,0
DHAN-ORD-103020,CUST-1433,2026-07-11,NP,NPR,Apparel,7362.6,957.14,ESEWA,9,262,4,0,Mobile_App,0,0
DHAN-ORD-103021,CUST-1389,2026-07-18,IN,INR,Festive,920.59,165.71,COD,2,27,1,0,Mobile_App,0,1
DHAN-ORD-103022,CUST-1240,2026-08-04,IN,INR,Books,914.31,164.58,UPI,5,261,7,3,Mobile_App,0,0
DHAN-ORD-103023,CUST-1980,2026-07-13,NP,NPR,Apparel,16662.66,2166.15,ESEWA,3,64,8,1,Mobile_App,0,0
DHAN-ORD-103024,CUST-1496,2026-07-02,NP,NPR,Beauty,523.63,68.07,ESEWA,1,35,6,0,Desktop,0,1
DHAN-ORD-103025,CUST-2424,2026-07-15,NP,NPR,Computers,12129.53,1576.84,ESEWA,6,74,4,0,Mobile_App,0,0
DHAN-ORD-103026,CUST-2237,2026-09-25,IN,INR,Computers,4264.8,767.66,RAZORPAY,7,140,1,0,Mobile_Web,1,0
DHAN-ORD-103027,CUST-2441,2026-07-31,NP,NPR,Electronics,2085.82,271.16,CONNECT_IPS,6,615,2,0,Desktop,0,0
DHAN-ORD-103028,CUST-1418,2026-08-03,NP,NPR,Electronics,724.27,94.16,ESEWA,4,57,5,0,Mobile_App,0,0
DHAN-ORD-103029,CUST-1812,2026-07-31,IN,INR,Electronics,4556.13,820.1,UPI,2,72,5,0,Mobile_App,0,0
DHAN-ORD-103030,CUST-1490,2026-07-07,NP,NPR,Electronics,3850.07,500.51,KHALTI,7,55,0,0,Mobile_Web,0,1
DHAN-ORD-103031,CUST-2130,2026-07-17,IN,INR,Kitchen,782.66,140.88,UPI,8,301,1,0,Mobile_App,0,0
DHAN-ORD-103032,CUST-1658,2026-08-11,NP,NPR,Kitchen,1926.22,250.41,KHALTI,9,94,7,0,Mobile_App,0,0
DHAN-ORD-103033,CUST-1579,2026-07-04,NP,NPR,Computers,696.45,90.54,CONNECT_IPS,3,40,3,0,Desktop,0,0
DHAN-ORD-103034,CUST-1779,2026-07-10,IN,INR,Computers,3231.02,581.58,COD,9,100,5,0,Mobile_App,0,1
DHAN-ORD-103035,CUST-1954,2026-07-10,NP,NPR,Apparel,3021.37,392.78,COD,6,16,2,1,Desktop,0,0
DHAN-ORD-103036,CUST-2092,2026-07-17,NP,NPR,Beauty,2072.78,269.46,CONNECT_IPS,2,70,2,0,Mobile_Web,0,0
DHAN-ORD-103037,CUST-2328,2026-07-28,IN,INR,Kitchen,4136.31,744.54,COD,5,205,0,0,Mobile_App,0,1
DHAN-ORD-103038,CUST-1735,2026-07-03,NP,NPR,Apparel,2955.7,384.24,ESEWA,3,89,5,0,Mobile_Web,0,0
DHAN-ORD-103039,CUST-1631,2026-07-22,AE,AED,Festive,150.0,7.5,CARD,6,104,4,0,Mobile_App,0,0
DHAN-ORD-103040,CUST-1535,2026-07-06,AE,AED,Kitchen,745.91,37.3,CARD,7,80,4,0,Mobile_Web,0,0
DHAN-ORD-103041,CUST-1736,2026-07-16,NP,NPR,Apparel,5801.25,754.16,KHALTI,5,109,2,0,Mobile_App,0,0
DHAN-ORD-103042,CUST-2050,2026-07-04,NP,NPR,Books,9625.64,1251.33,CONNECT_IPS,4,106,5,0,Mobile_App,0,0
DHAN-ORD-103043,CUST-2018,2026-07-16,IN,INR,Festive,1274.31,229.38,RAZORPAY,5,81,1,0,Mobile_Web,0,0
DHAN-ORD-103044,CUST-1954,2026-08-10,NP,NPR,Kitchen,825.47,107.31,COD,6,169,0,0,Mobile_App,0,0
DHAN-ORD-103045,CUST-1201,2026-08-06,NP,NPR,Apparel,220.46,28.66,KHALTI,4,50,8,2,Mobile_App,0,0
DHAN-ORD-103046,CUST-2479,2026-07-17,IN,INR,Electronics,796.19,143.31,RAZORPAY,4,31,3,0,Mobile_Web,0,0
DHAN-ORD-103047,CUST-1961,2026-07-13,NP,NPR,Apparel,4809.48,625.23,KHALTI,3,12,3,0,Mobile_App,0,0
DHAN-ORD-103048,CUST-1655,2026-07-16,IN,INR,Books,228.52,41.13,UPI,3,211,4,0,Mobile_App,0,0
DHAN-ORD-103049,CUST-1416,2026-07-10,NP,NPR,Beauty,5781.23,751.56,ESEWA,3,176,4,0,Mobile_App,0,0
DHAN-ORD-103050,CUST-1759,2026-07-07,NP,NPR,Festive,2473.2,321.52,ESEWA,7,235,4,0,Mobile_Web,0,0
DHAN-ORD-103051,CUST-1640,2026-07-20,NP,NPR,Kitchen,4639.22,603.1,ESEWA,4,41,3,0,Mobile_App,0,0
DHAN-ORD-103052,CUST-1847,2026-07-10,AE,AED,Books,150.0,7.5,CARD,6,5,4,1,Mobile_Web,0,1
DHAN-ORD-103053,CUST-1093,2026-07-11,IN,INR,Apparel,968.18,174.27,COD,5,37,2,0,Mobile_App,0,0
DHAN-ORD-103054,CUST-2152,2026-08-02,IN,INR,Computers,1438.16,258.87,RAZORPAY,7,123,2,1,Mobile_App,0,1
DHAN-ORD-103055,CUST-1453,2026-07-14,NP,NPR,Apparel,1395.14,181.37,ESEWA,9,66,4,0,Mobile_App,0,1
DHAN-ORD-103056,CUST-1298,2026-07-28,NP,NPR,Electronics,4457.6,579.49,ESEWA,2,58,3,0,Mobile_Web,0,0
DHAN-ORD-103057,CUST-1033,2026-07-03,NP,NPR,Computers,583.62,75.87,ESEWA,7,224,4,0,Mobile_Web,0,0
DHAN-ORD-103058,CUST-1534,2026-07-03,NP,NPR,Festive,4404.03,572.52,COD,3,241,4,0,Mobile_App,0,1
DHAN-ORD-103059,CUST-2133,2026-07-01,IN,INR,Electronics,1554.1,279.74,CARD,6,107,4,1,Mobile_App,0,0
DHAN-ORD-103060,CUST-2196,2026-07-11,IN,INR,Fitness,4603.93,828.71,UPI,4,62,6,0,Mobile_App,0,1
DHAN-ORD-103061,CUST-2186,2026-07-03,NP,NPR,Electronics,7544.44,980.78,ESEWA,2,29,5,0,Mobile_App,0,0
DHAN-ORD-103062,CUST-2474,2026-07-28,AE,AED,Electronics,320.14,16.01,CARD,5,73,4,0,Mobile_App,0,0
DHAN-ORD-103063,CUST-1855,2026-07-30,NP,NPR,Books,2250.49,292.56,ESEWA,9,18,5,0,Mobile_Web,0,0
DHAN-ORD-103064,CUST-1604,2026-08-01,AE,AED,Kitchen,150.0,7.5,CARD,6,76,7,0,Desktop,0,0
DHAN-ORD-103065,CUST-1312,2026-07-10,NP,NPR,Apparel,10894.56,1416.29,KHALTI,4,176,7,1,Mobile_App,0,1
DHAN-ORD-103066,CUST-1401,2026-07-01,NP,NPR,Apparel,28267.91,3674.83,KHALTI,7,266,6,1,Mobile_Web,0,0
DHAN-ORD-103067,CUST-1675,2026-07-11,NP,NPR,Apparel,3053.68,396.98,KHALTI,2,148,5,0,Desktop,0,0
DHAN-ORD-103068,CUST-1471,2026-07-09,NP,NPR,Festive,6260.84,813.91,COD,5,280,4,0,Mobile_App,0,0
DHAN-ORD-103069,CUST-1777,2026-08-03,IN,INR,Apparel,2246.34,404.34,COD,5,137,4,0,Mobile_Web,0,0
DHAN-ORD-103070,CUST-2166,2026-08-06,NP,NPR,Kitchen,2820.74,366.7,ESEWA,3,110,0,0,Mobile_App,0,0
DHAN-ORD-103071,CUST-1503,2026-07-29,NP,NPR,Festive,17879.52,2324.34,ESEWA,5,138,4,0,Mobile_Web,0,0
DHAN-ORD-103072,CUST-2022,2026-07-12,IN,INR,Electronics,2436.16,438.51,UPI,6,68,2,1,Mobile_Web,0,1
DHAN-ORD-103073,CUST-2127,2026-07-10,IN,INR,Beauty,1020.27,183.65,RAZORPAY,3,26,5,0,Mobile_App,0,0
DHAN-ORD-103074,CUST-2340,2026-07-28,IN,INR,Books,6209.29,1117.67,RAZORPAY,8,197,4,1,Mobile_App,0,0
DHAN-ORD-103075,CUST-2402,2026-08-30,NP,NPR,Apparel,4329.22,562.8,ESEWA,9,52,5,0,Mobile_Web,0,0
DHAN-ORD-103076,CUST-1691,2026-09-26,IN,INR,Fitness,979.06,176.23,COD,7,57,3,1,Mobile_App,1,1
DHAN-ORD-103077,CUST-1527,2026-07-04,IN,INR,Apparel,1448.37,260.71,UPI,8,116,3,0,Mobile_Web,0,1
DHAN-ORD-103078,CUST-2000,2026-07-06,NP,NPR,Festive,1850.14,240.52,COD,5,43,4,1,Mobile_App,0,0
DHAN-ORD-103079,CUST-2481,2026-09-25,NP,NPR,Books,19212.41,2497.61,COD,6,301,2,0,Mobile_App,1,0
DHAN-ORD-103080,CUST-2314,2026-08-10,NP,NPR,Electronics,6120.85,795.71,COD,9,123,3,0,Desktop,0,1
DHAN-ORD-103081,CUST-2004,2026-09-03,NP,NPR,Electronics,46558.3,6052.58,COD,1,134,4,0,Mobile_App,1,1
DHAN-ORD-103082,CUST-1943,2026-07-07,NP,NPR,Beauty,799.2,103.9,KHALTI,7,305,3,1,Mobile_Web,0,1
DHAN-ORD-103083,CUST-1344,2026-07-27,NP,NPR,Apparel,5079.68,660.36,ESEWA,3,144,3,0,Mobile_Web,0,0
DHAN-ORD-103084,CUST-2500,2026-08-06,IN,INR,Electronics,1018.2,183.28,COD,1,109,1,0,Mobile_Web,0,1
DHAN-ORD-103085,CUST-1721,2026-08-04,IN,INR,Computers,2547.59,458.57,COD,9,14,4,0,Mobile_Web,0,0
DHAN-ORD-103086,CUST-1346,2026-07-16,AE,AED,Kitchen,150.0,7.5,APPLE_PAY,6,71,9,1,Desktop,0,0
DHAN-ORD-103087,CUST-1286,2026-07-01,IN,INR,Books,3317.76,597.2,CARD,5,242,1,0,Mobile_App,0,1
DHAN-ORD-103088,CUST-2475,2026-07-27,NP,NPR,Apparel,3365.85,437.56,ESEWA,8,75,7,2,Mobile_App,0,0
DHAN-ORD-103089,CUST-2119,2026-07-09,IN,INR,Kitchen,484.95,87.29,UPI,7,170,1,1,Mobile_App,0,0
DHAN-ORD-103090,CUST-2000,2026-07-18,IN,INR,Electronics,1770.28,318.65,RAZORPAY,6,165,3,0,Mobile_App,0,0
DHAN-ORD-103091,CUST-1376,2026-07-05,NP,NPR,Kitchen,2235.65,290.63,COD,3,65,3,0,Mobile_Web,0,1
DHAN-ORD-103092,CUST-2110,2026-07-16,IN,INR,Electronics,764.73,137.65,UPI,8,40,2,1,Mobile_App,0,1
DHAN-ORD-103093,CUST-2314,2026-08-24,AE,AED,Computers,337.38,16.87,CARD,4,143,2,0,Mobile_App,0,0
DHAN-ORD-103094,CUST-1120,2026-07-07,NP,NPR,Festive,1074.97,139.75,KHALTI,3,145,4,1,Mobile_App,0,1
DHAN-ORD-103095,CUST-2073,2026-08-03,AE,AED,Books,150.0,7.5,APPLE_PAY,6,299,4,0,Mobile_Web,0,0
DHAN-ORD-103096,CUST-1069,2026-07-24,NP,NPR,Electronics,7814.35,1015.87,KHALTI,2,147,5,0,Mobile_App,0,0
DHAN-ORD-103097,CUST-1152,2026-07-04,NP,NPR,Computers,15872.13,2063.38,CONNECT_IPS,5,241,2,0,Mobile_App,0,1
DHAN-ORD-103098,CUST-2368,2026-07-01,NP,NPR,Electronics,2911.47,378.49,KHALTI,4,170,5,2,Mobile_Web,0,0
DHAN-ORD-103099,CUST-1099,2026-07-18,IN,INR,Beauty,4803.29,864.59,RAZORPAY,6,82,3,1,Mobile_App,0,0
DHAN-ORD-103100,CUST-1013,2026-07-03,IN,INR,Electronics,13677.48,2461.95,RAZORPAY,6,50,2,0,Mobile_App,0,0
DHAN-ORD-103101,CUST-1844,2026-08-11,AE,AED,Electronics,150.0,7.5,APPLE_PAY,6,364,2,0,Mobile_Web,0,0
DHAN-ORD-103102,CUST-1281,2026-09-12,NP,NPR,Electronics,1210.32,157.34,COD,4,45,8,1,Mobile_App,1,1
DHAN-ORD-103103,CUST-2291,2026-07-18,NP,NPR,Fitness,4492.72,584.05,COD,1,405,1,0,Desktop,0,1
DHAN-ORD-103104,CUST-1473,2026-07-09,IN,INR,Toys,8332.23,1499.8,UPI,7,62,4,0,Desktop,0,0
DHAN-ORD-103105,CUST-1139,2026-07-18,IN,INR,Apparel,568.27,102.29,UPI,1,261,1,0,Mobile_App,0,0
DHAN-ORD-103106,CUST-2448,2026-08-08,NP,NPR,Kitchen,6603.42,858.44,COD,6,203,1,0,Mobile_App,0,0
DHAN-ORD-103107,CUST-1309,2026-07-01,NP,NPR,Festive,1930.76,251.0,COD,4,47,5,1,Mobile_App,0,0
DHAN-ORD-103108,CUST-1018,2026-07-27,IN,INR,Books,1928.5,347.13,UPI,2,103,5,3,Mobile_Web,0,0
DHAN-ORD-103109,CUST-1447,2026-07-29,IN,INR,Electronics,2144.43,386.0,UPI,2,79,2,0,Mobile_App,0,0
DHAN-ORD-103110,CUST-2035,2026-07-31,NP,NPR,Electronics,13098.87,1702.85,ESEWA,3,136,2,0,Mobile_App,0,0
DHAN-ORD-103111,CUST-1933,2026-07-09,NP,NPR,Beauty,25024.95,3253.24,COD,4,211,2,0,Mobile_Web,0,0
DHAN-ORD-103112,CUST-1764,2026-08-07,AE,AED,Computers,310.41,15.52,APPLE_PAY,4,124,4,0,Mobile_App,0,0
DHAN-ORD-103113,CUST-1123,2026-07-03,IN,INR,Kitchen,1301.35,234.24,UPI,5,83,5,0,Mobile_App,0,0
DHAN-ORD-103114,CUST-2265,2026-07-07,NP,NPR,Apparel,2291.8,297.93,ESEWA,5,108,5,1,Mobile_App,0,0
DHAN-ORD-103115,CUST-2306,2026-09-01,NP,NPR,Beauty,1796.08,233.49,COD,5,109,4,0,Mobile_App,1,1
DHAN-ORD-103116,CUST-2365,2026-08-10,IN,INR,Kitchen,311.61,56.09,RAZORPAY,5,84,4,0,Desktop,0,0
DHAN-ORD-103117,CUST-2262,2026-07-01,NP,NPR,Beauty,1255.56,163.22,KHALTI,4,155,2,0,Desktop,0,0
DHAN-ORD-103118,CUST-1989,2026-07-09,NP,NPR,Books,1258.8,163.64,ESEWA,7,10,4,0,Mobile_Web,0,0
DHAN-ORD-103119,CUST-2350,2026-07-08,NP,NPR,Electronics,13268.73,1724.93,KHALTI,2,70,5,0,Mobile_App,0,0
DHAN-ORD-103120,CUST-1999,2026-07-10,NP,NPR,Apparel,8424.27,1095.16,KHALTI,9,20,5,1,Mobile_App,0,0
DHAN-ORD-103121,CUST-1032,2026-07-09,IN,INR,Computers,5771.63,1038.89,RAZORPAY,2,57,5,0,Mobile_Web,0,0
DHAN-ORD-103122,CUST-1013,2026-07-02,NP,NPR,Computers,7558.62,982.62,KHALTI,7,46,7,0,Mobile_App,0,0
DHAN-ORD-103123,CUST-2089,2026-07-19,IN,INR,Apparel,848.36,152.7,UPI,2,83,6,0,Desktop,0,0
DHAN-ORD-103124,CUST-2129,2026-08-09,NP,NPR,Computers,7893.05,1026.1,KHALTI,9,29,2,0,Mobile_Web,0,0
DHAN-ORD-103125,CUST-1842,2026-07-28,NP,NPR,Computers,9873.04,1283.5,COD,9,134,4,1,Mobile_App,0,0
DHAN-ORD-103126,CUST-1024,2026-08-03,NP,NPR,Electronics,5106.92,663.9,ESEWA,3,33,4,0,Mobile_App,0,0
DHAN-ORD-103127,CUST-1034,2026-07-03,AE,AED,Apparel,150.0,7.5,CARD,6,191,5,0,Mobile_Web,0,0
DHAN-ORD-103128,CUST-2084,2026-07-01,IN,INR,Apparel,10334.49,1860.21,COD,2,245,7,0,Mobile_App,0,0
DHAN-ORD-103129,CUST-2479,2026-08-24,NP,NPR,Electronics,1947.73,253.2,ESEWA,3,147,3,0,Desktop,0,0
DHAN-ORD-103130,CUST-1562,2026-08-19,IN,INR,Apparel,317.37,57.13,CARD,2,131,2,0,Mobile_App,0,0
DHAN-ORD-103131,CUST-2097,2026-08-21,IN,INR,Electronics,6137.21,1104.7,COD,8,97,3,0,Mobile_App,0,1
DHAN-ORD-103132,CUST-1587,2026-09-19,AE,AED,Apparel,150.0,7.5,CARD,6,88,2,0,Desktop,1,0
DHAN-ORD-103133,CUST-1035,2026-07-24,NP,NPR,Kitchen,1746.85,227.09,ESEWA,9,32,2,0,Mobile_App,0,0
DHAN-ORD-103134,CUST-2028,2026-07-07,IN,INR,Apparel,3300.71,594.13,COD,6,104,2,0,Mobile_App,0,0
DHAN-ORD-103135,CUST-2429,2026-07-29,NP,NPR,Books,11748.23,1527.27,ESEWA,3,52,5,0,Mobile_App,0,0
DHAN-ORD-103136,CUST-2380,2026-08-10,NP,NPR,Festive,14485.88,1883.16,KHALTI,4,75,4,1,Mobile_App,0,0
DHAN-ORD-103137,CUST-1881,2026-08-10,AE,AED,Computers,150.0,7.5,CARD,6,77,4,0,Mobile_App,0,0
DHAN-ORD-103138,CUST-1367,2026-07-23,NP,NPR,Festive,10922.09,1419.87,KHALTI,5,170,4,0,Mobile_App,0,0
DHAN-ORD-103139,CUST-1219,2026-07-03,NP,NPR,Computers,2886.32,375.22,ESEWA,6,19,3,0,Mobile_Web,0,0
DHAN-ORD-103140,CUST-1197,2026-07-14,NP,NPR,Books,8760.95,1138.92,COD,3,164,2,0,Mobile_App,0,0
DHAN-ORD-103141,CUST-2073,2026-09-15,IN,INR,Electronics,691.65,124.5,UPI,7,166,4,0,Mobile_App,1,0
DHAN-ORD-103142,CUST-1304,2026-07-27,IN,INR,Kitchen,2598.33,467.7,UPI,6,267,2,0,Mobile_Web,0,0
DHAN-ORD-103143,CUST-1493,2026-07-24,NP,NPR,Computers,598.4,77.79,KHALTI,4,71,5,0,Mobile_App,0,1
DHAN-ORD-103144,CUST-1393,2026-07-10,AE,AED,Computers,150.0,7.5,CARD,6,64,4,0,Mobile_Web,0,0
DHAN-ORD-103145,CUST-2269,2026-07-14,NP,NPR,Toys,6047.77,786.21,ESEWA,8,83,5,0,Mobile_App,0,0
DHAN-ORD-103146,CUST-2078,2026-09-06,NP,NPR,Books,468.1,60.85,ESEWA,9,293,6,1,Mobile_App,1,0
DHAN-ORD-103147,CUST-1516,2026-08-02,AE,AED,Apparel,653.99,32.7,APPLE_PAY,5,46,6,0,Mobile_App,0,0
DHAN-ORD-103148,CUST-1725,2026-08-16,NP,NPR,Toys,20626.57,2681.45,COD,7,427,4,1,Mobile_Web,0,0
DHAN-ORD-103149,CUST-1547,2026-07-19,NP,NPR,Toys,3561.81,463.04,ESEWA,6,28,6,1,Mobile_Web,0,0
DHAN-ORD-103150,CUST-1812,2026-07-30,NP,NPR,Electronics,6548.43,851.3,ESEWA,5,133,3,0,Desktop,0,0
DHAN-ORD-103151,CUST-1161,2026-07-09,IN,INR,Computers,1965.88,353.86,RAZORPAY,3,124,2,0,Mobile_Web,0,0
DHAN-ORD-103152,CUST-1764,2026-08-06,NP,NPR,Computers,5509.54,716.24,KHALTI,1,196,2,0,Mobile_App,0,1
DHAN-ORD-103153,CUST-1831,2026-07-17,AE,AED,Kitchen,150.0,7.5,CARD,6,129,4,1,Mobile_App,0,0
DHAN-ORD-103154,CUST-1940,2026-07-18,IN,INR,Electronics,3219.55,579.52,UPI,6,183,2,0,Mobile_App,0,1
DHAN-ORD-103155,CUST-2157,2026-08-01,NP,NPR,Computers,1297.14,168.63,KHALTI,1,29,2,1,Desktop,0,0
DHAN-ORD-103156,CUST-1498,2026-09-21,IN,INR,Electronics,1712.1,308.18,RAZORPAY,2,54,2,0,Mobile_App,1,0
DHAN-ORD-103157,CUST-2427,2026-07-02,NP,NPR,Computers,1287.41,167.36,ESEWA,9,100,3,0,Mobile_App,0,0
DHAN-ORD-103158,CUST-1462,2026-08-22,NP,NPR,Festive,19132.3,2487.2,COD,7,94,2,0,Desktop,0,0
DHAN-ORD-103159,CUST-1614,2026-07-11,IN,INR,Computers,37662.19,6779.19,UPI,6,77,2,0,Mobile_Web,0,0
DHAN-ORD-103160,CUST-2400,2026-07-18,AE,AED,Beauty,174.3,8.72,CARD,3,127,2,0,Mobile_Web,0,0
DHAN-ORD-103161,CUST-1165,2026-07-01,NP,NPR,Apparel,7928.07,1030.65,ESEWA,8,154,1,0,Mobile_App,0,0
DHAN-ORD-103162,CUST-2338,2026-07-11,NP,NPR,Beauty,4978.95,647.26,ESEWA,1,141,3,0,Mobile_Web,0,0
DHAN-ORD-103163,CUST-2330,2026-07-21,NP,NPR,Computers,3150.67,409.59,ESEWA,9,24,4,0,Mobile_App,0,0
DHAN-ORD-103164,CUST-1064,2026-07-02,NP,NPR,Electronics,9542.98,1240.59,COD,2,237,2,0,Mobile_Web,0,0
DHAN-ORD-103165,CUST-1191,2026-07-21,NP,NPR,Computers,3842.61,499.54,COD,8,244,5,0,Desktop,0,0
DHAN-ORD-103166,CUST-1830,2026-09-17,NP,NPR,Kitchen,1553.99,202.02,COD,5,64,0,0,Mobile_App,1,0
DHAN-ORD-103167,CUST-1776,2026-07-04,IN,INR,Electronics,4339.04,781.03,RAZORPAY,1,61,0,0,Mobile_App,0,0
DHAN-ORD-103168,CUST-1772,2026-08-13,NP,NPR,Apparel,3328.56,432.71,CONNECT_IPS,7,173,3,0,Mobile_Web,0,0
DHAN-ORD-103169,CUST-2131,2026-07-16,NP,NPR,Apparel,4556.15,592.3,KHALTI,2,85,6,0,Mobile_App,0,0
DHAN-ORD-103170,CUST-1974,2026-08-01,IN,INR,Beauty,5604.52,1008.81,UPI,6,20,2,0,Mobile_App,0,0
DHAN-ORD-103171,CUST-1114,2026-07-10,IN,INR,Kitchen,189.83,34.17,UPI,9,62,3,0,Desktop,0,0
DHAN-ORD-103172,CUST-2304,2026-07-06,NP,NPR,Kitchen,8075.12,1049.77,ESEWA,2,140,1,0,Mobile_App,0,0
DHAN-ORD-103173,CUST-1019,2026-07-06,NP,NPR,Festive,3970.54,516.17,COD,1,89,4,0,Mobile_App,0,0
DHAN-ORD-103174,CUST-2439,2026-07-03,IN,INR,Electronics,5606.81,1009.23,COD,8,91,4,2,Mobile_App,0,0
DHAN-ORD-103175,CUST-1350,2026-07-07,NP,NPR,Toys,8525.95,1108.37,ESEWA,2,143,4,1,Mobile_App,0,0
DHAN-ORD-103176,CUST-1169,2026-08-02,NP,NPR,Toys,10700.85,1391.11,COD,8,18,4,0,Mobile_App,0,0
DHAN-ORD-103177,CUST-2023,2026-09-03,IN,INR,Kitchen,6596.56,1187.38,RAZORPAY,8,94,3,0,Mobile_App,1,0
DHAN-ORD-103178,CUST-1888,2026-08-20,NP,NPR,Electronics,910.23,118.33,ESEWA,1,52,4,0,Mobile_Web,0,0
DHAN-ORD-103179,CUST-2320,2026-08-04,NP,NPR,Beauty,67286.69,8747.27,ESEWA,2,171,0,0,Mobile_App,0,1
DHAN-ORD-103180,CUST-1678,2026-07-04,NP,NPR,Computers,21778.88,2831.25,KHALTI,7,136,1,0,Mobile_App,0,0
DHAN-ORD-103181,CUST-2158,2026-07-11,NP,NPR,Computers,3128.06,406.65,KHALTI,5,53,4,0,Mobile_App,0,0
DHAN-ORD-103182,CUST-1195,2026-07-12,NP,NPR,Computers,1026.05,133.39,CONNECT_IPS,9,40,5,1,Desktop,0,0
DHAN-ORD-103183,CUST-2081,2026-07-09,AE,AED,Electronics,150.0,7.5,CARD,6,148,4,0,Mobile_Web,0,0
DHAN-ORD-103184,CUST-1087,2026-07-22,NP,NPR,Beauty,1062.26,138.09,ESEWA,9,68,1,0,Mobile_App,0,1
DHAN-ORD-103185,CUST-1470,2026-07-24,NP,NPR,Festive,790.75,102.8,ESEWA,7,71,2,0,Mobile_App,0,0
DHAN-ORD-103186,CUST-1432,2026-07-14,NP,NPR,Electronics,8583.46,1115.85,ESEWA,6,43,6,0,Desktop,0,0
DHAN-ORD-103187,CUST-2417,2026-07-14,AE,AED,Festive,590.72,29.54,CARD,5,139,4,1,Mobile_Web,0,0
DHAN-ORD-103188,CUST-2160,2026-08-22,NP,NPR,Books,3770.4,490.15,COD,8,73,2,0,Mobile_App,0,1
DHAN-ORD-103189,CUST-1973,2026-08-16,NP,NPR,Books,2429.73,315.86,KHALTI,8,100,2,1,Mobile_App,0,0
DHAN-ORD-103190,CUST-1555,2026-07-12,IN,INR,Festive,3995.66,719.22,UPI,8,99,2,0,Mobile_App,0,0
DHAN-ORD-103191,CUST-1095,2026-09-12,NP,NPR,Kitchen,852.62,110.84,CONNECT_IPS,6,122,5,0,Desktop,1,0
DHAN-ORD-103192,CUST-1152,2026-07-02,NP,NPR,Computers,13113.18,1704.71,ESEWA,9,120,5,0,Mobile_App,0,0
DHAN-ORD-103193,CUST-2401,2026-07-12,NP,NPR,Apparel,5196.05,675.49,KHALTI,3,67,2,0,Mobile_App,0,1
DHAN-ORD-103194,CUST-1574,2026-07-14,NP,NPR,Apparel,1246.1,161.99,ESEWA,4,342,3,0,Mobile_Web,0,0
DHAN-ORD-103195,CUST-2112,2026-07-22,NP,NPR,Festive,4654.95,605.14,ESEWA,1,192,3,0,Mobile_App,0,0
DHAN-ORD-103196,CUST-2154,2026-09-23,IN,INR,Books,1305.91,235.06,RAZORPAY,9,74,4,0,Mobile_App,1,0
DHAN-ORD-103197,CUST-2347,2026-09-01,NP,NPR,Beauty,4095.29,532.39,KHALTI,9,52,3,0,Desktop,1,1
DHAN-ORD-103198,CUST-1067,2026-07-04,IN,INR,Kitchen,6448.79,1160.78,UPI,4,129,2,1,Mobile_App,0,0
DHAN-ORD-103199,CUST-1367,2026-07-15,NP,NPR,Electronics,11098.91,1442.86,KHALTI,1,328,7,0,Mobile_Web,0,0
DHAN-ORD-103200,CUST-1644,2026-07-25,NP,NPR,Computers,3542.35,460.51,ESEWA,5,86,5,0,Mobile_Web,0,0
DHAN-ORD-103201,CUST-1032,2026-07-21,NP,NPR,Beauty,12457.26,1619.44,ESEWA,1,113,7,0,Mobile_App,0,0
DHAN-ORD-103202,CUST-1424,2026-07-07,AE,AED,Apparel,151.07,7.55,CARD,7,175,5,0,Mobile_App,0,0
DHAN-ORD-103203,CUST-2202,2026-08-28,NP,NPR,Festive,9764.18,1269.34,KHALTI,8,68,2,0,Mobile_Web,0,0
DHAN-ORD-103204,CUST-1295,2026-08-03,IN,INR,Beauty,409.44,73.7,RAZORPAY,4,291,4,0,Mobile_App,0,0
DHAN-ORD-103205,CUST-2459,2026-08-24,NP,NPR,Festive,4928.68,640.73,COD,5,121,3,0,Mobile_App,0,1
DHAN-ORD-103206,CUST-1815,2026-08-28,NP,NPR,Apparel,1337.42,173.86,COD,5,97,2,0,Mobile_App,0,1
DHAN-ORD-103207,CUST-1157,2026-08-11,NP,NPR,Festive,4423.72,575.08,KHALTI,4,98,5,1,Mobile_Web,0,0
DHAN-ORD-103208,CUST-1612,2026-07-18,NP,NPR,Computers,943.64,122.67,KHALTI,7,67,3,0,Mobile_Web,0,0
DHAN-ORD-103209,CUST-1332,2026-07-29,NP,NPR,Festive,3069.4,399.02,ESEWA,9,198,4,1,Mobile_App,0,0
DHAN-ORD-103210,CUST-2154,2026-07-06,NP,NPR,Apparel,2584.83,336.03,ESEWA,1,31,2,0,Mobile_App,0,0
DHAN-ORD-103211,CUST-1492,2026-08-03,IN,INR,Electronics,6518.94,1173.41,RAZORPAY,2,20,3,0,Mobile_App,0,1
DHAN-ORD-103212,CUST-2160,2026-07-06,NP,NPR,Electronics,173.68,22.58,ESEWA,2,94,2,0,Mobile_App,0,0
DHAN-ORD-103213,CUST-1796,2026-08-05,IN,INR,Festive,3353.13,603.56,UPI,5,75,6,0,Desktop,0,0
DHAN-ORD-103214,CUST-2386,2026-07-08,NP,NPR,Computers,5401.69,702.22,COD,1,45,3,0,Desktop,0,1
DHAN-ORD-103215,CUST-2107,2026-07-04,NP,NPR,Beauty,1633.42,212.34,COD,4,94,1,0,Mobile_App,0,0
DHAN-ORD-103216,CUST-1679,2026-07-06,IN,INR,Electronics,852.94,153.53,UPI,6,129,5,1,Mobile_App,0,0
DHAN-ORD-103217,CUST-1786,2026-07-01,NP,NPR,Apparel,874.1,113.63,KHALTI,1,35,3,1,Mobile_Web,0,0
DHAN-ORD-103218,CUST-1286,2026-08-08,NP,NPR,Festive,23341.77,3034.43,ESEWA,4,45,7,1,Mobile_Web,0,0
DHAN-ORD-103219,CUST-2411,2026-08-09,IN,INR,Kitchen,8660.85,1558.95,COD,2,265,3,0,Mobile_App,0,1
DHAN-ORD-103220,CUST-2483,2026-07-22,IN,INR,Kitchen,5443.68,979.86,UPI,7,57,4,0,Mobile_App,0,0
DHAN-ORD-103221,CUST-1160,2026-07-06,NP,NPR,Books,6792.14,882.98,KHALTI,6,197,3,1,Mobile_Web,0,0
DHAN-ORD-103222,CUST-2025,2026-07-03,NP,NPR,Fitness,1727.63,224.59,KHALTI,8,59,7,2,Mobile_App,0,0
DHAN-ORD-103223,CUST-1708,2026-07-01,IN,INR,Festive,1261.32,227.04,RAZORPAY,1,297,6,0,Mobile_Web,0,0
DHAN-ORD-103224,CUST-1109,2026-07-06,NP,NPR,Kitchen,473.06,61.5,ESEWA,5,91,1,0,Mobile_Web,0,0
DHAN-ORD-103225,CUST-1200,2026-09-05,IN,INR,Electronics,1040.57,187.3,RAZORPAY,5,91,3,0,Mobile_Web,1,0
DHAN-ORD-103226,CUST-1895,2026-07-09,NP,NPR,Kitchen,21616.31,2810.12,KHALTI,7,103,3,1,Mobile_App,0,1
DHAN-ORD-103227,CUST-1475,2026-07-14,NP,NPR,Toys,2194.63,285.3,ESEWA,7,110,5,0,Mobile_App,0,0
DHAN-ORD-103228,CUST-1155,2026-07-04,IN,INR,Computers,9084.85,1635.27,RAZORPAY,3,105,3,0,Mobile_App,0,0
DHAN-ORD-103229,CUST-1697,2026-07-08,NP,NPR,Electronics,4833.46,628.35,ESEWA,9,47,2,0,Desktop,0,0
DHAN-ORD-103230,CUST-2239,2026-07-22,NP,NPR,Computers,2223.62,289.07,COD,9,85,6,0,Mobile_Web,0,0
DHAN-ORD-103231,CUST-2257,2026-07-29,NP,NPR,Kitchen,2654.54,345.09,COD,8,147,1,0,Mobile_App,0,1
DHAN-ORD-103232,CUST-2219,2026-07-09,IN,INR,Festive,811.83,146.13,COD,1,94,3,0,Mobile_App,0,1
DHAN-ORD-103233,CUST-1812,2026-07-02,IN,INR,Computers,3189.52,574.11,RAZORPAY,3,112,4,0,Mobile_App,0,0
DHAN-ORD-103234,CUST-1668,2026-07-15,NP,NPR,Apparel,48609.05,6319.18,ESEWA,9,303,2,0,Mobile_App,0,0
DHAN-ORD-103235,CUST-1060,2026-07-09,NP,NPR,Festive,4345.97,564.98,ESEWA,7,19,6,0,Mobile_Web,0,0
DHAN-ORD-103236,CUST-2298,2026-07-08,IN,INR,Electronics,14412.6,2594.27,RAZORPAY,3,181,5,1,Mobile_App,0,0
DHAN-ORD-103237,CUST-1559,2026-07-07,IN,INR,Apparel,6379.44,1148.3,CARD,7,126,4,0,Mobile_App,0,0
DHAN-ORD-103238,CUST-1922,2026-07-29,IN,INR,Books,1654.87,297.88,CARD,7,90,2,0,Mobile_Web,0,0
DHAN-ORD-103239,CUST-2004,2026-07-25,NP,NPR,Books,1306.6,169.86,COD,1,71,3,0,Mobile_App,0,0
DHAN-ORD-103240,CUST-1467,2026-07-17,IN,INR,Electronics,1081.94,194.75,UPI,1,34,4,0,Mobile_App,0,0
DHAN-ORD-103241,CUST-1728,2026-07-17,IN,INR,Computers,1329.12,239.24,UPI,6,52,3,1,Mobile_App,0,0
DHAN-ORD-103242,CUST-2132,2026-07-24,NP,NPR,Computers,7012.21,911.59,COD,1,169,6,0,Mobile_App,0,0
DHAN-ORD-103243,CUST-1768,2026-08-05,NP,NPR,Apparel,13636.03,1772.68,COD,1,37,6,0,Mobile_App,0,0
DHAN-ORD-103244,CUST-1884,2026-08-06,NP,NPR,Toys,1405.74,182.75,COD,1,79,5,1,Mobile_Web,0,0
DHAN-ORD-103245,CUST-1380,2026-07-06,IN,INR,Apparel,829.18,149.25,COD,1,58,5,0,Mobile_App,0,0
DHAN-ORD-103246,CUST-2392,2026-07-21,NP,NPR,Kitchen,5134.2,667.45,KHALTI,4,79,7,1,Desktop,0,0
DHAN-ORD-103247,CUST-2199,2026-07-16,IN,INR,Electronics,889.16,160.05,COD,7,52,1,0,Desktop,0,0
DHAN-ORD-103248,CUST-2353,2026-08-31,AE,AED,Apparel,150.0,7.5,COD,6,50,4,0,Mobile_App,0,0
DHAN-ORD-103249,CUST-1778,2026-07-30,IN,INR,Beauty,2391.26,430.43,RAZORPAY,6,95,3,0,Mobile_App,0,0
DHAN-ORD-103250,CUST-1175,2026-07-23,AE,AED,Toys,260.04,13.0,CARD,8,111,0,0,Mobile_App,0,0
DHAN-ORD-103251,CUST-2266,2026-07-04,AE,AED,Kitchen,150.0,7.5,APPLE_PAY,6,99,3,1,Mobile_App,0,0
DHAN-ORD-103252,CUST-1604,2026-07-28,NP,NPR,Kitchen,1858.88,241.65,ESEWA,4,32,1,0,Mobile_App,0,0
DHAN-ORD-103253,CUST-1504,2026-07-04,IN,INR,Electronics,7753.76,1395.68,COD,4,89,1,0,Mobile_App,0,1
DHAN-ORD-103254,CUST-2460,2026-07-13,NP,NPR,Electronics,1385.45,180.11,ESEWA,8,49,5,0,Mobile_Web,0,0
DHAN-ORD-103255,CUST-1150,2026-07-05,IN,INR,Electronics,1494.65,269.04,COD,9,265,5,0,Desktop,0,0
DHAN-ORD-103256,CUST-1168,2026-08-05,NP,NPR,Computers,1351.85,175.74,ESEWA,1,88,6,1,Mobile_App,0,0
DHAN-ORD-103257,CUST-1548,2026-07-07,AE,AED,Kitchen,150.0,7.5,CARD,6,102,3,0,Mobile_App,0,0
DHAN-ORD-103258,CUST-1315,2026-07-15,IN,INR,Computers,441.61,79.49,UPI,9,270,3,0,Desktop,0,0
DHAN-ORD-103259,CUST-1778,2026-09-06,IN,INR,Electronics,4129.65,743.34,COD,7,185,4,0,Desktop,1,0
DHAN-ORD-103260,CUST-2457,2026-07-07,NP,NPR,Toys,6818.54,886.41,KHALTI,5,150,2,0,Desktop,0,0
DHAN-ORD-103261,CUST-2298,2026-07-22,NP,NPR,Electronics,12765.28,1659.49,CONNECT_IPS,3,39,1,0,Mobile_Web,0,0
DHAN-ORD-103262,CUST-1315,2026-07-17,IN,INR,Apparel,2123.31,382.2,RAZORPAY,8,142,2,0,Mobile_App,0,0
DHAN-ORD-103263,CUST-1797,2026-07-01,NP,NPR,Toys,18331.03,2383.03,KHALTI,7,85,5,0,Mobile_App,0,0
DHAN-ORD-103264,CUST-1648,2026-08-17,IN,INR,Apparel,201.05,36.19,COD,3,186,5,1,Desktop,0,0
DHAN-ORD-103265,CUST-1738,2026-07-03,NP,NPR,Books,159.31,20.71,CONNECT_IPS,6,143,3,1,Desktop,0,1
DHAN-ORD-103266,CUST-1218,2026-07-20,IN,INR,Computers,3254.41,585.79,CARD,5,304,5,1,Mobile_Web,0,0
DHAN-ORD-103267,CUST-1187,2026-07-25,NP,NPR,Toys,1636.86,212.79,ESEWA,7,219,2,1,Mobile_App,0,1
DHAN-ORD-103268,CUST-1010,2026-07-30,IN,INR,Books,2488.43,447.92,RAZORPAY,4,23,4,0,Mobile_App,0,0
DHAN-ORD-103269,CUST-1631,2026-08-05,IN,INR,Festive,6124.48,1102.41,RAZORPAY,4,290,4,0,Mobile_App,0,0
DHAN-ORD-103270,CUST-1910,2026-07-09,NP,NPR,Electronics,2095.28,272.39,CONNECT_IPS,7,45,3,0,Mobile_App,0,0
DHAN-ORD-103271,CUST-1737,2026-07-01,NP,NPR,Electronics,2482.0,322.66,KHALTI,7,129,1,0,Mobile_App,0,0
DHAN-ORD-103272,CUST-1552,2026-08-08,NP,NPR,Electronics,2960.15,384.82,KHALTI,8,310,8,2,Mobile_App,0,0
DHAN-ORD-103273,CUST-1209,2026-07-24,IN,INR,Apparel,4447.31,800.52,COD,1,23,4,0,Mobile_App,0,0
DHAN-ORD-103274,CUST-1271,2026-08-24,NP,NPR,Toys,2559.99,332.8,ESEWA,3,41,2,0,Mobile_App,0,0
DHAN-ORD-103275,CUST-1178,2026-08-21,IN,INR,Electronics,2317.29,417.11,RAZORPAY,4,94,7,0,Desktop,0,1
DHAN-ORD-103276,CUST-1383,2026-08-25,NP,NPR,Beauty,4609.8,599.27,COD,1,121,5,1,Mobile_App,0,1
DHAN-ORD-103277,CUST-1882,2026-07-20,NP,NPR,Apparel,2856.32,371.32,ESEWA,3,105,5,0,Mobile_App,0,0
DHAN-ORD-103278,CUST-1919,2026-07-13,NP,NPR,Kitchen,19034.76,2474.52,ESEWA,8,126,6,0,Mobile_Web,0,0
DHAN-ORD-103279,CUST-2140,2026-08-17,NP,NPR,Festive,3973.66,516.58,KHALTI,4,191,4,0,Mobile_App,0,0
DHAN-ORD-103280,CUST-2136,2026-07-19,NP,NPR,Fitness,12042.03,1565.46,ESEWA,9,93,0,0,Mobile_App,0,0
DHAN-ORD-103281,CUST-2049,2026-07-07,AE,AED,Computers,169.83,8.49,APPLE_PAY,7,154,1,0,Desktop,0,0
DHAN-ORD-103282,CUST-1835,2026-08-27,IN,INR,Apparel,8120.79,1461.74,UPI,2,72,2,0,Mobile_App,0,0
DHAN-ORD-103283,CUST-1211,2026-09-03,NP,NPR,Electronics,1736.35,225.73,ESEWA,8,88,1,0,Mobile_App,1,0
DHAN-ORD-103284,CUST-1053,2026-07-19,IN,INR,Apparel,632.32,113.82,COD,2,148,1,0,Mobile_App,0,0
DHAN-ORD-103285,CUST-1183,2026-07-03,IN,INR,Books,7098.63,1277.75,RAZORPAY,6,89,2,0,Mobile_App,0,0
DHAN-ORD-103286,CUST-1724,2026-07-15,NP,NPR,Festive,954.42,124.07,KHALTI,9,29,0,0,Mobile_Web,0,0
DHAN-ORD-103287,CUST-2135,2026-08-18,NP,NPR,Kitchen,8586.97,1116.31,ESEWA,9,26,5,0,Mobile_App,0,0
DHAN-ORD-103288,CUST-1190,2026-09-08,NP,NPR,Electronics,13998.82,1819.85,KHALTI,3,136,4,0,Mobile_App,1,0
DHAN-ORD-103289,CUST-2222,2026-07-07,NP,NPR,Electronics,2000.9,260.12,ESEWA,2,34,2,0,Mobile_Web,0,0
DHAN-ORD-103290,CUST-2224,2026-07-03,AE,AED,Beauty,499.25,24.96,CARD,4,132,6,0,Mobile_App,0,0
DHAN-ORD-103291,CUST-1664,2026-09-01,IN,INR,Computers,916.74,165.01,UPI,7,111,3,0,Mobile_Web,1,1
DHAN-ORD-103292,CUST-1788,2026-07-15,NP,NPR,Beauty,9775.89,1270.87,KHALTI,1,143,2,0,Mobile_App,0,0
DHAN-ORD-103293,CUST-1025,2026-07-24,NP,NPR,Computers,11694.49,1520.28,ESEWA,3,53,3,0,Desktop,0,1
DHAN-ORD-103294,CUST-1597,2026-07-14,IN,INR,Electronics,1105.38,198.97,UPI,7,29,4,1,Mobile_App,0,0
DHAN-ORD-103295,CUST-1847,2026-07-03,IN,INR,Electronics,9154.15,1647.75,RAZORPAY,1,56,2,1,Mobile_Web,0,1
DHAN-ORD-103296,CUST-1794,2026-08-01,IN,INR,Books,2770.89,498.76,COD,7,50,2,1,Mobile_Web,0,1
DHAN-ORD-103297,CUST-1173,2026-07-03,IN,INR,Toys,770.65,138.72,RAZORPAY,5,208,4,0,Mobile_App,0,0
DHAN-ORD-103298,CUST-2484,2026-07-15,NP,NPR,Kitchen,5051.85,656.74,ESEWA,2,56,5,0,Mobile_App,0,0
DHAN-ORD-103299,CUST-2145,2026-08-18,IN,INR,Computers,5110.31,919.86,UPI,7,68,10,0,Mobile_Web,0,0
DHAN-ORD-103300,CUST-1497,2026-07-18,IN,INR,Beauty,932.99,167.94,UPI,5,92,4,0,Mobile_Web,0,0
DHAN-ORD-103301,CUST-2171,2026-09-25,NP,NPR,Electronics,734.52,95.49,COD,5,49,4,1,Mobile_App,1,0
DHAN-ORD-103302,CUST-2067,2026-07-25,IN,INR,Beauty,6701.63,1206.29,UPI,5,115,6,1,Mobile_Web,0,0
DHAN-ORD-103303,CUST-1347,2026-07-12,NP,NPR,Festive,4022.01,522.86,CONNECT_IPS,8,183,4,1,Mobile_App,0,0
DHAN-ORD-103304,CUST-2403,2026-07-08,NP,NPR,Apparel,1788.09,232.45,KHALTI,6,50,5,1,Mobile_Web,0,0
DHAN-ORD-103305,CUST-1779,2026-07-13,NP,NPR,Apparel,5151.53,669.7,COD,3,61,5,0,Mobile_App,0,0
DHAN-ORD-103306,CUST-1347,2026-07-14,NP,NPR,Beauty,891.74,115.93,ESEWA,9,160,3,0,Desktop,0,0
DHAN-ORD-103307,CUST-1284,2026-07-03,NP,NPR,Festive,13557.13,1762.43,KHALTI,3,18,6,0,Mobile_App,0,0
DHAN-ORD-103308,CUST-1550,2026-07-14,NP,NPR,Festive,1505.58,195.73,CONNECT_IPS,2,144,4,2,Desktop,0,1
DHAN-ORD-103309,CUST-1616,2026-07-19,NP,NPR,Beauty,4162.9,541.18,ESEWA,4,68,3,0,Desktop,0,0
DHAN-ORD-103310,CUST-1549,2026-08-08,NP,NPR,Electronics,19812.05,2575.57,CONNECT_IPS,3,123,3,0,Mobile_App,0,0
DHAN-ORD-103311,CUST-2009,2026-08-02,NP,NPR,Beauty,25936.98,3371.81,COD,7,208,2,0,Desktop,0,0
DHAN-ORD-103312,CUST-1298,2026-08-07,NP,NPR,Electronics,2083.21,270.82,ESEWA,4,387,3,0,Mobile_App,0,0
DHAN-ORD-103313,CUST-1129,2026-07-01,IN,INR,Apparel,6427.5,1156.95,UPI,1,23,0,0,Mobile_Web,0,0
DHAN-ORD-103314,CUST-1342,2026-07-08,NP,NPR,Beauty,3901.71,507.22,ESEWA,4,156,5,0,Desktop,0,1
DHAN-ORD-103315,CUST-1890,2026-08-02,NP,NPR,Computers,7822.87,1016.97,ESEWA,1,128,6,1,Mobile_App,0,0
DHAN-ORD-103316,CUST-1565,2026-07-20,IN,INR,Electronics,710.93,127.97,RAZORPAY,8,41,1,1,Mobile_App,0,1
DHAN-ORD-103317,CUST-1862,2026-07-01,IN,INR,Beauty,5950.39,1071.07,RAZORPAY,1,56,3,0,Mobile_App,0,0
DHAN-ORD-103318,CUST-1613,2026-08-18,IN,INR,Festive,1902.6,342.47,UPI,3,38,1,0,Desktop,0,0
DHAN-ORD-103319,CUST-1991,2026-08-14,NP,NPR,Apparel,11132.63,1447.24,ESEWA,8,312,1,0,Mobile_App,0,0
DHAN-ORD-103320,CUST-1157,2026-07-24,NP,NPR,Apparel,10302.99,1339.39,ESEWA,6,107,4,0,Mobile_App,0,0
DHAN-ORD-103321,CUST-1739,2026-07-03,IN,INR,Kitchen,2742.67,493.68,UPI,6,37,6,1,Mobile_App,0,0
DHAN-ORD-103322,CUST-1515,2026-08-13,NP,NPR,Apparel,3168.3,411.88,ESEWA,9,196,4,0,Mobile_App,0,0
DHAN-ORD-103323,CUST-1505,2026-07-27,NP,NPR,Kitchen,6407.71,833.0,KHALTI,8,55,3,0,Mobile_Web,0,0
DHAN-ORD-103324,CUST-2476,2026-08-15,NP,NPR,Apparel,2818.42,366.39,ESEWA,1,184,1,0,Mobile_App,0,0
DHAN-ORD-103325,CUST-2280,2026-08-11,IN,INR,Computers,26332.05,4739.77,UPI,7,245,3,0,Mobile_App,0,0
DHAN-ORD-103326,CUST-2015,2026-08-18,NP,NPR,Beauty,1258.78,163.64,COD,7,70,3,0,Mobile_App,0,0
DHAN-ORD-103327,CUST-2216,2026-07-22,AE,AED,Electronics,150.0,7.5,CARD,6,47,2,0,Mobile_App,0,0
DHAN-ORD-103328,CUST-2262,2026-07-05,IN,INR,Electronics,6530.57,1175.5,UPI,5,160,5,0,Mobile_App,0,0
DHAN-ORD-103329,CUST-1400,2026-08-03,NP,NPR,Books,3486.9,453.3,CONNECT_IPS,3,58,4,1,Desktop,0,0
DHAN-ORD-103330,CUST-1937,2026-07-30,IN,INR,Electronics,621.48,111.87,RAZORPAY,9,46,4,1,Mobile_App,0,0
DHAN-ORD-103331,CUST-1219,2026-08-10,IN,INR,Electronics,1438.74,258.97,COD,7,56,1,0,Mobile_Web,0,0
DHAN-ORD-103332,CUST-1277,2026-07-06,IN,INR,Beauty,1764.05,317.53,UPI,9,110,2,0,Desktop,0,0
DHAN-ORD-103333,CUST-1623,2026-07-07,NP,NPR,Festive,1037.27,134.85,COD,2,82,6,1,Mobile_App,0,0
DHAN-ORD-103334,CUST-1013,2026-09-05,IN,INR,Kitchen,6502.5,1170.45,RAZORPAY,4,172,4,0,Mobile_Web,1,0
DHAN-ORD-103335,CUST-1810,2026-08-11,NP,NPR,Toys,2226.82,289.49,KHALTI,3,80,3,0,Mobile_Web,0,0
DHAN-ORD-103336,CUST-1680,2026-09-10,AE,AED,Festive,150.0,7.5,APPLE_PAY,6,45,3,1,Mobile_App,1,0
DHAN-ORD-103337,CUST-2270,2026-08-12,NP,NPR,Electronics,2632.26,342.19,COD,4,142,3,0,Mobile_App,0,0
DHAN-ORD-103338,CUST-1778,2026-07-28,NP,NPR,Kitchen,1815.5,236.02,KHALTI,6,52,5,0,Mobile_App,0,0
DHAN-ORD-103339,CUST-1674,2026-08-01,IN,INR,Kitchen,2016.62,362.99,UPI,9,170,4,1,Mobile_App,0,0
DHAN-ORD-103340,CUST-1901,2026-09-04,IN,INR,Festive,15606.84,2809.23,RAZORPAY,9,31,1,0,Mobile_Web,1,0
DHAN-ORD-103341,CUST-1685,2026-07-26,IN,INR,Computers,12697.05,2285.47,RAZORPAY,7,109,3,0,Mobile_Web,0,0
DHAN-ORD-103342,CUST-1881,2026-07-31,NP,NPR,Electronics,569.51,74.04,ESEWA,2,105,7,0,Mobile_App,0,0
DHAN-ORD-103343,CUST-2333,2026-07-06,NP,NPR,Apparel,5506.94,715.9,ESEWA,7,152,1,0,Desktop,0,0
DHAN-ORD-103344,CUST-2217,2026-07-20,AE,AED,Apparel,172.69,8.63,CARD,1,354,3,0,Mobile_App,0,0
DHAN-ORD-103345,CUST-1278,2026-08-07,IN,INR,Kitchen,2100.5,378.09,RAZORPAY,3,277,1,1,Mobile_App,0,0
DHAN-ORD-103346,CUST-1615,2026-07-10,IN,INR,Beauty,1926.85,346.83,RAZORPAY,9,126,5,1,Mobile_App,0,0
DHAN-ORD-103347,CUST-1656,2026-07-07,NP,NPR,Electronics,2491.12,323.85,COD,7,76,2,0,Mobile_App,0,1
DHAN-ORD-103348,CUST-2235,2026-07-12,NP,NPR,Kitchen,3999.16,519.89,KHALTI,3,85,2,0,Mobile_Web,0,0
DHAN-ORD-103349,CUST-2423,2026-07-09,IN,INR,Beauty,1067.32,192.12,UPI,5,213,3,0,Mobile_App,0,0
DHAN-ORD-103350,CUST-1411,2026-07-08,IN,INR,Festive,7932.91,1427.92,UPI,3,78,5,0,Desktop,0,0
DHAN-ORD-103351,CUST-1981,2026-07-17,NP,NPR,Electronics,1240.67,161.29,KHALTI,7,40,3,1,Desktop,0,0
DHAN-ORD-103352,CUST-1643,2026-09-10,IN,INR,Festive,4089.88,736.18,UPI,3,85,1,0,Mobile_Web,1,0
DHAN-ORD-103353,CUST-1363,2026-07-22,NP,NPR,Apparel,2845.2,369.88,ESEWA,1,158,6,0,Mobile_App,0,0
DHAN-ORD-103354,CUST-1815,2026-07-07,NP,NPR,Computers,3438.72,447.03,KHALTI,9,37,1,0,Mobile_App,0,1
DHAN-ORD-103355,CUST-1653,2026-07-03,NP,NPR,Toys,2359.04,306.68,COD,1,56,1,0,Mobile_Web,0,0
DHAN-ORD-103356,CUST-1596,2026-08-05,NP,NPR,Computers,2363.75,307.29,COD,5,102,1,0,Mobile_Web,0,0
DHAN-ORD-103357,CUST-2423,2026-07-15,NP,NPR,Books,1149.04,149.38,COD,6,29,5,0,Desktop,0,1
DHAN-ORD-103358,CUST-2296,2026-08-21,NP,NPR,Festive,8012.69,1041.65,COD,2,189,1,0,Mobile_App,0,1
DHAN-ORD-103359,CUST-2005,2026-08-02,NP,NPR,Electronics,26745.76,3476.95,KHALTI,6,34,4,1,Mobile_Web,0,0
DHAN-ORD-103360,CUST-2179,2026-08-17,IN,INR,Electronics,2215.76,398.84,RAZORPAY,1,26,5,0,Mobile_App,0,0
DHAN-ORD-103361,CUST-1496,2026-07-10,NP,NPR,Kitchen,8045.33,1045.89,ESEWA,8,141,1,0,Desktop,0,0
DHAN-ORD-103362,CUST-1667,2026-08-05,NP,NPR,Kitchen,3652.33,474.8,ESEWA,7,57,2,0,Mobile_App,0,0
DHAN-ORD-103363,CUST-1770,2026-07-10,NP,NPR,Kitchen,533.75,69.39,ESEWA,2,242,3,1,Mobile_Web,0,1
DHAN-ORD-103364,CUST-1574,2026-09-22,NP,NPR,Electronics,10563.0,1373.19,ESEWA,6,158,3,0,Mobile_App,1,0
DHAN-ORD-103365,CUST-1804,2026-07-31,IN,INR,Apparel,444.25,79.97,RAZORPAY,3,31,4,1,Mobile_App,0,0
DHAN-ORD-103366,CUST-1747,2026-07-12,NP,NPR,Electronics,4879.94,634.39,COD,1,26,2,0,Mobile_App,0,1
DHAN-ORD-103367,CUST-1233,2026-07-10,IN,INR,Festive,831.04,149.59,COD,3,227,1,0,Mobile_App,0,0
DHAN-ORD-103368,CUST-2154,2026-07-07,IN,INR,Fitness,309.5,55.71,CARD,3,45,3,0,Mobile_App,0,0
DHAN-ORD-103369,CUST-1409,2026-08-05,NP,NPR,Beauty,2509.39,326.22,KHALTI,7,23,5,1,Mobile_App,0,0
DHAN-ORD-103370,CUST-2212,2026-07-08,NP,NPR,Festive,5210.79,677.4,COD,8,81,4,0,Mobile_App,0,0
DHAN-ORD-103371,CUST-2117,2026-07-28,NP,NPR,Electronics,2897.54,376.68,ESEWA,8,103,3,0,Mobile_App,0,0
DHAN-ORD-103372,CUST-1368,2026-07-10,NP,NPR,Computers,33985.55,4418.12,KHALTI,1,120,3,1,Mobile_App,0,1
DHAN-ORD-103373,CUST-2396,2026-08-02,IN,INR,Apparel,1188.91,214.0,CARD,9,35,3,1,Mobile_Web,0,1
DHAN-ORD-103374,CUST-2126,2026-08-20,IN,INR,Beauty,3991.75,718.51,UPI,4,136,4,0,Mobile_App,0,0
DHAN-ORD-103375,CUST-1055,2026-08-15,NP,NPR,Apparel,712.35,92.61,ESEWA,1,213,4,0,Mobile_App,0,0
DHAN-ORD-103376,CUST-2489,2026-08-12,NP,NPR,Festive,1670.89,217.22,KHALTI,5,64,5,1,Desktop,0,0
DHAN-ORD-103377,CUST-1945,2026-07-07,NP,NPR,Books,522.89,67.98,COD,9,96,6,0,Mobile_App,0,0
DHAN-ORD-103378,CUST-2450,2026-07-03,IN,INR,Apparel,299.24,53.86,RAZORPAY,2,131,1,0,Mobile_App,0,0
DHAN-ORD-103379,CUST-1429,2026-08-06,NP,NPR,Toys,9876.01,1283.88,KHALTI,3,58,4,0,Mobile_App,0,0
DHAN-ORD-103380,CUST-1897,2026-07-14,NP,NPR,Computers,16410.97,2133.43,CONNECT_IPS,3,72,4,1,Mobile_App,0,0
DHAN-ORD-103381,CUST-1596,2026-07-17,NP,NPR,Electronics,2057.04,267.42,ESEWA,5,213,2,0,Desktop,0,0
DHAN-ORD-103382,CUST-2418,2026-07-01,IN,INR,Toys,5736.52,1032.57,UPI,3,175,7,0,Mobile_App,0,0
DHAN-ORD-103383,CUST-1141,2026-07-10,IN,INR,Kitchen,1712.16,308.19,RAZORPAY,2,99,4,0,Mobile_App,0,0
DHAN-ORD-103384,CUST-1837,2026-07-02,NP,NPR,Kitchen,2775.36,360.8,ESEWA,3,33,1,0,Mobile_App,0,0
DHAN-ORD-103385,CUST-2378,2026-09-02,NP,NPR,Electronics,2992.27,389.0,ESEWA,4,63,3,0,Mobile_App,1,0
DHAN-ORD-103386,CUST-2022,2026-07-09,AE,AED,Apparel,150.0,7.5,CARD,6,18,6,0,Mobile_App,0,0
DHAN-ORD-103387,CUST-1285,2026-07-25,NP,NPR,Electronics,1676.08,217.89,KHALTI,2,44,3,0,Desktop,0,0
DHAN-ORD-103388,CUST-2297,2026-07-02,IN,INR,Apparel,1142.63,205.67,RAZORPAY,8,56,3,0,Mobile_App,0,0
DHAN-ORD-103389,CUST-1620,2026-08-02,NP,NPR,Electronics,363.47,47.25,COD,3,33,3,0,Mobile_App,0,0
DHAN-ORD-103390,CUST-1495,2026-07-12,IN,INR,Computers,509.5,91.71,COD,5,38,3,0,Mobile_App,0,0
DHAN-ORD-103391,CUST-1517,2026-09-07,NP,NPR,Kitchen,5499.37,714.92,ESEWA,9,136,7,0,Mobile_Web,1,0
DHAN-ORD-103392,CUST-2348,2026-09-04,AE,AED,Electronics,152.06,7.6,APPLE_PAY,8,63,6,0,Mobile_App,1,0
DHAN-ORD-103393,CUST-1315,2026-07-12,IN,INR,Festive,2035.85,366.45,COD,1,247,4,0,Mobile_App,0,0
DHAN-ORD-103394,CUST-2464,2026-09-08,IN,INR,Computers,3442.5,619.65,RAZORPAY,4,138,4,0,Mobile_App,1,0
DHAN-ORD-103395,CUST-1866,2026-09-15,IN,INR,Electronics,2729.55,491.32,RAZORPAY,2,152,4,0,Desktop,1,0
DHAN-ORD-103396,CUST-1772,2026-08-22,IN,INR,Beauty,2972.79,535.1,COD,2,31,1,0,Mobile_App,0,0
DHAN-ORD-103397,CUST-1151,2026-08-25,NP,NPR,Beauty,1817.42,236.26,KHALTI,8,204,4,1,Mobile_Web,0,0
DHAN-ORD-103398,CUST-1919,2026-07-09,IN,INR,Computers,1152.94,207.53,UPI,9,124,4,1,Mobile_App,0,0
DHAN-ORD-103399,CUST-2224,2026-07-26,AE,AED,Computers,150.0,7.5,COD,6,144,4,0,Mobile_App,0,0
DHAN-ORD-103400,CUST-1981,2026-07-03,NP,NPR,Books,4870.97,633.23,KHALTI,1,86,3,0,Mobile_App,0,1
DHAN-ORD-103401,CUST-2192,2026-07-03,AE,AED,Apparel,432.99,21.65,CARD,9,171,3,0,Mobile_App,0,0
DHAN-ORD-103402,CUST-1820,2026-07-25,IN,INR,Kitchen,9717.35,1749.12,CARD,6,244,3,0,Mobile_App,0,0
DHAN-ORD-103403,CUST-2094,2026-07-12,NP,NPR,Beauty,31581.13,4105.55,KHALTI,9,31,0,0,Mobile_App,0,0
DHAN-ORD-103404,CUST-2037,2026-08-11,NP,NPR,Electronics,8000.58,1040.08,COD,8,214,2,0,Mobile_App,0,1
DHAN-ORD-103405,CUST-2416,2026-08-19,NP,NPR,Kitchen,7536.89,979.8,ESEWA,3,64,0,0,Mobile_App,0,0
DHAN-ORD-103406,CUST-1856,2026-08-28,NP,NPR,Apparel,2806.6,364.86,KHALTI,7,68,5,0,Mobile_App,0,0
DHAN-ORD-103407,CUST-2113,2026-07-02,NP,NPR,Festive,4252.8,552.86,KHALTI,4,32,4,0,Mobile_App,0,0
DHAN-ORD-103408,CUST-1075,2026-07-09,NP,NPR,Electronics,2009.16,261.19,ESEWA,2,41,5,1,Mobile_Web,0,0
DHAN-ORD-103409,CUST-1736,2026-07-02,NP,NPR,Festive,3706.38,481.83,ESEWA,7,187,8,2,Mobile_Web,0,0
DHAN-ORD-103410,CUST-2436,2026-07-16,NP,NPR,Computers,14242.48,1851.52,KHALTI,4,73,2,0,Desktop,0,0
DHAN-ORD-103411,CUST-2099,2026-07-05,AE,AED,Electronics,150.0,7.5,CARD,6,119,2,0,Mobile_App,0,0
DHAN-ORD-103412,CUST-2216,2026-07-01,NP,NPR,Computers,2438.91,317.06,ESEWA,8,129,3,0,Desktop,0,0
DHAN-ORD-103413,CUST-2306,2026-07-14,NP,NPR,Computers,4398.54,571.81,KHALTI,6,132,3,0,Mobile_Web,0,1
DHAN-ORD-103414,CUST-1174,2026-08-15,NP,NPR,Festive,4939.76,642.17,COD,7,87,1,0,Mobile_Web,0,0
DHAN-ORD-103415,CUST-1223,2026-07-26,NP,NPR,Beauty,996.15,129.5,ESEWA,6,118,3,0,Mobile_App,0,0
DHAN-ORD-103416,CUST-1508,2026-07-12,IN,INR,Computers,2393.1,430.76,UPI,8,27,3,0,Mobile_App,0,0
DHAN-ORD-103417,CUST-2346,2026-08-01,IN,INR,Books,3945.4,710.17,UPI,3,128,4,1,Mobile_App,0,1
DHAN-ORD-103418,CUST-2361,2026-07-08,IN,INR,Festive,2180.75,392.53,RAZORPAY,2,118,2,0,Mobile_App,0,0
DHAN-ORD-103419,CUST-1727,2026-07-01,NP,NPR,Toys,6176.85,802.99,ESEWA,2,5,4,0,Desktop,0,0
DHAN-ORD-103420,CUST-1340,2026-08-13,IN,INR,Festive,2230.16,401.43,UPI,7,65,4,0,Mobile_App,0,0
DHAN-ORD-103421,CUST-2325,2026-07-30,NP,NPR,Electronics,16706.59,2171.86,KHALTI,2,57,0,0,Desktop,0,0
DHAN-ORD-103422,CUST-2254,2026-08-13,NP,NPR,Festive,2536.99,329.81,KHALTI,7,274,2,0,Mobile_App,0,0
DHAN-ORD-103423,CUST-1090,2026-07-02,NP,NPR,Apparel,1369.19,177.99,ESEWA,1,68,4,0,Mobile_App,0,0
DHAN-ORD-103424,CUST-2153,2026-08-24,NP,NPR,Festive,6465.72,840.54,ESEWA,3,32,1,1,Mobile_App,0,0
DHAN-ORD-103425,CUST-2321,2026-07-29,NP,NPR,Fitness,5635.67,732.64,KHALTI,1,165,1,0,Desktop,0,0
DHAN-ORD-103426,CUST-2387,2026-07-25,NP,NPR,Kitchen,1579.88,205.38,CONNECT_IPS,4,34,1,0,Mobile_App,0,0
DHAN-ORD-103427,CUST-2324,2026-07-30,AE,AED,Fitness,316.88,15.84,CARD,1,171,5,1,Mobile_App,0,1
DHAN-ORD-103428,CUST-1818,2026-08-29,NP,NPR,Electronics,6110.47,794.36,CONNECT_IPS,8,72,3,1,Mobile_App,0,1
DHAN-ORD-103429,CUST-1679,2026-07-27,NP,NPR,Electronics,2416.11,314.09,ESEWA,4,114,3,0,Desktop,0,0
DHAN-ORD-103430,CUST-1881,2026-07-27,NP,NPR,Computers,2235.8,290.65,KHALTI,3,41,4,0,Mobile_App,0,0
DHAN-ORD-103431,CUST-1216,2026-08-20,IN,INR,Festive,984.27,177.17,CARD,3,63,6,1,Mobile_Web,0,0
DHAN-ORD-103432,CUST-1021,2026-08-12,NP,NPR,Electronics,8252.62,1072.84,KHALTI,8,164,5,0,Mobile_App,0,0
DHAN-ORD-103433,CUST-1201,2026-07-18,IN,INR,Beauty,2805.92,505.07,UPI,6,106,6,2,Mobile_App,0,0
DHAN-ORD-103434,CUST-1529,2026-08-06,AE,AED,Kitchen,168.16,8.41,APPLE_PAY,6,255,5,0,Mobile_App,0,0
DHAN-ORD-103435,CUST-1454,2026-07-15,NP,NPR,Books,188.92,24.56,COD,8,171,5,0,Mobile_App,0,0
DHAN-ORD-103436,CUST-2045,2026-07-08,NP,NPR,Kitchen,500.23,65.03,COD,5,198,2,0,Desktop,0,0
DHAN-ORD-103437,CUST-2062,2026-07-28,NP,NPR,Fitness,6752.21,877.79,COD,2,12,6,0,Desktop,0,0
DHAN-ORD-103438,CUST-2142,2026-09-18,IN,INR,Festive,3992.05,718.57,UPI,5,95,2,0,Mobile_App,1,0
DHAN-ORD-103439,CUST-2188,2026-09-18,NP,NPR,Kitchen,3187.86,414.42,COD,1,66,1,0,Desktop,1,0
DHAN-ORD-103440,CUST-2408,2026-07-13,NP,NPR,Kitchen,661.48,85.99,ESEWA,4,96,3,0,Mobile_App,0,0
DHAN-ORD-103441,CUST-2178,2026-07-23,NP,NPR,Toys,1664.05,216.33,ESEWA,8,203,3,1,Mobile_App,0,0
DHAN-ORD-103442,CUST-1452,2026-07-08,IN,INR,Festive,7572.02,1362.96,UPI,3,94,3,0,Mobile_App,0,0
DHAN-ORD-103443,CUST-1912,2026-09-11,NP,NPR,Toys,2268.17,294.86,KHALTI,9,48,2,2,Mobile_App,1,0
DHAN-ORD-103444,CUST-1766,2026-07-30,NP,NPR,Electronics,5133.76,667.39,ESEWA,3,177,3,0,Mobile_Web,0,0
DHAN-ORD-103445,CUST-1801,2026-08-01,IN,INR,Festive,743.8,133.88,RAZORPAY,5,193,3,0,Mobile_App,0,0
DHAN-ORD-103446,CUST-1948,2026-08-18,IN,INR,Kitchen,1411.09,254.0,UPI,7,172,4,0,Mobile_Web,0,0
DHAN-ORD-103447,CUST-2391,2026-08-07,IN,INR,Apparel,12438.57,2238.94,COD,9,112,5,0,Mobile_App,0,0
DHAN-ORD-103448,CUST-2205,2026-07-27,NP,NPR,Festive,2097.66,272.7,ESEWA,9,205,1,0,Desktop,0,0
DHAN-ORD-103449,CUST-2414,2026-07-02,IN,INR,Electronics,150.0,27.0,UPI,6,103,1,0,Mobile_App,0,0
DHAN-ORD-103450,CUST-2024,2026-07-19,IN,INR,Fitness,3973.41,715.21,UPI,4,65,3,0,Mobile_App,0,0
DHAN-ORD-103451,CUST-1308,2026-08-03,NP,NPR,Apparel,5566.93,723.7,ESEWA,4,47,4,1,Mobile_App,0,0
DHAN-ORD-103452,CUST-1706,2026-08-03,IN,INR,Festive,5852.0,1053.36,CARD,2,147,7,1,Mobile_App,0,0
DHAN-ORD-103453,CUST-1050,2026-07-15,NP,NPR,Electronics,10203.44,1326.45,ESEWA,6,294,3,1,Mobile_App,0,0
DHAN-ORD-103454,CUST-1988,2026-09-24,AE,AED,Kitchen,150.0,7.5,APPLE_PAY,6,82,5,0,Mobile_App,1,0
DHAN-ORD-103455,CUST-1214,2026-07-06,NP,NPR,Festive,2952.97,383.89,KHALTI,9,86,4,1,Mobile_App,0,0
DHAN-ORD-103456,CUST-1605,2026-07-21,IN,INR,Computers,11216.76,2019.02,UPI,2,85,5,0,Mobile_Web,0,0
DHAN-ORD-103457,CUST-1851,2026-08-05,NP,NPR,Computers,958.41,124.59,CONNECT_IPS,4,219,7,1,Mobile_Web,0,0
DHAN-ORD-103458,CUST-1175,2026-08-05,AE,AED,Books,180.19,9.01,CARD,9,181,2,0,Mobile_App,0,0
DHAN-ORD-103459,CUST-1237,2026-08-01,NP,NPR,Electronics,1786.72,232.27,KHALTI,4,55,3,0,Mobile_Web,0,0
DHAN-ORD-103460,CUST-2495,2026-07-10,AE,AED,Books,150.0,7.5,CARD,6,140,3,0,Mobile_Web,0,1
DHAN-ORD-103461,CUST-1290,2026-07-06,AE,AED,Electronics,150.0,7.5,CARD,6,42,6,0,Desktop,0,0
DHAN-ORD-103462,CUST-1713,2026-07-31,NP,NPR,Kitchen,1586.0,206.18,KHALTI,2,135,2,0,Mobile_App,0,0
DHAN-ORD-103463,CUST-1638,2026-07-28,IN,INR,Toys,1207.97,217.43,UPI,1,70,2,0,Desktop,0,0
DHAN-ORD-103464,CUST-1702,2026-07-06,AE,AED,Apparel,282.72,14.14,CARD,3,191,3,0,Mobile_App,0,0
DHAN-ORD-103465,CUST-1932,2026-08-06,NP,NPR,Apparel,2959.41,384.72,ESEWA,7,40,4,0,Mobile_Web,0,0
DHAN-ORD-103466,CUST-1423,2026-07-19,NP,NPR,Beauty,14237.19,1850.83,CONNECT_IPS,8,63,3,0,Mobile_App,0,0
DHAN-ORD-103467,CUST-2067,2026-08-03,NP,NPR,Festive,58086.7,7551.27,ESEWA,9,224,6,0,Mobile_Web,0,0
DHAN-ORD-103468,CUST-1989,2026-08-24,NP,NPR,Electronics,1488.93,193.56,KHALTI,3,109,3,0,Desktop,0,0
DHAN-ORD-103469,CUST-1713,2026-07-06,NP,NPR,Kitchen,3562.43,463.12,ESEWA,7,72,1,0,Mobile_App,0,0
DHAN-ORD-103470,CUST-1975,2026-07-01,NP,NPR,Electronics,26590.26,3456.73,KHALTI,4,117,4,0,Mobile_App,0,0
DHAN-ORD-103471,CUST-1199,2026-08-15,NP,NPR,Apparel,2652.54,344.83,COD,6,81,2,0,Mobile_Web,0,0
DHAN-ORD-103472,CUST-1897,2026-07-29,NP,NPR,Electronics,2819.2,366.5,ESEWA,2,104,3,0,Mobile_Web,0,0
DHAN-ORD-103473,CUST-2478,2026-08-06,NP,NPR,Kitchen,26802.3,3484.3,COD,9,273,5,0,Desktop,0,0
DHAN-ORD-103474,CUST-2426,2026-08-24,IN,INR,Beauty,3740.29,673.25,COD,5,6,1,0,Mobile_App,0,0
DHAN-ORD-103475,CUST-1926,2026-08-18,IN,INR,Computers,1901.69,342.3,UPI,2,14,5,0,Mobile_App,0,0
DHAN-ORD-103476,CUST-1653,2026-07-08,NP,NPR,Computers,2668.24,346.87,KHALTI,4,85,1,0,Mobile_App,0,0
DHAN-ORD-103477,CUST-1137,2026-07-24,IN,INR,Apparel,2966.19,533.91,RAZORPAY,5,42,5,0,Mobile_App,0,0
DHAN-ORD-103478,CUST-1614,2026-07-21,IN,INR,Kitchen,1279.04,230.23,RAZORPAY,1,150,1,0,Mobile_Web,0,0
DHAN-ORD-103479,CUST-1091,2026-07-16,AE,AED,Festive,150.0,7.5,COD,6,331,2,1,Mobile_App,0,1
DHAN-ORD-103480,CUST-2455,2026-07-06,NP,NPR,Apparel,17401.07,2262.14,KHALTI,4,65,0,0,Desktop,0,0
DHAN-ORD-103481,CUST-1235,2026-07-26,NP,NPR,Computers,748.68,97.33,ESEWA,1,81,3,0,Mobile_Web,0,0
DHAN-ORD-103482,CUST-1046,2026-07-10,AE,AED,Apparel,150.0,7.5,APPLE_PAY,6,65,4,1,Mobile_App,0,0
DHAN-ORD-103483,CUST-1702,2026-09-15,AE,AED,Computers,150.0,7.5,CARD,6,132,5,0,Mobile_App,1,0
DHAN-ORD-103484,CUST-2327,2026-07-27,IN,INR,Fitness,397.29,71.51,UPI,1,30,2,0,Mobile_Web,0,0
DHAN-ORD-103485,CUST-1223,2026-07-27,IN,INR,Books,6082.06,1094.77,RAZORPAY,7,158,4,1,Mobile_Web,0,0
DHAN-ORD-103486,CUST-2386,2026-07-14,NP,NPR,Beauty,5505.73,715.74,COD,6,221,4,0,Mobile_App,0,0
DHAN-ORD-103487,CUST-1336,2026-07-02,NP,NPR,Apparel,3747.54,487.18,KHALTI,3,73,2,1,Mobile_App,0,0
DHAN-ORD-103488,CUST-1499,2026-07-01,NP,NPR,Electronics,6446.32,838.02,KHALTI,2,44,1,0,Mobile_App,0,0
DHAN-ORD-103489,CUST-2056,2026-07-17,NP,NPR,Kitchen,4313.05,560.7,KHALTI,2,65,6,0,Desktop,0,0
DHAN-ORD-103490,CUST-1357,2026-07-03,IN,INR,Festive,526.46,94.76,COD,4,15,1,0,Mobile_App,0,0
DHAN-ORD-103491,CUST-2130,2026-07-29,NP,NPR,Electronics,3091.16,401.85,KHALTI,4,61,5,0,Mobile_App,0,0
DHAN-ORD-103492,CUST-1327,2026-09-02,NP,NPR,Electronics,741.8,96.43,CONNECT_IPS,3,120,3,0,Mobile_App,1,0
DHAN-ORD-103493,CUST-1677,2026-09-03,AE,AED,Kitchen,150.0,7.5,CARD,6,60,3,0,Mobile_Web,1,0
DHAN-ORD-103494,CUST-2146,2026-08-02,NP,NPR,Toys,881.26,114.56,ESEWA,8,69,3,0,Mobile_App,0,0
DHAN-ORD-103495,CUST-1873,2026-07-08,AE,AED,Kitchen,150.0,7.5,COD,6,71,4,2,Mobile_Web,0,0
DHAN-ORD-103496,CUST-1946,2026-08-29,AE,AED,Festive,658.66,32.93,CARD,1,33,4,0,Desktop,0,0
DHAN-ORD-103497,CUST-1474,2026-09-04,IN,INR,Computers,3640.97,655.37,RAZORPAY,4,128,3,0,Desktop,1,0
DHAN-ORD-103498,CUST-1829,2026-07-07,NP,NPR,Kitchen,7520.56,977.67,KHALTI,5,204,3,0,Mobile_Web,0,0
DHAN-ORD-103499,CUST-2289,2026-08-10,NP,NPR,Apparel,3056.1,397.29,ESEWA,5,70,5,1,Desktop,0,0
DHAN-ORD-103500,CUST-1377,2026-07-11,NP,NPR,Electronics,2325.06,302.26,ESEWA,3,70,3,0,Mobile_App,0,0
DHAN-ORD-103501,CUST-1381,2026-08-18,NP,NPR,Apparel,2377.13,309.03,ESEWA,1,153,4,0,Mobile_App,0,0
DHAN-ORD-103502,CUST-2311,2026-09-25,NP,NPR,Electronics,5576.08,724.89,COD,5,157,8,0,Mobile_App,1,0
DHAN-ORD-103503,CUST-2346,2026-07-01,AE,AED,Computers,150.0,7.5,APPLE_PAY,6,78,4,0,Mobile_Web,0,0
DHAN-ORD-103504,CUST-1885,2026-09-07,NP,NPR,Computers,1349.1,175.38,COD,8,44,3,1,Desktop,1,0
DHAN-ORD-103505,CUST-1810,2026-07-30,IN,INR,Festive,1446.07,260.29,RAZORPAY,6,25,2,1,Mobile_App,0,0
DHAN-ORD-103506,CUST-1059,2026-07-19,NP,NPR,Apparel,23484.51,3052.99,CONNECT_IPS,3,49,8,1,Mobile_App,0,0
DHAN-ORD-103507,CUST-2257,2026-07-19,IN,INR,Fitness,5627.98,1013.04,UPI,2,325,2,0,Mobile_Web,0,0
DHAN-ORD-103508,CUST-1404,2026-08-26,AE,AED,Kitchen,215.76,10.79,CARD,8,18,1,0,Mobile_App,0,0
DHAN-ORD-103509,CUST-1920,2026-07-02,NP,NPR,Apparel,1172.28,152.4,ESEWA,2,148,1,0,Mobile_App,0,1
DHAN-ORD-103510,CUST-2212,2026-07-13,NP,NPR,Beauty,10991.77,1428.93,KHALTI,2,45,3,0,Mobile_App,0,0
DHAN-ORD-103511,CUST-1879,2026-07-03,IN,INR,Books,1972.59,355.07,RAZORPAY,1,120,4,0,Mobile_App,0,0
DHAN-ORD-103512,CUST-1796,2026-07-22,IN,INR,Toys,1126.17,202.71,RAZORPAY,1,86,0,0,Mobile_App,0,0
DHAN-ORD-103513,CUST-1009,2026-08-20,IN,INR,Toys,7655.83,1378.05,RAZORPAY,5,244,3,0,Mobile_Web,0,0
DHAN-ORD-103514,CUST-2443,2026-08-27,NP,NPR,Computers,22450.78,2918.6,CONNECT_IPS,4,56,2,0,Mobile_App,0,0
DHAN-ORD-103515,CUST-1439,2026-09-22,NP,NPR,Beauty,15258.92,1983.66,KHALTI,3,198,0,0,Mobile_Web,1,0
DHAN-ORD-103516,CUST-1421,2026-07-03,AE,AED,Beauty,594.59,29.73,COD,9,96,2,2,Mobile_App,0,1
DHAN-ORD-103517,CUST-1570,2026-07-15,AE,AED,Festive,335.98,16.8,COD,2,68,5,1,Desktop,0,1
DHAN-ORD-103518,CUST-2441,2026-07-03,NP,NPR,Electronics,4755.04,618.16,CONNECT_IPS,3,317,5,0,Mobile_App,0,0
DHAN-ORD-103519,CUST-1128,2026-07-08,IN,INR,Electronics,3481.32,626.64,RAZORPAY,7,75,4,0,Desktop,0,1
DHAN-ORD-103520,CUST-2182,2026-07-08,NP,NPR,Kitchen,302.99,39.39,ESEWA,5,38,1,0,Mobile_Web,0,0
DHAN-ORD-103521,CUST-1208,2026-07-19,NP,NPR,Electronics,1078.17,140.16,CONNECT_IPS,7,53,7,0,Mobile_Web,0,0
DHAN-ORD-103522,CUST-2099,2026-07-10,NP,NPR,Computers,2440.43,317.26,KHALTI,1,17,3,0,Mobile_App,0,0
DHAN-ORD-103523,CUST-1382,2026-07-04,NP,NPR,Festive,6476.37,841.93,COD,5,81,2,1,Mobile_Web,0,0
DHAN-ORD-103524,CUST-1749,2026-07-06,NP,NPR,Apparel,3485.63,453.13,ESEWA,2,249,2,0,Mobile_App,0,0
DHAN-ORD-103525,CUST-1667,2026-07-05,NP,NPR,Festive,3036.1,394.69,KHALTI,3,46,1,0,Mobile_App,0,1
DHAN-ORD-103526,CUST-1403,2026-07-19,NP,NPR,Festive,12264.09,1594.33,COD,6,40,3,1,Mobile_Web,0,1
DHAN-ORD-103527,CUST-1937,2026-08-12,IN,INR,Electronics,6170.1,1110.62,COD,5,47,7,0,Mobile_App,0,0
DHAN-ORD-103528,CUST-1233,2026-07-14,IN,INR,Beauty,349.71,62.95,RAZORPAY,7,69,2,0,Mobile_App,0,0
DHAN-ORD-103529,CUST-1537,2026-07-18,IN,INR,Computers,3191.83,574.53,RAZORPAY,5,31,4,1,Mobile_App,0,0
DHAN-ORD-103530,CUST-2373,2026-07-10,AE,AED,Festive,463.85,23.19,APPLE_PAY,4,83,6,0,Mobile_App,0,0
DHAN-ORD-103531,CUST-2002,2026-08-18,NP,NPR,Kitchen,816.09,106.09,ESEWA,6,132,5,0,Mobile_Web,0,0
DHAN-ORD-103532,CUST-2080,2026-07-12,IN,INR,Kitchen,1576.02,283.68,RAZORPAY,1,54,5,0,Mobile_App,0,0
DHAN-ORD-103533,CUST-2308,2026-07-11,IN,INR,Electronics,6300.59,1134.11,UPI,9,87,3,2,Mobile_Web,0,0
DHAN-ORD-103534,CUST-1641,2026-07-08,NP,NPR,Beauty,583.7,75.88,COD,7,108,2,0,Mobile_App,0,0
DHAN-ORD-103535,CUST-2222,2026-07-05,NP,NPR,Electronics,2913.57,378.76,ESEWA,6,48,4,0,Mobile_App,0,0
DHAN-ORD-103536,CUST-1795,2026-07-09,NP,NPR,Kitchen,3893.5,506.16,ESEWA,5,49,3,0,Desktop,0,0
DHAN-ORD-103537,CUST-2251,2026-07-14,IN,INR,Fitness,9541.51,1717.47,RAZORPAY,1,163,2,0,Mobile_App,0,0
DHAN-ORD-103538,CUST-1803,2026-08-03,NP,NPR,Festive,4193.71,545.18,ESEWA,8,243,4,0,Mobile_App,0,0
DHAN-ORD-103539,CUST-2202,2026-07-02,IN,INR,Electronics,4120.48,741.69,COD,7,129,5,2,Mobile_App,0,1
DHAN-ORD-103540,CUST-1233,2026-07-08,IN,INR,Beauty,9237.88,1662.82,UPI,3,311,2,0,Desktop,0,0
DHAN-ORD-103541,CUST-1712,2026-08-19,IN,INR,Festive,8277.57,1489.96,RAZORPAY,6,16,1,0,Mobile_App,0,0
DHAN-ORD-103542,CUST-1720,2026-07-05,IN,INR,Computers,1220.14,219.63,UPI,5,51,4,0,Mobile_Web,0,1
DHAN-ORD-103543,CUST-1937,2026-07-13,IN,INR,Festive,1917.93,345.23,UPI,9,78,2,0,Mobile_Web,0,0
DHAN-ORD-103544,CUST-2264,2026-08-29,NP,NPR,Electronics,16720.84,2173.71,KHALTI,7,109,5,0,Mobile_App,0,1
DHAN-ORD-103545,CUST-1353,2026-07-06,NP,NPR,Apparel,3393.63,441.17,COD,9,92,1,0,Mobile_App,0,1
DHAN-ORD-103546,CUST-2379,2026-07-03,IN,INR,Apparel,2735.62,492.41,RAZORPAY,8,157,6,0,Desktop,0,0
DHAN-ORD-103547,CUST-2445,2026-07-20,NP,NPR,Apparel,6716.97,873.21,ESEWA,2,155,5,0,Mobile_App,0,0
DHAN-ORD-103548,CUST-1609,2026-07-11,NP,NPR,Festive,21482.71,2792.75,KHALTI,8,139,4,0,Mobile_App,0,0
DHAN-ORD-103549,CUST-2258,2026-07-25,NP,NPR,Computers,3617.36,470.26,KHALTI,8,63,5,1,Mobile_Web,0,0
DHAN-ORD-103550,CUST-2208,2026-08-18,AE,AED,Kitchen,150.0,7.5,CARD,6,16,6,0,Desktop,0,0
DHAN-ORD-103551,CUST-1173,2026-07-05,NP,NPR,Beauty,2895.0,376.35,COD,6,307,4,0,Mobile_App,0,0
DHAN-ORD-103552,CUST-2376,2026-07-27,IN,INR,Fitness,645.24,116.14,COD,6,136,4,1,Mobile_App,0,0
DHAN-ORD-103553,CUST-1274,2026-07-22,NP,NPR,Electronics,8494.18,1104.24,ESEWA,7,88,1,0,Mobile_App,0,1
DHAN-ORD-103554,CUST-1641,2026-07-05,NP,NPR,Fitness,4351.5,565.7,ESEWA,4,75,3,0,Mobile_Web,0,0
DHAN-ORD-103555,CUST-1241,2026-07-30,IN,INR,Kitchen,1819.15,327.45,RAZORPAY,1,66,4,0,Mobile_Web,0,0
DHAN-ORD-103556,CUST-1488,2026-07-10,NP,NPR,Electronics,1418.74,184.44,ESEWA,5,48,6,0,Mobile_Web,0,1
DHAN-ORD-103557,CUST-1625,2026-07-21,IN,INR,Toys,12494.58,2249.02,UPI,2,134,3,0,Desktop,0,0
DHAN-ORD-103558,CUST-1239,2026-07-03,IN,INR,Computers,6192.66,1114.68,UPI,9,161,4,0,Desktop,0,0
DHAN-ORD-103559,CUST-1374,2026-07-19,IN,INR,Beauty,1461.31,263.04,COD,3,71,5,0,Mobile_App,0,1
DHAN-ORD-103560,CUST-1764,2026-07-11,NP,NPR,Computers,3234.42,420.47,KHALTI,3,47,3,0,Mobile_Web,0,0
DHAN-ORD-103561,CUST-2420,2026-08-21,IN,INR,Kitchen,7576.69,1363.8,UPI,7,57,3,0,Mobile_Web,0,0
DHAN-ORD-103562,CUST-1289,2026-07-02,IN,INR,Apparel,1660.27,298.85,UPI,4,196,4,0,Mobile_Web,0,0
DHAN-ORD-103563,CUST-2046,2026-07-17,IN,INR,Apparel,419.85,75.57,RAZORPAY,5,27,2,0,Mobile_App,0,0
DHAN-ORD-103564,CUST-1795,2026-07-19,NP,NPR,Kitchen,4186.69,544.27,COD,1,133,4,0,Mobile_App,0,0
DHAN-ORD-103565,CUST-1856,2026-08-08,NP,NPR,Kitchen,3318.91,431.46,COD,6,137,2,0,Mobile_Web,0,1
DHAN-ORD-103566,CUST-2221,2026-07-26,AE,AED,Electronics,150.0,7.5,CARD,6,218,6,0,Mobile_App,0,0
DHAN-ORD-103567,CUST-1282,2026-08-03,IN,INR,Beauty,5125.78,922.64,UPI,4,92,8,1,Desktop,0,0
DHAN-ORD-103568,CUST-2177,2026-08-15,NP,NPR,Books,2619.58,340.55,KHALTI,9,178,4,0,Mobile_Web,0,0
DHAN-ORD-103569,CUST-1785,2026-08-29,NP,NPR,Festive,8533.55,1109.36,ESEWA,1,62,3,1,Mobile_Web,0,0
DHAN-ORD-103570,CUST-1866,2026-07-12,NP,NPR,Computers,10146.05,1318.99,ESEWA,3,128,2,0,Mobile_Web,0,0
DHAN-ORD-103571,CUST-1380,2026-07-24,NP,NPR,Computers,968.98,125.97,COD,5,146,2,1,Mobile_Web,0,1
DHAN-ORD-103572,CUST-1996,2026-08-24,NP,NPR,Festive,10294.83,1338.33,COD,7,193,1,0,Mobile_App,0,0
DHAN-ORD-103573,CUST-2301,2026-08-16,NP,NPR,Beauty,7293.69,948.18,KHALTI,3,145,3,0,Mobile_Web,0,0
DHAN-ORD-103574,CUST-2100,2026-09-05,IN,INR,Beauty,2770.42,498.68,UPI,7,79,1,1,Mobile_Web,1,0
DHAN-ORD-103575,CUST-2420,2026-07-14,NP,NPR,Fitness,19728.55,2564.71,KHALTI,9,25,8,1,Mobile_App,0,0
DHAN-ORD-103576,CUST-2321,2026-07-07,IN,INR,Electronics,1982.12,356.78,RAZORPAY,2,77,3,0,Mobile_App,0,0
DHAN-ORD-103577,CUST-1354,2026-07-21,NP,NPR,Beauty,6346.68,825.07,ESEWA,1,27,1,0,Mobile_Web,0,0
DHAN-ORD-103578,CUST-2136,2026-08-10,NP,NPR,Books,1078.55,140.21,ESEWA,7,135,6,0,Mobile_App,0,0
DHAN-ORD-103579,CUST-1341,2026-07-21,NP,NPR,Apparel,4883.26,634.82,KHALTI,5,40,8,1,Mobile_Web,0,0
DHAN-ORD-103580,CUST-2002,2026-07-20,NP,NPR,Electronics,17587.9,2286.43,COD,1,150,6,0,Mobile_App,0,1
DHAN-ORD-103581,CUST-1591,2026-08-24,IN,INR,Computers,3736.16,672.51,RAZORPAY,1,292,3,0,Mobile_App,0,0
DHAN-ORD-103582,CUST-1287,2026-07-14,IN,INR,Electronics,2960.48,532.89,RAZORPAY,8,106,5,0,Mobile_Web,0,0
DHAN-ORD-103583,CUST-1383,2026-08-28,NP,NPR,Toys,58686.97,7629.31,KHALTI,6,37,3,0,Desktop,0,0
DHAN-ORD-103584,CUST-1644,2026-07-16,NP,NPR,Electronics,8647.27,1124.15,COD,7,93,6,0,Mobile_Web,0,0
DHAN-ORD-103585,CUST-1923,2026-07-12,NP,NPR,Computers,672.44,87.42,ESEWA,6,41,2,0,Mobile_App,0,0
DHAN-ORD-103586,CUST-2268,2026-07-19,IN,INR,Books,439.46,79.1,RAZORPAY,7,135,5,1,Mobile_App,0,0
DHAN-ORD-103587,CUST-1109,2026-08-13,IN,INR,Electronics,706.34,127.14,RAZORPAY,4,42,5,1,Desktop,0,0
DHAN-ORD-103588,CUST-1735,2026-07-05,NP,NPR,Computers,3688.25,479.47,COD,7,61,1,0,Mobile_Web,0,1
DHAN-ORD-103589,CUST-1019,2026-07-07,IN,INR,Electronics,1083.16,194.97,CARD,3,61,5,1,Mobile_App,0,0
DHAN-ORD-103590,CUST-1992,2026-07-01,IN,INR,Electronics,1173.77,211.28,CARD,3,42,4,1,Mobile_App,0,0
DHAN-ORD-103591,CUST-1279,2026-07-06,NP,NPR,Kitchen,16780.14,2181.42,COD,4,84,2,1,Desktop,0,0
DHAN-ORD-103592,CUST-1399,2026-07-26,NP,NPR,Festive,4121.97,535.86,COD,8,55,2,0,Mobile_App,0,1
DHAN-ORD-103593,CUST-1786,2026-07-26,AE,AED,Festive,265.07,13.25,APPLE_PAY,4,89,3,1,Mobile_App,0,0
DHAN-ORD-103594,CUST-2150,2026-07-21,IN,INR,Beauty,14527.07,2614.87,UPI,1,26,5,1,Mobile_App,0,0
DHAN-ORD-103595,CUST-2035,2026-08-01,NP,NPR,Kitchen,5546.5,721.05,KHALTI,2,72,3,0,Mobile_App,0,0
DHAN-ORD-103596,CUST-2337,2026-07-08,NP,NPR,Apparel,8487.73,1103.4,ESEWA,9,29,3,0,Mobile_App,0,0
DHAN-ORD-103597,CUST-2013,2026-07-25,NP,NPR,Electronics,14432.28,1876.2,ESEWA,5,118,4,1,Mobile_Web,0,0
DHAN-ORD-103598,CUST-1837,2026-07-14,NP,NPR,Computers,1659.35,215.72,COD,3,27,5,0,Mobile_Web,0,0
DHAN-ORD-103599,CUST-2402,2026-08-02,IN,INR,Festive,2345.58,422.2,RAZORPAY,5,40,1,0,Mobile_App,0,0
DHAN-ORD-103600,CUST-2007,2026-07-05,NP,NPR,Electronics,16769.29,2180.01,CONNECT_IPS,2,95,6,1,Mobile_App,0,0
DHAN-ORD-103601,CUST-1851,2026-07-26,IN,INR,Electronics,1481.68,266.7,UPI,5,228,5,0,Mobile_App,0,0
DHAN-ORD-103602,CUST-2454,2026-07-07,IN,INR,Beauty,6314.31,1136.58,RAZORPAY,5,53,3,0,Mobile_App,0,0
DHAN-ORD-103603,CUST-1909,2026-07-10,NP,NPR,Beauty,5466.5,710.64,COD,3,93,4,0,Mobile_Web,0,1
DHAN-ORD-103604,CUST-2000,2026-07-08,NP,NPR,Computers,1476.08,191.89,KHALTI,9,13,3,0,Mobile_App,0,0
DHAN-ORD-103605,CUST-1342,2026-07-07,NP,NPR,Computers,1465.44,190.51,COD,7,91,3,0,Mobile_App,0,1
DHAN-ORD-103606,CUST-1169,2026-08-22,IN,INR,Kitchen,1834.04,330.13,RAZORPAY,7,33,5,0,Mobile_App,0,0
DHAN-ORD-103607,CUST-2157,2026-07-11,NP,NPR,Apparel,5356.52,696.35,KHALTI,1,125,4,0,Mobile_App,0,0
DHAN-ORD-103608,CUST-1063,2026-09-17,IN,INR,Electronics,2970.88,534.76,UPI,9,55,5,1,Mobile_App,1,0
DHAN-ORD-103609,CUST-1451,2026-07-16,IN,INR,Kitchen,4920.89,885.76,RAZORPAY,6,41,5,0,Mobile_App,0,0
DHAN-ORD-103610,CUST-1598,2026-07-26,NP,NPR,Apparel,4952.96,643.88,CONNECT_IPS,2,47,4,2,Mobile_App,0,0
DHAN-ORD-103611,CUST-1066,2026-07-05,AE,AED,Festive,150.0,7.5,CARD,6,104,2,0,Mobile_App,0,0
DHAN-ORD-103612,CUST-1562,2026-07-15,AE,AED,Electronics,300.0,15.0,APPLE_PAY,3,194,3,0,Mobile_Web,0,0
DHAN-ORD-103613,CUST-1460,2026-08-17,NP,NPR,Computers,2734.23,355.45,COD,7,151,1,0,Mobile_Web,0,0
DHAN-ORD-103614,CUST-2101,2026-07-14,NP,NPR,Beauty,3168.55,411.91,ESEWA,9,7,2,0,Mobile_App,0,1
DHAN-ORD-103615,CUST-1591,2026-07-03,AE,AED,Toys,275.16,13.76,CARD,5,360,4,2,Mobile_App,0,0
DHAN-ORD-103616,CUST-1344,2026-07-25,AE,AED,Computers,150.0,7.5,APPLE_PAY,6,13,5,0,Mobile_Web,0,0
DHAN-ORD-103617,CUST-1936,2026-08-25,NP,NPR,Kitchen,4389.65,570.65,ESEWA,6,69,1,0,Mobile_App,0,0
DHAN-ORD-103618,CUST-2158,2026-08-17,NP,NPR,Computers,2713.87,352.8,KHALTI,4,28,3,1,Mobile_App,0,1
DHAN-ORD-103619,CUST-2014,2026-07-06,NP,NPR,Computers,2208.82,287.15,KHALTI,3,171,2,0,Mobile_App,0,0
DHAN-ORD-103620,CUST-2125,2026-08-03,AE,AED,Beauty,150.0,7.5,CARD,6,162,5,0,Desktop,0,0
DHAN-ORD-103621,CUST-2046,2026-07-08,NP,NPR,Electronics,1329.27,172.81,COD,6,192,4,0,Mobile_App,0,0
DHAN-ORD-103622,CUST-1231,2026-07-08,NP,NPR,Festive,2599.64,337.95,ESEWA,7,277,4,0,Mobile_Web,0,1
DHAN-ORD-103623,CUST-2172,2026-09-01,IN,INR,Apparel,3371.76,606.92,UPI,5,190,4,0,Mobile_App,1,1
DHAN-ORD-103624,CUST-1233,2026-07-09,NP,NPR,Beauty,3367.51,437.78,ESEWA,1,5,4,0,Mobile_App,0,0
DHAN-ORD-103625,CUST-1548,2026-07-10,IN,INR,Kitchen,1976.83,355.83,RAZORPAY,5,4,3,0,Mobile_Web,0,0
DHAN-ORD-103626,CUST-2112,2026-07-01,NP,NPR,Beauty,9437.24,1226.84,COD,5,253,3,1,Mobile_Web,0,1
DHAN-ORD-103627,CUST-1751,2026-08-31,IN,INR,Computers,150.0,27.0,UPI,6,36,3,0,Mobile_Web,0,0
DHAN-ORD-103628,CUST-2110,2026-08-17,NP,NPR,Festive,7974.8,1036.72,COD,9,74,4,0,Mobile_Web,0,1
DHAN-ORD-103629,CUST-1085,2026-07-30,IN,INR,Books,893.92,160.91,UPI,2,182,5,1,Mobile_App,0,0
DHAN-ORD-103630,CUST-2472,2026-08-11,IN,INR,Electronics,2899.09,521.84,COD,1,260,2,0,Mobile_App,0,1
DHAN-ORD-103631,CUST-1903,2026-07-05,NP,NPR,Computers,14701.96,1911.25,ESEWA,4,86,3,0,Mobile_Web,0,0
DHAN-ORD-103632,CUST-2118,2026-07-19,NP,NPR,Computers,4400.4,572.05,ESEWA,8,62,3,0,Desktop,0,0
DHAN-ORD-103633,CUST-1447,2026-07-13,NP,NPR,Apparel,1747.54,227.18,KHALTI,1,233,4,0,Mobile_App,0,0
DHAN-ORD-103634,CUST-1870,2026-07-03,NP,NPR,Apparel,19532.37,2539.21,ESEWA,2,103,7,1,Mobile_Web,0,0
DHAN-ORD-103635,CUST-1209,2026-07-20,IN,INR,Festive,184.02,33.12,CARD,4,104,1,0,Mobile_App,0,0
DHAN-ORD-103636,CUST-2338,2026-09-15,IN,INR,Toys,2071.22,372.82,UPI,1,163,3,0,Mobile_App,1,0
DHAN-ORD-103637,CUST-1506,2026-07-02,NP,NPR,Kitchen,11394.28,1481.26,KHALTI,9,215,0,0,Mobile_App,0,1
DHAN-ORD-103638,CUST-1609,2026-07-11,IN,INR,Apparel,1741.43,313.46,RAZORPAY,4,87,2,0,Mobile_App,0,0
DHAN-ORD-103639,CUST-1066,2026-07-07,IN,INR,Apparel,1965.07,353.71,COD,3,55,2,0,Mobile_App,0,0
DHAN-ORD-103640,CUST-1921,2026-07-09,IN,INR,Beauty,4268.82,768.39,UPI,2,446,2,0,Mobile_App,0,0
DHAN-ORD-103641,CUST-1538,2026-09-10,NP,NPR,Beauty,1166.94,151.7,ESEWA,5,108,1,0,Mobile_App,1,0
DHAN-ORD-103642,CUST-1713,2026-07-19,NP,NPR,Apparel,842.23,109.49,ESEWA,5,48,3,0,Mobile_App,0,0
DHAN-ORD-103643,CUST-1178,2026-07-19,NP,NPR,Apparel,6139.08,798.08,CONNECT_IPS,1,77,3,1,Mobile_Web,0,1
DHAN-ORD-103644,CUST-1899,2026-08-12,NP,NPR,Apparel,1646.65,214.06,ESEWA,8,79,4,0,Mobile_App,0,0
DHAN-ORD-103645,CUST-1240,2026-07-06,NP,NPR,Apparel,16762.07,2179.07,COD,4,89,1,0,Desktop,0,0
DHAN-ORD-103646,CUST-1485,2026-07-21,NP,NPR,Toys,58240.55,7571.27,ESEWA,1,71,5,0,Mobile_App,0,0
DHAN-ORD-103647,CUST-1429,2026-07-17,NP,NPR,Apparel,20464.77,2660.42,ESEWA,7,184,5,0,Mobile_Web,0,0
DHAN-ORD-103648,CUST-2204,2026-07-28,IN,INR,Beauty,1832.88,329.92,RAZORPAY,5,101,3,0,Desktop,0,0
DHAN-ORD-103649,CUST-2411,2026-08-21,NP,NPR,Apparel,9884.27,1284.96,COD,2,45,3,0,Mobile_App,0,1
DHAN-ORD-103650,CUST-1718,2026-08-14,NP,NPR,Kitchen,12893.5,1676.15,ESEWA,5,164,2,0,Mobile_App,0,0
DHAN-ORD-103651,CUST-2455,2026-07-16,NP,NPR,Electronics,8246.66,1072.07,COD,2,190,5,0,Mobile_App,0,0
DHAN-ORD-103652,CUST-2249,2026-08-22,NP,NPR,Computers,3139.75,408.17,KHALTI,7,49,3,0,Mobile_App,0,0
DHAN-ORD-103653,CUST-2295,2026-07-06,IN,INR,Apparel,1591.6,286.49,RAZORPAY,7,126,3,0,Mobile_App,0,1
DHAN-ORD-103654,CUST-1876,2026-07-01,NP,NPR,Apparel,22700.62,2951.08,COD,2,28,3,0,Mobile_Web,0,0
DHAN-ORD-103655,CUST-1339,2026-07-07,NP,NPR,Books,24845.58,3229.93,CONNECT_IPS,5,153,2,0,Mobile_App,0,1
DHAN-ORD-103656,CUST-2261,2026-07-13,NP,NPR,Kitchen,8985.26,1168.08,ESEWA,3,114,4,0,Mobile_Web,0,0
DHAN-ORD-103657,CUST-1285,2026-07-22,NP,NPR,Kitchen,307.33,39.95,COD,1,223,4,0,Mobile_App,0,1
DHAN-ORD-103658,CUST-1423,2026-07-29,NP,NPR,Electronics,721.19,93.75,ESEWA,1,139,3,0,Mobile_App,0,0
DHAN-ORD-103659,CUST-1423,2026-09-11,IN,INR,Computers,6291.31,1132.44,UPI,9,3,5,1,Mobile_App,1,0
DHAN-ORD-103660,CUST-1121,2026-07-22,NP,NPR,Fitness,20715.68,2693.04,COD,6,83,6,0,Mobile_Web,0,1
DHAN-ORD-103661,CUST-2167,2026-07-21,NP,NPR,Electronics,3160.3,410.84,ESEWA,1,13,3,0,Mobile_App,0,0
DHAN-ORD-103662,CUST-1718,2026-07-02,NP,NPR,Apparel,12469.79,1621.07,KHALTI,4,56,2,0,Mobile_App,0,0
DHAN-ORD-103663,CUST-2090,2026-07-02,NP,NPR,Apparel,7782.5,1011.73,COD,6,90,4,0,Mobile_App,0,0
DHAN-ORD-103664,CUST-1575,2026-07-25,IN,INR,Beauty,1715.44,308.78,RAZORPAY,5,53,2,0,Desktop,0,0
DHAN-ORD-103665,CUST-2222,2026-07-18,IN,INR,Festive,1145.49,206.19,UPI,2,55,7,0,Mobile_Web,0,1
DHAN-ORD-103666,CUST-2103,2026-08-24,IN,INR,Kitchen,838.83,150.99,UPI,1,221,3,0,Mobile_App,0,0
DHAN-ORD-103667,CUST-1344,2026-07-06,NP,NPR,Electronics,9959.93,1294.79,CONNECT_IPS,5,117,2,0,Mobile_App,0,0
DHAN-ORD-103668,CUST-1662,2026-07-01,NP,NPR,Festive,4067.39,528.76,ESEWA,8,90,3,1,Desktop,0,1
DHAN-ORD-103669,CUST-2441,2026-07-18,IN,INR,Festive,4700.23,846.04,COD,2,3,4,0,Mobile_App,0,1
DHAN-ORD-103670,CUST-1599,2026-07-09,AE,AED,Electronics,150.0,7.5,CARD,6,54,4,0,Mobile_App,0,0
DHAN-ORD-103671,CUST-1592,2026-07-02,NP,NPR,Computers,18956.34,2464.32,KHALTI,2,243,6,1,Mobile_App,0,0
DHAN-ORD-103672,CUST-2172,2026-08-08,NP,NPR,Computers,4472.61,581.44,ESEWA,8,44,4,0,Mobile_App,0,0
DHAN-ORD-103673,CUST-1547,2026-07-04,NP,NPR,Electronics,2216.6,288.16,ESEWA,2,87,2,1,Mobile_Web,0,0
DHAN-ORD-103674,CUST-2053,2026-07-29,NP,NPR,Books,150.0,19.5,COD,6,16,0,0,Mobile_App,0,0
DHAN-ORD-103675,CUST-2391,2026-07-10,NP,NPR,Apparel,5497.51,714.68,COD,7,63,4,1,Mobile_App,0,0
DHAN-ORD-103676,CUST-1195,2026-07-06,NP,NPR,Kitchen,2483.47,322.85,ESEWA,8,110,4,0,Mobile_App,0,0
DHAN-ORD-103677,CUST-1277,2026-07-15,IN,INR,Festive,1470.11,264.62,RAZORPAY,3,54,5,0,Mobile_App,0,1
DHAN-ORD-103678,CUST-1842,2026-08-18,NP,NPR,Beauty,5941.07,772.34,COD,1,97,2,1,Desktop,0,0
DHAN-ORD-103679,CUST-1121,2026-07-15,NP,NPR,Electronics,727.21,94.54,ESEWA,7,146,3,0,Mobile_App,0,0
DHAN-ORD-103680,CUST-1567,2026-08-11,NP,NPR,Books,17795.53,2313.42,ESEWA,2,51,9,1,Mobile_App,0,0
DHAN-ORD-103681,CUST-2343,2026-07-05,IN,INR,Festive,3313.98,596.52,COD,1,90,8,2,Mobile_Web,0,1
DHAN-ORD-103682,CUST-1259,2026-08-14,NP,NPR,Festive,2464.41,320.37,KHALTI,7,174,1,0,Mobile_App,0,0
DHAN-ORD-103683,CUST-2436,2026-07-09,IN,INR,Beauty,1181.17,212.61,CARD,2,109,7,0,Mobile_App,0,0
DHAN-ORD-103684,CUST-1271,2026-08-03,NP,NPR,Fitness,4147.2,539.14,KHALTI,7,123,4,0,Mobile_Web,0,0
DHAN-ORD-103685,CUST-1511,2026-07-26,IN,INR,Electronics,2698.33,485.7,COD,7,234,5,0,Mobile_App,0,0
DHAN-ORD-103686,CUST-1299,2026-09-18,NP,NPR,Apparel,1932.99,251.29,COD,6,281,4,0,Mobile_Web,1,0
DHAN-ORD-103687,CUST-2456,2026-07-15,NP,NPR,Books,3442.96,447.58,ESEWA,4,211,8,2,Mobile_App,0,0
DHAN-ORD-103688,CUST-1659,2026-07-03,NP,NPR,Electronics,2039.17,265.09,KHALTI,5,47,4,1,Mobile_App,0,0
DHAN-ORD-103689,CUST-1506,2026-07-01,NP,NPR,Fitness,3893.06,506.1,CONNECT_IPS,5,160,3,0,Mobile_App,0,0
DHAN-ORD-103690,CUST-2384,2026-08-22,NP,NPR,Beauty,6221.8,808.83,COD,2,147,6,0,Mobile_Web,0,0
DHAN-ORD-103691,CUST-1804,2026-07-23,IN,INR,Computers,3386.71,609.61,UPI,2,111,2,0,Mobile_App,0,0
DHAN-ORD-103692,CUST-2002,2026-08-14,NP,NPR,Toys,8363.76,1087.29,COD,2,146,3,1,Mobile_App,0,0
DHAN-ORD-103693,CUST-1291,2026-07-09,NP,NPR,Electronics,814.96,105.94,ESEWA,4,55,4,0,Mobile_App,0,0
DHAN-ORD-103694,CUST-2182,2026-07-13,NP,NPR,Apparel,4873.89,633.61,KHALTI,4,73,0,0,Mobile_Web,0,0
DHAN-ORD-103695,CUST-2295,2026-07-01,IN,INR,Computers,10156.59,1828.19,UPI,4,197,6,1,Mobile_App,0,0
DHAN-ORD-103696,CUST-1550,2026-07-08,AE,AED,Books,434.61,21.73,CARD,2,216,1,0,Mobile_App,0,0
DHAN-ORD-103697,CUST-2285,2026-08-03,IN,INR,Electronics,552.81,99.51,RAZORPAY,3,74,3,0,Mobile_Web,0,0
DHAN-ORD-103698,CUST-1848,2026-09-20,NP,NPR,Electronics,5696.94,740.6,CONNECT_IPS,8,103,1,0,Desktop,1,0
DHAN-ORD-103699,CUST-1768,2026-07-10,IN,INR,Computers,663.76,119.48,RAZORPAY,6,114,4,0,Mobile_App,0,0
DHAN-ORD-103700,CUST-1925,2026-07-29,AE,AED,Books,154.02,7.7,CARD,1,134,4,0,Mobile_App,0,0
DHAN-ORD-103701,CUST-1154,2026-08-04,IN,INR,Toys,1687.47,303.74,COD,4,153,3,0,Mobile_App,0,0
DHAN-ORD-103702,CUST-2297,2026-07-12,NP,NPR,Toys,5829.99,757.9,KHALTI,6,142,4,1,Mobile_Web,0,0
DHAN-ORD-103703,CUST-1190,2026-08-26,NP,NPR,Beauty,1785.93,232.17,COD,3,140,4,0,Mobile_App,0,0
DHAN-ORD-103704,CUST-1825,2026-09-27,NP,NPR,Beauty,6466.05,840.59,ESEWA,4,69,6,0,Mobile_App,1,0
DHAN-ORD-103705,CUST-2055,2026-09-03,NP,NPR,Computers,8592.12,1116.98,CONNECT_IPS,6,65,3,0,Mobile_App,1,0
DHAN-ORD-103706,CUST-1569,2026-08-10,IN,INR,Apparel,1290.26,232.25,COD,3,189,3,0,Mobile_Web,0,0
DHAN-ORD-103707,CUST-2422,2026-07-10,NP,NPR,Electronics,835.84,108.66,KHALTI,7,150,2,0,Mobile_Web,0,0
DHAN-ORD-103708,CUST-1755,2026-07-10,NP,NPR,Books,994.12,129.24,ESEWA,4,164,8,0,Mobile_Web,0,0
DHAN-ORD-103709,CUST-1931,2026-07-10,IN,INR,Fitness,2728.01,491.04,UPI,1,114,3,0,Mobile_App,0,0
DHAN-ORD-103710,CUST-1999,2026-07-01,IN,INR,Kitchen,1338.95,241.01,COD,6,135,2,0,Mobile_App,0,0
DHAN-ORD-103711,CUST-1670,2026-08-07,NP,NPR,Electronics,2307.36,299.96,ESEWA,3,205,1,0,Desktop,0,0
DHAN-ORD-103712,CUST-2191,2026-08-06,IN,INR,Fitness,7661.61,1379.09,COD,2,147,1,0,Mobile_App,0,0
DHAN-ORD-103713,CUST-1005,2026-07-30,NP,NPR,Computers,5266.84,684.69,ESEWA,1,21,4,1,Mobile_Web,0,0
DHAN-ORD-103714,CUST-2500,2026-08-18,IN,INR,Electronics,6870.4,1236.67,UPI,3,109,8,2,Mobile_App,0,1
DHAN-ORD-103715,CUST-1190,2026-07-12,IN,INR,Electronics,7340.05,1321.21,RAZORPAY,5,98,3,0,Mobile_App,0,0
DHAN-ORD-103716,CUST-2496,2026-07-13,NP,NPR,Apparel,15804.22,2054.55,ESEWA,9,135,1,1,Mobile_App,0,0
DHAN-ORD-103717,CUST-1938,2026-07-03,IN,INR,Fitness,3032.1,545.78,RAZORPAY,8,47,1,0,Mobile_App,0,0
DHAN-ORD-103718,CUST-2300,2026-07-18,IN,INR,Electronics,1889.28,340.07,RAZORPAY,8,36,4,1,Desktop,0,0
DHAN-ORD-103719,CUST-2360,2026-07-10,NP,NPR,Computers,7062.23,918.09,COD,6,153,2,0,Mobile_App,0,0
DHAN-ORD-103720,CUST-2428,2026-07-13,NP,NPR,Beauty,4960.03,644.8,COD,1,122,3,1,Mobile_App,0,1
DHAN-ORD-103721,CUST-1733,2026-08-23,IN,INR,Toys,1445.79,260.24,UPI,5,130,3,1,Mobile_App,0,1
DHAN-ORD-103722,CUST-1129,2026-09-21,NP,NPR,Electronics,2245.39,291.9,ESEWA,4,107,6,0,Mobile_App,1,0
DHAN-ORD-103723,CUST-2094,2026-07-07,NP,NPR,Electronics,27812.68,3615.65,ESEWA,2,168,2,0,Desktop,0,0
DHAN-ORD-103724,CUST-1814,2026-07-14,IN,INR,Books,5922.5,1066.05,UPI,9,193,4,0,Mobile_Web,0,0
DHAN-ORD-103725,CUST-1446,2026-09-18,IN,INR,Books,4082.46,734.84,UPI,5,72,6,1,Mobile_App,1,1
DHAN-ORD-103726,CUST-1879,2026-07-02,NP,NPR,Books,2377.66,309.1,COD,1,114,4,0,Mobile_Web,0,0
DHAN-ORD-103727,CUST-1433,2026-07-03,NP,NPR,Fitness,5238.1,680.95,ESEWA,9,90,2,1,Mobile_App,0,1
DHAN-ORD-103728,CUST-2013,2026-07-06,NP,NPR,Electronics,1143.84,148.7,ESEWA,9,151,1,0,Mobile_App,0,0
DHAN-ORD-103729,CUST-1549,2026-07-28,NP,NPR,Electronics,1160.2,150.83,KHALTI,8,114,2,0,Mobile_App,0,0
DHAN-ORD-103730,CUST-1661,2026-07-05,NP,NPR,Kitchen,10270.24,1335.13,KHALTI,1,9,6,1,Desktop,0,0
DHAN-ORD-103731,CUST-1580,2026-07-14,IN,INR,Electronics,31160.59,5608.91,UPI,2,95,7,0,Mobile_App,0,0
DHAN-ORD-103732,CUST-1691,2026-07-18,NP,NPR,Books,772.82,100.47,ESEWA,7,62,3,0,Mobile_Web,0,0
DHAN-ORD-103733,CUST-2120,2026-07-21,NP,NPR,Fitness,8319.76,1081.57,ESEWA,3,73,3,0,Desktop,0,0
DHAN-ORD-103734,CUST-2183,2026-07-09,NP,NPR,Toys,7836.66,1018.77,ESEWA,6,76,3,0,Mobile_App,0,0
DHAN-ORD-103735,CUST-1267,2026-07-20,AE,AED,Electronics,150.0,7.5,APPLE_PAY,6,149,2,0,Mobile_Web,0,0
DHAN-ORD-103736,CUST-2159,2026-08-02,NP,NPR,Festive,4595.75,597.45,CONNECT_IPS,5,189,2,0,Mobile_App,0,0
DHAN-ORD-103737,CUST-1993,2026-08-11,NP,NPR,Festive,7471.78,971.33,CONNECT_IPS,1,72,3,0,Mobile_App,0,0
DHAN-ORD-103738,CUST-1703,2026-08-12,NP,NPR,Electronics,1189.64,154.65,ESEWA,1,190,5,0,Mobile_App,0,0
DHAN-ORD-103739,CUST-2397,2026-07-26,IN,INR,Festive,756.99,136.26,RAZORPAY,9,198,2,1,Mobile_App,0,1
DHAN-ORD-103740,CUST-1099,2026-09-09,IN,INR,Electronics,7868.36,1416.3,RAZORPAY,2,40,1,0,Mobile_App,1,0
DHAN-ORD-103741,CUST-1094,2026-08-21,NP,NPR,Computers,1178.15,153.16,COD,8,89,5,0,Desktop,0,0
DHAN-ORD-103742,CUST-1203,2026-08-12,NP,NPR,Apparel,4263.64,554.27,ESEWA,6,94,4,1,Mobile_App,0,0
DHAN-ORD-103743,CUST-2282,2026-07-02,NP,NPR,Apparel,6255.16,813.17,ESEWA,9,101,5,1,Mobile_Web,0,0
DHAN-ORD-103744,CUST-1941,2026-07-01,NP,NPR,Computers,1983.33,257.83,KHALTI,3,52,4,0,Mobile_App,0,1
DHAN-ORD-103745,CUST-1033,2026-07-08,NP,NPR,Electronics,1580.53,205.47,COD,5,217,4,1,Mobile_App,0,0
DHAN-ORD-103746,CUST-1254,2026-08-02,NP,NPR,Books,1682.08,218.67,KHALTI,8,81,3,0,Mobile_App,0,0
DHAN-ORD-103747,CUST-1323,2026-07-16,NP,NPR,Apparel,5996.61,779.56,KHALTI,2,51,5,0,Mobile_App,0,1
DHAN-ORD-103748,CUST-1903,2026-07-16,NP,NPR,Toys,4247.73,552.2,KHALTI,8,426,3,0,Mobile_App,0,0
DHAN-ORD-103749,CUST-1934,2026-09-03,NP,NPR,Electronics,1781.43,231.59,ESEWA,8,25,1,0,Mobile_Web,1,0
DHAN-ORD-103750,CUST-1001,2026-09-06,IN,INR,Computers,2097.47,377.54,RAZORPAY,9,58,4,0,Mobile_App,1,0
DHAN-ORD-103751,CUST-1876,2026-09-10,NP,NPR,Electronics,3146.33,409.02,KHALTI,5,92,7,0,Mobile_App,1,0
DHAN-ORD-103752,CUST-1414,2026-07-12,NP,NPR,Electronics,14352.2,1865.79,ESEWA,6,108,2,1,Mobile_Web,0,1
DHAN-ORD-103753,CUST-2410,2026-08-05,NP,NPR,Electronics,4158.65,540.62,KHALTI,9,48,8,0,Mobile_App,0,0
DHAN-ORD-103754,CUST-1270,2026-07-10,AE,AED,Electronics,159.61,7.98,CARD,6,44,2,0,Mobile_App,0,0
DHAN-ORD-103755,CUST-2331,2026-07-07,IN,INR,Apparel,3214.66,578.64,UPI,1,71,0,0,Mobile_App,0,0
DHAN-ORD-103756,CUST-1618,2026-07-07,NP,NPR,Electronics,1507.96,196.03,KHALTI,4,220,7,0,Mobile_Web,0,0
DHAN-ORD-103757,CUST-1325,2026-07-13,NP,NPR,Festive,1486.14,193.2,KHALTI,1,144,6,2,Mobile_App,0,1
DHAN-ORD-103758,CUST-1561,2026-07-17,NP,NPR,Electronics,231.31,30.07,CONNECT_IPS,6,84,3,0,Desktop,0,0
DHAN-ORD-103759,CUST-1191,2026-08-23,NP,NPR,Beauty,2072.05,269.37,ESEWA,2,64,4,0,Mobile_App,0,0
DHAN-ORD-103760,CUST-2340,2026-07-04,NP,NPR,Computers,8363.26,1087.22,ESEWA,2,105,2,0,Mobile_Web,0,0
DHAN-ORD-103761,CUST-1738,2026-08-09,IN,INR,Beauty,1064.95,191.69,RAZORPAY,2,189,6,0,Mobile_App,0,0
DHAN-ORD-103762,CUST-1512,2026-07-23,NP,NPR,Computers,1777.12,231.03,COD,4,125,4,0,Desktop,0,1
DHAN-ORD-103763,CUST-1168,2026-07-11,IN,INR,Books,1528.3,275.09,RAZORPAY,7,210,1,0,Mobile_App,0,0
DHAN-ORD-103764,CUST-1761,2026-07-21,NP,NPR,Fitness,876.08,113.89,ESEWA,3,124,6,1,Mobile_App,0,0
DHAN-ORD-103765,CUST-2360,2026-07-11,IN,INR,Beauty,383.87,69.1,UPI,5,238,1,0,Mobile_App,0,0
DHAN-ORD-103766,CUST-2328,2026-07-28,IN,INR,Computers,2110.67,379.92,RAZORPAY,4,129,5,0,Mobile_App,0,0
DHAN-ORD-103767,CUST-1338,2026-07-18,NP,NPR,Apparel,2522.18,327.88,ESEWA,2,121,4,0,Mobile_App,0,0
DHAN-ORD-103768,CUST-1106,2026-07-06,NP,NPR,Toys,10840.92,1409.32,KHALTI,4,105,4,0,Mobile_App,0,0
DHAN-ORD-103769,CUST-1811,2026-07-04,NP,NPR,Electronics,339.82,44.18,COD,6,49,5,0,Mobile_Web,0,0
DHAN-ORD-103770,CUST-2281,2026-07-24,NP,NPR,Apparel,13558.45,1762.6,COD,4,194,1,0,Mobile_Web,0,0
DHAN-ORD-103771,CUST-1625,2026-09-08,NP,NPR,Fitness,2444.8,317.82,ESEWA,5,63,5,0,Mobile_App,1,0
DHAN-ORD-103772,CUST-2486,2026-07-13,IN,INR,Toys,1907.96,343.43,COD,8,140,4,0,Mobile_App,0,0
DHAN-ORD-103773,CUST-2432,2026-08-09,NP,NPR,Fitness,2079.58,270.35,ESEWA,9,86,3,0,Mobile_App,0,0
DHAN-ORD-103774,CUST-1479,2026-08-02,AE,AED,Festive,181.52,9.08,CARD,1,162,8,2,Desktop,0,0
DHAN-ORD-103775,CUST-1879,2026-09-19,NP,NPR,Festive,27322.0,3551.86,KHALTI,7,34,4,1,Mobile_App,1,0
DHAN-ORD-103776,CUST-2342,2026-08-21,AE,AED,Kitchen,225.6,11.28,APPLE_PAY,9,76,2,0,Mobile_App,0,0
DHAN-ORD-103777,CUST-1186,2026-07-26,NP,NPR,Apparel,18561.67,2413.02,ESEWA,3,54,2,0,Desktop,0,0
DHAN-ORD-103778,CUST-2441,2026-08-02,IN,INR,Fitness,3052.04,549.37,RAZORPAY,1,91,3,0,Mobile_App,0,0
DHAN-ORD-103779,CUST-1194,2026-09-07,NP,NPR,Apparel,2369.2,308.0,CONNECT_IPS,2,144,5,1,Mobile_App,1,0
DHAN-ORD-103780,CUST-1002,2026-07-16,NP,NPR,Books,6630.65,861.98,ESEWA,6,141,4,0,Mobile_App,0,0
DHAN-ORD-103781,CUST-1437,2026-07-12,IN,INR,Computers,725.49,130.59,UPI,5,83,4,0,Mobile_App,0,0
DHAN-ORD-103782,CUST-1976,2026-07-01,NP,NPR,Kitchen,1942.94,252.58,ESEWA,7,13,7,1,Mobile_App,0,1
DHAN-ORD-103783,CUST-1159,2026-08-22,IN,INR,Electronics,434.14,78.15,COD,2,336,7,0,Mobile_Web,0,0
DHAN-ORD-103784,CUST-1271,2026-08-18,IN,INR,Electronics,962.47,173.24,UPI,8,78,1,0,Mobile_App,0,1
DHAN-ORD-103785,CUST-2215,2026-07-04,NP,NPR,Electronics,565.82,73.56,COD,7,78,6,0,Mobile_Web,0,1
DHAN-ORD-103786,CUST-1463,2026-07-26,NP,NPR,Apparel,18356.29,2386.32,COD,5,321,4,0,Mobile_App,0,1
DHAN-ORD-103787,CUST-2063,2026-07-19,IN,INR,Computers,3097.26,557.51,UPI,1,15,4,1,Mobile_App,0,0
DHAN-ORD-103788,CUST-2392,2026-07-04,NP,NPR,Toys,23398.97,3041.87,KHALTI,7,115,5,0,Mobile_Web,0,0
DHAN-ORD-103789,CUST-1911,2026-07-29,IN,INR,Apparel,5316.27,956.93,COD,6,62,2,0,Mobile_App,0,0
DHAN-ORD-103790,CUST-1019,2026-07-08,IN,INR,Electronics,1823.65,328.26,RAZORPAY,5,64,2,0,Mobile_App,0,0
DHAN-ORD-103791,CUST-1016,2026-07-03,NP,NPR,Electronics,7344.37,954.77,ESEWA,9,110,3,0,Desktop,0,0
DHAN-ORD-103792,CUST-2424,2026-07-28,NP,NPR,Apparel,4793.27,623.13,ESEWA,5,100,1,0,Mobile_App,0,0
DHAN-ORD-103793,CUST-1703,2026-08-10,IN,INR,Toys,1105.45,198.98,COD,7,78,2,0,Mobile_App,0,0
DHAN-ORD-103794,CUST-1246,2026-07-01,NP,NPR,Festive,3435.04,446.56,ESEWA,6,73,4,0,Mobile_Web,0,0
DHAN-ORD-103795,CUST-1864,2026-08-02,NP,NPR,Festive,2907.76,378.01,KHALTI,9,254,4,0,Mobile_App,0,0
DHAN-ORD-103796,CUST-2421,2026-07-23,NP,NPR,Books,1362.62,177.14,KHALTI,3,251,3,0,Mobile_Web,0,0
DHAN-ORD-103797,CUST-1270,2026-07-04,NP,NPR,Apparel,1757.82,228.52,ESEWA,2,172,4,0,Desktop,0,1
DHAN-ORD-103798,CUST-1978,2026-07-06,NP,NPR,Festive,6107.67,794.0,COD,5,30,1,0,Desktop,0,1
DHAN-ORD-103799,CUST-1145,2026-07-26,NP,NPR,Fitness,6684.9,869.04,KHALTI,6,81,4,1,Mobile_App,0,0
DHAN-ORD-103800,CUST-1468,2026-07-11,IN,INR,Festive,940.56,169.3,RAZORPAY,4,45,3,0,Mobile_Web,0,0
DHAN-ORD-103801,CUST-1784,2026-09-22,NP,NPR,Computers,15870.65,2063.18,ESEWA,3,663,3,0,Mobile_Web,1,0
DHAN-ORD-103802,CUST-1182,2026-08-21,NP,NPR,Books,6428.1,835.65,COD,2,98,2,0,Mobile_Web,0,0
DHAN-ORD-103803,CUST-2496,2026-08-03,AE,AED,Beauty,1877.33,93.87,APPLE_PAY,5,51,3,1,Mobile_Web,0,0
DHAN-ORD-103804,CUST-1209,2026-07-10,IN,INR,Fitness,885.26,159.35,RAZORPAY,3,82,3,0,Mobile_Web,0,0
DHAN-ORD-103805,CUST-1211,2026-07-15,IN,INR,Computers,4350.46,783.08,UPI,3,39,7,0,Mobile_Web,0,0
DHAN-ORD-103806,CUST-1641,2026-07-17,NP,NPR,Kitchen,5125.13,666.27,CONNECT_IPS,4,80,1,0,Mobile_Web,0,0
DHAN-ORD-103807,CUST-1752,2026-07-13,IN,INR,Electronics,2089.6,376.13,UPI,1,71,4,0,Mobile_App,0,0
DHAN-ORD-103808,CUST-1612,2026-07-02,NP,NPR,Electronics,26969.23,3506.0,COD,5,100,5,0,Mobile_Web,0,0
DHAN-ORD-103809,CUST-1280,2026-07-02,NP,NPR,Computers,10558.3,1372.58,KHALTI,1,74,3,1,Mobile_App,0,0
DHAN-ORD-103810,CUST-1783,2026-08-05,NP,NPR,Fitness,4835.82,628.66,COD,2,131,3,0,Mobile_App,0,0
DHAN-ORD-103811,CUST-1272,2026-07-19,NP,NPR,Computers,10785.89,1402.17,KHALTI,3,266,5,0,Mobile_App,0,0
DHAN-ORD-103812,CUST-2313,2026-07-08,IN,INR,Electronics,1862.28,335.21,COD,8,38,1,0,Desktop,0,0
DHAN-ORD-103813,CUST-2386,2026-07-29,NP,NPR,Electronics,3466.51,450.65,ESEWA,1,176,7,1,Mobile_App,0,0
DHAN-ORD-103814,CUST-1292,2026-07-09,IN,INR,Apparel,710.35,127.86,UPI,8,80,2,0,Desktop,0,0
DHAN-ORD-103815,CUST-1140,2026-07-26,IN,INR,Electronics,3457.01,622.26,CARD,1,31,2,1,Mobile_App,0,0
DHAN-ORD-103816,CUST-2086,2026-07-14,IN,INR,Electronics,1028.33,185.1,COD,2,193,3,0,Desktop,0,0
DHAN-ORD-103817,CUST-2153,2026-08-22,NP,NPR,Beauty,3379.94,439.39,ESEWA,4,23,1,0,Mobile_App,0,0
DHAN-ORD-103818,CUST-1017,2026-08-21,IN,INR,Apparel,1003.21,180.58,UPI,4,155,1,0,Mobile_App,0,0
DHAN-ORD-103819,CUST-2249,2026-07-20,NP,NPR,Computers,391.94,50.95,ESEWA,4,57,7,0,Mobile_Web,0,0
DHAN-ORD-103820,CUST-2331,2026-07-13,NP,NPR,Electronics,7409.76,963.27,ESEWA,2,13,2,0,Mobile_App,0,0
DHAN-ORD-103821,CUST-1336,2026-07-14,AE,AED,Electronics,150.0,7.5,COD,6,46,1,0,Mobile_Web,0,0
DHAN-ORD-103822,CUST-1901,2026-08-19,NP,NPR,Books,8158.99,1060.67,KHALTI,4,175,2,0,Mobile_App,0,0
DHAN-ORD-103823,CUST-1719,2026-07-12,NP,NPR,Kitchen,3476.27,451.92,COD,2,84,2,0,Mobile_App,0,0
DHAN-ORD-103824,CUST-2479,2026-07-08,IN,INR,Apparel,682.7,122.89,RAZORPAY,7,161,2,1,Mobile_App,0,0
DHAN-ORD-103825,CUST-1436,2026-07-03,NP,NPR,Electronics,1059.69,137.76,ESEWA,6,86,5,0,Mobile_Web,0,0
DHAN-ORD-103826,CUST-2286,2026-07-19,IN,INR,Beauty,713.87,128.5,RAZORPAY,2,181,3,0,Mobile_Web,0,0
DHAN-ORD-103827,CUST-1310,2026-07-20,NP,NPR,Computers,398.68,51.83,ESEWA,2,140,2,0,Mobile_App,0,0
DHAN-ORD-103828,CUST-1843,2026-08-25,NP,NPR,Computers,2433.86,316.4,KHALTI,3,119,4,0,Mobile_App,0,0
DHAN-ORD-103829,CUST-2261,2026-07-08,NP,NPR,Beauty,12193.42,1585.14,KHALTI,7,121,6,1,Mobile_Web,0,0
DHAN-ORD-103830,CUST-2406,2026-07-15,NP,NPR,Kitchen,2988.05,388.45,COD,9,70,4,1,Mobile_App,0,0
DHAN-ORD-103831,CUST-1906,2026-08-19,NP,NPR,Computers,6094.86,792.33,COD,1,114,5,0,Mobile_Web,0,0
DHAN-ORD-103832,CUST-1444,2026-08-22,IN,INR,Apparel,1952.58,351.46,UPI,8,309,4,1,Mobile_App,0,0
DHAN-ORD-103833,CUST-1177,2026-07-15,NP,NPR,Books,1484.5,192.99,KHALTI,8,147,3,0,Mobile_App,0,0
DHAN-ORD-103834,CUST-1205,2026-07-19,AE,AED,Kitchen,171.96,8.6,CARD,9,73,6,0,Mobile_Web,0,0
DHAN-ORD-103835,CUST-1286,2026-07-11,NP,NPR,Apparel,150.0,19.5,COD,6,79,4,0,Mobile_Web,0,0
DHAN-ORD-103836,CUST-1252,2026-09-19,NP,NPR,Books,692.54,90.03,ESEWA,8,240,1,0,Mobile_Web,1,0
DHAN-ORD-103837,CUST-2207,2026-07-04,IN,INR,Festive,1596.77,287.42,UPI,3,122,3,0,Mobile_Web,0,0
DHAN-ORD-103838,CUST-2495,2026-09-20,AE,AED,Beauty,150.0,7.5,CARD,6,151,1,0,Mobile_App,1,0
DHAN-ORD-103839,CUST-1786,2026-08-04,NP,NPR,Toys,1926.51,250.45,KHALTI,9,236,7,0,Mobile_App,0,0
DHAN-ORD-103840,CUST-1719,2026-07-23,IN,INR,Computers,2659.7,478.75,UPI,4,95,4,1,Desktop,0,0
DHAN-ORD-103841,CUST-1879,2026-07-01,IN,INR,Beauty,2180.04,392.41,UPI,2,175,4,0,Mobile_App,0,0
DHAN-ORD-103842,CUST-1644,2026-07-20,NP,NPR,Electronics,1585.77,206.15,ESEWA,1,76,8,1,Mobile_Web,0,0
DHAN-ORD-103843,CUST-1286,2026-07-16,IN,INR,Electronics,926.2,166.72,RAZORPAY,8,169,7,1,Mobile_App,0,0
DHAN-ORD-103844,CUST-1507,2026-07-06,NP,NPR,Kitchen,2487.2,323.34,ESEWA,3,93,3,1,Mobile_App,0,0
DHAN-ORD-103845,CUST-1567,2026-08-02,IN,INR,Computers,1214.0,218.52,RAZORPAY,8,143,6,0,Mobile_App,0,0
DHAN-ORD-103846,CUST-2320,2026-07-17,AE,AED,Apparel,150.0,7.5,CARD,6,80,7,0,Mobile_Web,0,0
DHAN-ORD-103847,CUST-1172,2026-07-25,IN,INR,Beauty,1092.39,196.63,COD,3,78,3,0,Mobile_App,0,0
DHAN-ORD-103848,CUST-1508,2026-08-07,NP,NPR,Beauty,5961.1,774.94,KHALTI,3,210,2,0,Mobile_Web,0,1
DHAN-ORD-103849,CUST-2133,2026-07-03,NP,NPR,Computers,6921.99,899.86,COD,9,69,4,0,Mobile_App,0,0
DHAN-ORD-103850,CUST-2230,2026-07-17,AE,AED,Computers,150.0,7.5,CARD,6,49,6,0,Mobile_Web,0,0
DHAN-ORD-103851,CUST-2228,2026-07-04,NP,NPR,Apparel,830.29,107.94,COD,2,58,4,0,Mobile_Web,0,1
DHAN-ORD-103852,CUST-2476,2026-07-29,NP,NPR,Books,630.15,81.92,COD,9,66,5,1,Mobile_Web,0,1
DHAN-ORD-103853,CUST-2244,2026-09-22,IN,INR,Computers,3609.9,649.78,RAZORPAY,9,63,0,0,Mobile_App,1,1
DHAN-ORD-103854,CUST-1583,2026-08-02,NP,NPR,Electronics,3361.34,436.97,ESEWA,4,254,2,0,Mobile_App,0,0
DHAN-ORD-103855,CUST-2414,2026-07-03,NP,NPR,Festive,6980.6,907.48,COD,5,27,4,0,Desktop,0,1
DHAN-ORD-103856,CUST-1054,2026-07-14,NP,NPR,Computers,2160.76,280.9,KHALTI,9,118,4,1,Mobile_Web,0,0
DHAN-ORD-103857,CUST-2348,2026-07-24,NP,NPR,Festive,8058.65,1047.62,KHALTI,3,184,1,1,Mobile_App,0,0
DHAN-ORD-103858,CUST-1617,2026-07-16,IN,INR,Beauty,2352.5,423.45,RAZORPAY,3,64,3,0,Mobile_App,0,0
DHAN-ORD-103859,CUST-1420,2026-08-23,IN,INR,Kitchen,4926.78,886.82,COD,3,242,4,0,Mobile_App,0,0
DHAN-ORD-103860,CUST-2060,2026-08-20,NP,NPR,Electronics,13704.63,1781.6,KHALTI,6,324,4,0,Mobile_App,0,0
DHAN-ORD-103861,CUST-2242,2026-07-29,IN,INR,Electronics,2678.36,482.1,UPI,5,74,5,0,Mobile_App,0,0
DHAN-ORD-103862,CUST-2043,2026-07-15,IN,INR,Electronics,1081.72,194.71,RAZORPAY,1,284,3,0,Mobile_Web,0,0
DHAN-ORD-103863,CUST-1386,2026-07-09,IN,INR,Festive,4645.79,836.24,COD,1,176,5,0,Mobile_App,0,0
DHAN-ORD-103864,CUST-1802,2026-07-04,NP,NPR,Toys,29214.39,3797.87,ESEWA,9,159,4,1,Mobile_Web,0,0
DHAN-ORD-103865,CUST-1605,2026-07-14,IN,INR,Apparel,1110.49,199.89,COD,3,176,5,0,Mobile_App,0,0
DHAN-ORD-103866,CUST-2323,2026-07-16,NP,NPR,Fitness,11813.45,1535.75,COD,5,57,1,0,Mobile_Web,0,0
DHAN-ORD-103867,CUST-1111,2026-08-03,IN,INR,Electronics,884.09,159.14,UPI,2,74,1,0,Mobile_Web,0,0
DHAN-ORD-103868,CUST-1490,2026-08-02,IN,INR,Apparel,5228.49,941.13,UPI,8,344,1,0,Mobile_App,0,0
DHAN-ORD-103869,CUST-2013,2026-07-03,NP,NPR,Beauty,2541.11,330.34,COD,3,141,2,0,Mobile_App,0,0
DHAN-ORD-103870,CUST-1790,2026-07-16,AE,AED,Fitness,150.0,7.5,APPLE_PAY,6,287,1,0,Mobile_App,0,0
DHAN-ORD-103871,CUST-1230,2026-07-07,NP,NPR,Electronics,5037.52,654.88,COD,6,192,3,0,Mobile_Web,0,1
DHAN-ORD-103872,CUST-1493,2026-07-06,IN,INR,Apparel,1000.8,180.14,RAZORPAY,1,27,4,0,Desktop,0,0
DHAN-ORD-103873,CUST-2023,2026-08-22,NP,NPR,Festive,1359.61,176.75,ESEWA,9,90,4,0,Mobile_App,0,0
DHAN-ORD-103874,CUST-2306,2026-07-02,AE,AED,Kitchen,150.0,7.5,APPLE_PAY,6,67,3,0,Mobile_Web,0,0
DHAN-ORD-103875,CUST-2216,2026-07-17,NP,NPR,Computers,810.25,105.33,ESEWA,9,43,2,0,Mobile_App,0,0
DHAN-ORD-103876,CUST-1145,2026-07-06,NP,NPR,Beauty,1496.14,194.5,ESEWA,2,110,2,0,Mobile_App,0,0
DHAN-ORD-103877,CUST-2081,2026-09-02,NP,NPR,Kitchen,2449.61,318.45,KHALTI,1,38,4,1,Desktop,1,0
DHAN-ORD-103878,CUST-1024,2026-07-25,NP,NPR,Apparel,597.15,77.63,KHALTI,3,77,5,1,Mobile_App,0,0
DHAN-ORD-103879,CUST-1739,2026-07-08,NP,NPR,Books,3772.04,490.37,KHALTI,1,52,4,2,Mobile_App,0,0
DHAN-ORD-103880,CUST-1648,2026-07-21,IN,INR,Beauty,5571.87,1002.94,COD,9,269,5,0,Mobile_Web,0,0
DHAN-ORD-103881,CUST-1270,2026-08-09,NP,NPR,Beauty,42722.62,5553.94,ESEWA,8,100,3,1,Mobile_App,0,0
DHAN-ORD-103882,CUST-1792,2026-07-06,NP,NPR,Apparel,2703.34,351.43,ESEWA,3,36,2,0,Desktop,0,0
DHAN-ORD-103883,CUST-2164,2026-07-08,NP,NPR,Computers,576.99,75.01,ESEWA,9,54,1,0,Mobile_App,0,0
DHAN-ORD-103884,CUST-1861,2026-09-04,IN,INR,Electronics,5373.31,967.2,UPI,9,54,4,1,Mobile_App,1,0
DHAN-ORD-103885,CUST-1748,2026-09-20,IN,INR,Festive,1456.08,262.09,COD,7,178,5,0,Mobile_Web,1,1
DHAN-ORD-103886,CUST-2118,2026-09-13,IN,INR,Apparel,1426.81,256.83,CARD,4,155,1,0,Mobile_App,1,0
DHAN-ORD-103887,CUST-2398,2026-07-31,IN,INR,Computers,1104.02,198.72,UPI,6,126,4,0,Mobile_App,0,0
DHAN-ORD-103888,CUST-1353,2026-07-30,NP,NPR,Electronics,7348.33,955.28,KHALTI,4,30,1,0,Mobile_App,0,0
DHAN-ORD-103889,CUST-1964,2026-07-16,NP,NPR,Apparel,3987.47,518.37,COD,9,78,2,0,Mobile_App,0,0
DHAN-ORD-103890,CUST-1149,2026-08-11,NP,NPR,Toys,6243.71,811.68,KHALTI,6,111,1,0,Mobile_App,0,0
DHAN-ORD-103891,CUST-1034,2026-07-23,IN,INR,Festive,2551.45,459.26,UPI,4,110,6,0,Mobile_Web,0,0
DHAN-ORD-103892,CUST-2202,2026-08-03,AE,AED,Electronics,150.0,7.5,CARD,6,70,5,1,Mobile_Web,0,0
DHAN-ORD-103893,CUST-1138,2026-07-17,NP,NPR,Festive,4843.47,629.65,COD,1,225,4,1,Mobile_App,0,0
DHAN-ORD-103894,CUST-1028,2026-08-09,NP,NPR,Apparel,1578.75,205.24,ESEWA,3,256,3,1,Mobile_App,0,0
DHAN-ORD-103895,CUST-1536,2026-08-22,NP,NPR,Apparel,1459.91,189.79,KHALTI,1,53,3,1,Mobile_App,0,0
DHAN-ORD-103896,CUST-1441,2026-07-05,NP,NPR,Apparel,3220.11,418.61,KHALTI,7,40,2,0,Mobile_App,0,0
DHAN-ORD-103897,CUST-1081,2026-08-23,IN,INR,Computers,674.41,121.39,UPI,8,35,2,0,Desktop,0,0
DHAN-ORD-103898,CUST-1123,2026-07-24,NP,NPR,Books,10599.31,1377.91,ESEWA,6,152,5,0,Mobile_Web,0,0
DHAN-ORD-103899,CUST-1815,2026-08-25,AE,AED,Computers,290.54,14.53,CARD,2,143,4,0,Mobile_Web,0,0
DHAN-ORD-103900,CUST-2037,2026-07-17,NP,NPR,Electronics,12011.39,1561.48,CONNECT_IPS,5,161,3,1,Mobile_App,0,1
DHAN-ORD-103901,CUST-1586,2026-07-15,AE,AED,Fitness,399.7,19.98,APPLE_PAY,3,19,5,0,Desktop,0,0
DHAN-ORD-103902,CUST-2287,2026-09-12,IN,INR,Apparel,2152.96,387.53,UPI,1,33,8,0,Mobile_Web,1,0
DHAN-ORD-103903,CUST-2459,2026-07-09,IN,INR,Festive,1404.34,252.78,RAZORPAY,9,125,1,0,Desktop,0,0
DHAN-ORD-103904,CUST-2026,2026-08-25,IN,INR,Beauty,469.46,84.5,UPI,1,36,1,0,Mobile_App,0,0
DHAN-ORD-103905,CUST-1850,2026-07-20,IN,INR,Kitchen,336.83,60.63,COD,3,209,4,0,Mobile_App,0,0
DHAN-ORD-103906,CUST-1867,2026-07-22,IN,INR,Festive,1152.77,207.5,COD,9,64,2,0,Desktop,0,0
DHAN-ORD-103907,CUST-2437,2026-07-12,IN,INR,Computers,2759.5,496.71,UPI,5,48,5,0,Mobile_App,0,0
DHAN-ORD-103908,CUST-1823,2026-07-26,IN,INR,Festive,6583.95,1185.11,COD,4,26,4,0,Mobile_App,0,0
DHAN-ORD-103909,CUST-1168,2026-07-12,AE,AED,Electronics,182.86,9.14,CARD,2,59,6,0,Mobile_App,0,0
DHAN-ORD-103910,CUST-2311,2026-07-02,IN,INR,Festive,358.4,64.51,UPI,7,315,6,0,Mobile_App,0,0
DHAN-ORD-103911,CUST-2098,2026-07-10,IN,INR,Computers,1125.9,202.66,RAZORPAY,9,256,4,0,Mobile_App,0,0
DHAN-ORD-103912,CUST-2101,2026-07-01,IN,INR,Apparel,1321.02,237.78,RAZORPAY,7,34,3,0,Mobile_App,0,0
DHAN-ORD-103913,CUST-2261,2026-07-25,NP,NPR,Festive,5350.23,695.53,ESEWA,4,50,5,1,Mobile_Web,0,0
DHAN-ORD-103914,CUST-1312,2026-07-12,NP,NPR,Beauty,1820.98,236.73,COD,2,79,5,1,Mobile_App,0,0
DHAN-ORD-103915,CUST-1568,2026-07-16,NP,NPR,Toys,1323.5,172.06,ESEWA,9,81,4,0,Mobile_App,0,0
DHAN-ORD-103916,CUST-1171,2026-08-09,NP,NPR,Fitness,5631.29,732.07,ESEWA,6,212,1,1,Mobile_App,0,0
DHAN-ORD-103917,CUST-1634,2026-07-13,IN,INR,Toys,1813.87,326.5,UPI,4,66,5,0,Mobile_Web,0,0
DHAN-ORD-103918,CUST-1161,2026-08-03,NP,NPR,Festive,5501.08,715.14,KHALTI,2,72,5,0,Mobile_App,0,0
DHAN-ORD-103919,CUST-2047,2026-08-19,IN,INR,Kitchen,6761.71,1217.11,CARD,2,150,2,0,Mobile_App,0,0
DHAN-ORD-103920,CUST-1416,2026-09-26,NP,NPR,Electronics,12050.89,1566.62,COD,8,99,3,0,Desktop,1,0
DHAN-ORD-103921,CUST-1318,2026-07-16,NP,NPR,Computers,2791.78,362.93,COD,1,47,2,0,Mobile_Web,0,1
DHAN-ORD-103922,CUST-2098,2026-08-15,IN,INR,Electronics,6433.06,1157.95,UPI,7,126,3,0,Mobile_App,0,0
DHAN-ORD-103923,CUST-1669,2026-07-10,IN,INR,Computers,1824.41,328.39,UPI,6,115,2,0,Mobile_App,0,0
DHAN-ORD-103924,CUST-1800,2026-08-19,NP,NPR,Apparel,4980.27,647.44,CONNECT_IPS,3,27,4,0,Mobile_App,0,1
DHAN-ORD-103925,CUST-2201,2026-07-01,IN,INR,Electronics,890.61,160.31,UPI,8,187,3,0,Mobile_App,0,0
DHAN-ORD-103926,CUST-2299,2026-07-28,IN,INR,Computers,2010.58,361.9,UPI,3,21,1,0,Mobile_App,0,0
DHAN-ORD-103927,CUST-2330,2026-08-02,NP,NPR,Computers,1249.2,162.4,KHALTI,7,382,4,1,Mobile_Web,0,0
DHAN-ORD-103928,CUST-2394,2026-08-04,NP,NPR,Festive,5427.21,705.54,ESEWA,9,74,3,1,Mobile_App,0,1
DHAN-ORD-103929,CUST-2317,2026-07-04,AE,AED,Apparel,150.0,7.5,APPLE_PAY,6,17,4,0,Mobile_Web,0,0
DHAN-ORD-103930,CUST-1135,2026-09-22,NP,NPR,Kitchen,10147.23,1319.14,KHALTI,4,47,5,0,Mobile_App,1,0
DHAN-ORD-103931,CUST-1635,2026-07-06,NP,NPR,Festive,16725.76,2174.35,ESEWA,3,34,4,2,Mobile_App,0,1
DHAN-ORD-103932,CUST-2430,2026-07-30,NP,NPR,Computers,1981.82,257.64,ESEWA,1,119,5,1,Desktop,0,0
DHAN-ORD-103933,CUST-1895,2026-07-08,IN,INR,Books,1545.52,278.19,RAZORPAY,6,122,3,0,Mobile_App,0,0
DHAN-ORD-103934,CUST-2494,2026-07-12,IN,INR,Apparel,12039.84,2167.17,RAZORPAY,6,44,3,1,Desktop,0,1
DHAN-ORD-103935,CUST-1488,2026-07-24,IN,INR,Electronics,3455.25,621.94,RAZORPAY,8,227,4,0,Mobile_App,0,1
DHAN-ORD-103936,CUST-1118,2026-07-17,NP,NPR,Apparel,5165.44,671.51,ESEWA,8,16,5,1,Mobile_App,0,0
DHAN-ORD-103937,CUST-1500,2026-07-06,IN,INR,Toys,1970.98,354.78,UPI,8,49,0,0,Mobile_Web,0,1
DHAN-ORD-103938,CUST-1176,2026-07-06,NP,NPR,Kitchen,1379.32,179.31,ESEWA,2,192,6,0,Mobile_App,0,0
DHAN-ORD-103939,CUST-1889,2026-07-17,NP,NPR,Festive,1094.78,142.32,KHALTI,5,154,3,1,Mobile_App,0,0
DHAN-ORD-103940,CUST-1237,2026-08-12,NP,NPR,Electronics,460.25,59.83,ESEWA,1,79,3,0,Mobile_App,0,0
DHAN-ORD-103941,CUST-1928,2026-09-07,NP,NPR,Electronics,4027.84,523.62,ESEWA,4,112,6,1,Mobile_App,1,0
DHAN-ORD-103942,CUST-2253,2026-07-03,IN,INR,Computers,12310.94,2215.97,RAZORPAY,7,114,2,0,Desktop,0,0
DHAN-ORD-103943,CUST-2246,2026-07-15,AE,AED,Electronics,582.83,29.14,APPLE_PAY,6,152,4,0,Mobile_Web,0,0
DHAN-ORD-103944,CUST-1112,2026-07-04,NP,NPR,Electronics,2419.76,314.57,ESEWA,7,107,6,2,Mobile_App,0,0
DHAN-ORD-103945,CUST-1633,2026-07-01,IN,INR,Festive,1865.17,335.73,COD,2,81,4,0,Mobile_Web,0,0
DHAN-ORD-103946,CUST-2364,2026-08-02,IN,INR,Computers,4655.47,837.98,RAZORPAY,2,263,7,1,Mobile_App,0,0
DHAN-ORD-103947,CUST-2347,2026-07-28,AE,AED,Kitchen,184.41,9.22,CARD,4,36,3,0,Mobile_App,0,0
DHAN-ORD-103948,CUST-1359,2026-07-06,NP,NPR,Beauty,4050.26,526.53,ESEWA,9,51,2,0,Mobile_Web,0,0
DHAN-ORD-103949,CUST-1244,2026-07-08,IN,INR,Festive,11304.69,2034.84,RAZORPAY,9,120,3,0,Mobile_App,0,0
DHAN-ORD-103950,CUST-1025,2026-07-01,NP,NPR,Books,15399.76,2001.97,KHALTI,9,43,1,0,Mobile_App,0,0
DHAN-ORD-103951,CUST-2449,2026-08-24,IN,INR,Toys,1532.92,275.93,COD,2,68,0,0,Mobile_Web,0,0
DHAN-ORD-103952,CUST-1281,2026-07-21,NP,NPR,Books,6151.75,799.73,KHALTI,4,245,3,0,Mobile_App,0,0
DHAN-ORD-103953,CUST-2436,2026-07-05,IN,INR,Fitness,190.77,34.34,UPI,1,29,5,2,Mobile_App,0,0
DHAN-ORD-103954,CUST-1023,2026-07-08,NP,NPR,Books,2617.07,340.22,KHALTI,7,129,3,0,Desktop,0,0
DHAN-ORD-103955,CUST-1335,2026-08-30,NP,NPR,Apparel,13791.23,1792.86,COD,3,130,0,0,Desktop,0,1
DHAN-ORD-103956,CUST-2016,2026-09-17,IN,INR,Computers,1806.04,325.09,UPI,6,126,1,0,Mobile_App,1,0
DHAN-ORD-103957,CUST-1710,2026-07-17,IN,INR,Kitchen,534.84,96.27,RAZORPAY,3,127,1,0,Desktop,0,0
DHAN-ORD-103958,CUST-2071,2026-07-02,IN,INR,Apparel,7709.07,1387.63,COD,5,133,7,1,Mobile_App,0,0
DHAN-ORD-103959,CUST-2059,2026-07-02,IN,INR,Kitchen,3387.54,609.76,UPI,3,62,3,1,Mobile_App,0,0
DHAN-ORD-103960,CUST-2476,2026-07-26,NP,NPR,Electronics,2907.87,378.02,ESEWA,9,183,2,0,Mobile_App,0,0
DHAN-ORD-103961,CUST-1530,2026-07-15,NP,NPR,Apparel,3705.29,481.69,KHALTI,6,153,2,0,Mobile_Web,0,0
DHAN-ORD-103962,CUST-1341,2026-07-01,NP,NPR,Festive,585.1,76.06,ESEWA,9,147,1,0,Mobile_Web,0,0
DHAN-ORD-103963,CUST-1761,2026-07-27,NP,NPR,Computers,4997.8,649.71,COD,2,40,1,0,Mobile_App,0,0
DHAN-ORD-103964,CUST-1259,2026-07-01,IN,INR,Toys,1692.2,304.6,RAZORPAY,9,56,3,0,Mobile_App,0,0
DHAN-ORD-103965,CUST-1550,2026-08-16,IN,INR,Toys,8938.02,1608.84,CARD,1,174,3,0,Mobile_App,0,0
DHAN-ORD-103966,CUST-1241,2026-07-11,IN,INR,Books,2631.84,473.73,COD,3,71,2,0,Mobile_App,0,0
DHAN-ORD-103967,CUST-1060,2026-07-02,IN,INR,Festive,4267.28,768.11,RAZORPAY,1,92,6,0,Mobile_App,0,0
DHAN-ORD-103968,CUST-1686,2026-07-27,IN,INR,Toys,4182.97,752.93,UPI,6,41,4,0,Mobile_App,0,0
DHAN-ORD-103969,CUST-1879,2026-07-16,NP,NPR,Beauty,690.32,89.74,ESEWA,6,251,3,0,Desktop,0,0
DHAN-ORD-103970,CUST-1557,2026-07-20,NP,NPR,Electronics,1992.74,259.06,ESEWA,3,298,6,0,Mobile_Web,0,0
DHAN-ORD-103971,CUST-2072,2026-07-24,IN,INR,Beauty,6797.78,1223.6,UPI,2,119,5,0,Mobile_App,0,1
DHAN-ORD-103972,CUST-1130,2026-07-10,NP,NPR,Toys,3929.1,510.78,KHALTI,5,65,1,0,Mobile_Web,0,0
DHAN-ORD-103973,CUST-1538,2026-08-07,NP,NPR,Festive,5368.29,697.88,COD,4,214,2,0,Mobile_App,0,1
DHAN-ORD-103974,CUST-2458,2026-07-10,NP,NPR,Fitness,34403.36,4472.44,ESEWA,5,8,6,3,Mobile_App,0,1
DHAN-ORD-103975,CUST-2180,2026-09-09,IN,INR,Electronics,152.2,27.4,RAZORPAY,8,310,5,0,Mobile_App,1,0
DHAN-ORD-103976,CUST-2285,2026-07-15,NP,NPR,Apparel,1819.48,236.53,KHALTI,1,186,5,1,Mobile_App,0,0
DHAN-ORD-103977,CUST-1157,2026-07-24,IN,INR,Kitchen,520.4,93.67,UPI,7,277,7,0,Mobile_App,0,0
DHAN-ORD-103978,CUST-2016,2026-07-02,IN,INR,Computers,2195.73,395.23,RAZORPAY,8,7,4,0,Mobile_Web,0,0
DHAN-ORD-103979,CUST-1932,2026-07-17,NP,NPR,Electronics,814.17,105.84,COD,4,93,7,1,Mobile_App,0,1
DHAN-ORD-103980,CUST-2046,2026-08-23,IN,INR,Computers,3602.81,648.51,RAZORPAY,2,39,5,0,Mobile_App,0,0
DHAN-ORD-103981,CUST-1737,2026-08-19,IN,INR,Festive,2173.71,391.27,UPI,4,105,3,1,Mobile_App,0,1
DHAN-ORD-103982,CUST-1113,2026-07-08,IN,INR,Electronics,3418.32,615.3,UPI,7,74,1,0,Mobile_Web,0,0
DHAN-ORD-103983,CUST-2023,2026-07-08,IN,INR,Electronics,4728.39,851.11,UPI,3,236,3,0,Mobile_App,0,0
DHAN-ORD-103984,CUST-2160,2026-08-20,NP,NPR,Books,386.42,50.23,KHALTI,8,187,2,0,Mobile_Web,0,0
DHAN-ORD-103985,CUST-1341,2026-09-18,IN,INR,Kitchen,1646.78,296.42,UPI,8,158,5,0,Desktop,1,1
DHAN-ORD-103986,CUST-1753,2026-07-04,NP,NPR,Computers,1565.64,203.53,ESEWA,8,91,2,0,Mobile_App,0,1
DHAN-ORD-103987,CUST-1322,2026-07-18,AE,AED,Electronics,150.0,7.5,CARD,6,45,4,0,Desktop,0,0
DHAN-ORD-103988,CUST-1522,2026-07-13,IN,INR,Computers,12629.99,2273.4,COD,2,258,3,0,Mobile_App,0,0
DHAN-ORD-103989,CUST-1210,2026-08-31,IN,INR,Computers,3186.62,573.59,UPI,9,31,2,0,Mobile_App,0,0
DHAN-ORD-103990,CUST-2175,2026-07-03,NP,NPR,Computers,3541.42,460.38,ESEWA,4,203,3,0,Mobile_Web,0,1
DHAN-ORD-103991,CUST-2380,2026-07-08,NP,NPR,Apparel,5917.85,769.32,KHALTI,4,79,5,0,Mobile_Web,0,1
DHAN-ORD-103992,CUST-2480,2026-08-11,NP,NPR,Electronics,799.95,103.99,COD,7,113,3,0,Mobile_App,0,0
DHAN-ORD-103993,CUST-1236,2026-07-02,NP,NPR,Kitchen,4347.77,565.21,COD,9,107,2,0,Mobile_App,0,0
DHAN-ORD-103994,CUST-1467,2026-07-21,NP,NPR,Festive,752.54,97.83,ESEWA,5,22,7,1,Desktop,0,0
DHAN-ORD-103995,CUST-2042,2026-07-18,NP,NPR,Kitchen,3327.8,432.61,ESEWA,6,112,3,0,Mobile_App,0,0
DHAN-ORD-103996,CUST-1005,2026-07-13,NP,NPR,Festive,651.85,84.74,KHALTI,3,270,2,0,Mobile_App,0,0
DHAN-ORD-103997,CUST-1090,2026-07-16,AE,AED,Beauty,150.0,7.5,APPLE_PAY,6,287,0,0,Mobile_App,0,0
DHAN-ORD-103998,CUST-1025,2026-07-23,NP,NPR,Kitchen,1828.38,237.69,CONNECT_IPS,1,132,1,0,Mobile_App,0,0
DHAN-ORD-103999,CUST-1500,2026-07-06,AE,AED,Toys,150.0,7.5,COD,6,146,3,1,Mobile_App,0,1
DHAN-ORD-104000,CUST-1094,2026-07-26,AE,AED,Computers,156.98,7.85,CARD,3,163,5,0,Desktop,0,0
DHAN-ORD-104001,CUST-1966,2026-08-19,NP,NPR,Computers,8275.71,1075.84,COD,4,120,3,0,Desktop,0,1
DHAN-ORD-104002,CUST-1745,2026-08-12,IN,INR,Apparel,1048.88,188.8,UPI,4,99,4,0,Mobile_App,0,0
DHAN-ORD-104003,CUST-1784,2026-07-06,NP,NPR,Beauty,265.69,34.54,ESEWA,4,170,3,1,Mobile_App,0,0
DHAN-ORD-104004,CUST-1307,2026-07-05,IN,INR,Fitness,9176.29,1651.73,RAZORPAY,5,119,3,1,Mobile_App,0,0
DHAN-ORD-104005,CUST-1366,2026-07-10,NP,NPR,Festive,10445.25,1357.88,KHALTI,5,591,3,0,Mobile_Web,0,0
DHAN-ORD-104006,CUST-1072,2026-07-14,NP,NPR,Kitchen,2676.17,347.9,COD,3,137,4,0,Desktop,0,0
DHAN-ORD-104007,CUST-2132,2026-07-16,IN,INR,Apparel,5750.47,1035.08,UPI,8,174,4,1,Mobile_App,0,1
DHAN-ORD-104008,CUST-2462,2026-08-04,NP,NPR,Beauty,7550.4,981.55,COD,8,112,4,1,Mobile_App,0,1
DHAN-ORD-104009,CUST-2342,2026-07-02,IN,INR,Books,973.77,175.28,COD,1,83,2,0,Mobile_App,0,1
DHAN-ORD-104010,CUST-1858,2026-07-02,NP,NPR,Festive,1931.86,251.14,KHALTI,5,109,6,0,Mobile_App,0,0
DHAN-ORD-104011,CUST-1459,2026-07-15,NP,NPR,Festive,14073.86,1829.6,ESEWA,6,43,6,0,Mobile_App,0,0
DHAN-ORD-104012,CUST-1659,2026-08-05,NP,NPR,Electronics,9891.4,1285.88,KHALTI,9,263,5,0,Mobile_Web,0,0
DHAN-ORD-104013,CUST-1508,2026-07-07,NP,NPR,Fitness,470.37,61.15,CONNECT_IPS,2,176,4,0,Mobile_App,0,0
DHAN-ORD-104014,CUST-1852,2026-07-31,NP,NPR,Electronics,5238.94,681.06,KHALTI,9,239,4,1,Mobile_Web,0,0
DHAN-ORD-104015,CUST-2475,2026-07-10,NP,NPR,Electronics,2445.51,317.92,ESEWA,6,122,0,0,Mobile_App,0,0
DHAN-ORD-104016,CUST-1655,2026-09-04,NP,NPR,Books,1199.94,155.99,KHALTI,2,169,0,0,Mobile_Web,1,0
DHAN-ORD-104017,CUST-1555,2026-09-06,IN,INR,Computers,237.17,42.69,UPI,3,48,4,0,Mobile_Web,1,0
DHAN-ORD-104018,CUST-1159,2026-07-11,NP,NPR,Books,10049.05,1306.38,CONNECT_IPS,5,142,6,0,Mobile_Web,0,0
DHAN-ORD-104019,CUST-2170,2026-07-08,IN,INR,Computers,1623.73,292.27,CARD,3,103,1,0,Mobile_App,0,0
DHAN-ORD-104020,CUST-1763,2026-07-16,NP,NPR,Fitness,4853.82,631.0,COD,2,11,8,0,Mobile_App,0,1
DHAN-ORD-104021,CUST-1244,2026-07-09,IN,INR,Electronics,3029.53,545.32,RAZORPAY,5,168,2,0,Mobile_App,0,0
DHAN-ORD-104022,CUST-2028,2026-08-03,NP,NPR,Kitchen,12081.38,1570.58,ESEWA,3,67,2,0,Mobile_Web,0,0
DHAN-ORD-104023,CUST-2378,2026-08-22,NP,NPR,Electronics,35470.77,4611.2,COD,1,174,6,0,Desktop,0,0
DHAN-ORD-104024,CUST-1107,2026-08-03,NP,NPR,Apparel,7001.11,910.14,ESEWA,8,396,3,0,Mobile_Web,0,0
DHAN-ORD-104025,CUST-1367,2026-08-22,NP,NPR,Kitchen,4644.96,603.84,KHALTI,9,121,4,0,Mobile_Web,0,0
DHAN-ORD-104026,CUST-1457,2026-07-16,IN,INR,Apparel,1117.47,201.14,CARD,1,226,4,0,Mobile_App,0,0
DHAN-ORD-104027,CUST-2056,2026-07-06,NP,NPR,Computers,5775.11,750.76,ESEWA,6,161,1,0,Mobile_App,0,0
DHAN-ORD-104028,CUST-1094,2026-08-10,AE,AED,Computers,409.23,20.46,APPLE_PAY,4,54,3,1,Mobile_App,0,0
DHAN-ORD-104029,CUST-1821,2026-07-14,NP,NPR,Computers,22730.72,2954.99,COD,5,114,4,1,Mobile_Web,0,1
DHAN-ORD-104030,CUST-1141,2026-08-03,NP,NPR,Kitchen,11925.92,1550.37,KHALTI,9,136,3,0,Mobile_App,0,0
DHAN-ORD-104031,CUST-1952,2026-07-10,IN,INR,Fitness,5907.28,1063.31,COD,3,262,0,0,Mobile_Web,0,0
DHAN-ORD-104032,CUST-1578,2026-07-03,NP,NPR,Festive,3804.02,494.52,KHALTI,6,118,3,0,Mobile_App,0,0
DHAN-ORD-104033,CUST-1636,2026-08-27,IN,INR,Electronics,3001.86,540.33,RAZORPAY,4,80,6,3,Mobile_Web,0,1
DHAN-ORD-104034,CUST-1670,2026-07-06,NP,NPR,Apparel,9293.65,1208.17,ESEWA,5,29,4,0,Desktop,0,0
DHAN-ORD-104035,CUST-1176,2026-08-13,IN,INR,Toys,4354.49,783.81,RAZORPAY,7,101,4,1,Desktop,0,0
DHAN-ORD-104036,CUST-2132,2026-07-24,NP,NPR,Electronics,1674.91,217.74,KHALTI,9,140,4,0,Mobile_Web,0,0
DHAN-ORD-104037,CUST-1935,2026-08-17,IN,INR,Kitchen,4821.74,867.91,UPI,6,59,8,1,Mobile_App,0,0
DHAN-ORD-104038,CUST-1016,2026-08-02,IN,INR,Beauty,2478.58,446.14,RAZORPAY,3,176,6,1,Mobile_App,0,0
DHAN-ORD-104039,CUST-1755,2026-07-26,NP,NPR,Computers,11256.84,1463.39,ESEWA,6,182,1,0,Mobile_App,0,0
DHAN-ORD-104040,CUST-1410,2026-08-30,NP,NPR,Computers,4169.57,542.04,COD,2,103,3,0,Mobile_App,0,1
DHAN-ORD-104041,CUST-1597,2026-07-11,NP,NPR,Electronics,2781.55,361.6,KHALTI,9,127,2,0,Mobile_App,0,1
DHAN-ORD-104042,CUST-2154,2026-07-19,AE,AED,Apparel,150.0,7.5,CARD,6,50,5,0,Mobile_App,0,0
DHAN-ORD-104043,CUST-1622,2026-07-29,NP,NPR,Computers,5142.87,668.57,ESEWA,3,79,3,0,Desktop,0,1
DHAN-ORD-104044,CUST-2275,2026-07-16,NP,NPR,Electronics,605.32,78.69,ESEWA,2,51,2,0,Mobile_App,0,0
DHAN-ORD-104045,CUST-1496,2026-07-17,NP,NPR,Kitchen,7713.93,1002.81,ESEWA,9,148,4,0,Mobile_App,0,0
DHAN-ORD-104046,CUST-1950,2026-07-13,NP,NPR,Computers,10895.28,1416.39,KHALTI,5,33,4,0,Desktop,0,0
DHAN-ORD-104047,CUST-1754,2026-07-25,IN,INR,Electronics,9198.89,1655.8,RAZORPAY,9,248,4,0,Mobile_Web,0,0
DHAN-ORD-104048,CUST-2211,2026-08-27,AE,AED,Festive,558.9,27.95,APPLE_PAY,9,16,3,0,Mobile_App,0,0
DHAN-ORD-104049,CUST-2010,2026-07-07,NP,NPR,Computers,33221.45,4318.79,COD,2,68,1,0,Mobile_Web,0,0
DHAN-ORD-104050,CUST-1400,2026-09-20,IN,INR,Apparel,775.46,139.58,UPI,1,161,4,0,Mobile_App,1,0
DHAN-ORD-104051,CUST-2500,2026-08-05,NP,NPR,Kitchen,11384.51,1479.99,ESEWA,8,176,7,2,Mobile_Web,0,0
DHAN-ORD-104052,CUST-2119,2026-08-21,NP,NPR,Apparel,4171.72,542.32,COD,4,220,5,0,Mobile_Web,0,0
DHAN-ORD-104053,CUST-1502,2026-07-25,NP,NPR,Apparel,7111.65,924.51,COD,1,117,2,0,Mobile_App,0,1
DHAN-ORD-104054,CUST-1308,2026-08-15,IN,INR,Electronics,832.48,149.85,RAZORPAY,4,69,2,0,Mobile_Web,0,0
DHAN-ORD-104055,CUST-1013,2026-07-01,AE,AED,Festive,237.36,11.87,CARD,3,300,5,2,Mobile_Web,0,0
DHAN-ORD-104056,CUST-1839,2026-08-21,IN,INR,Beauty,2167.68,390.18,UPI,7,70,2,0,Mobile_App,0,0
DHAN-ORD-104057,CUST-1048,2026-07-02,NP,NPR,Festive,1308.26,170.07,CONNECT_IPS,3,105,3,0,Mobile_Web,0,0
DHAN-ORD-104058,CUST-1477,2026-09-05,NP,NPR,Kitchen,863.65,112.27,KHALTI,8,155,3,0,Mobile_App,1,1
DHAN-ORD-104059,CUST-2109,2026-08-24,NP,NPR,Books,1237.99,160.94,ESEWA,4,114,2,1,Mobile_Web,0,0
DHAN-ORD-104060,CUST-1709,2026-07-11,AE,AED,Fitness,1264.13,63.21,CARD,4,62,4,1,Mobile_Web,0,0
DHAN-ORD-104061,CUST-2302,2026-07-08,IN,INR,Books,743.55,133.84,RAZORPAY,5,141,2,0,Desktop,0,0
DHAN-ORD-104062,CUST-2420,2026-08-13,IN,INR,Beauty,2255.68,406.02,RAZORPAY,5,129,5,0,Mobile_App,0,0
DHAN-ORD-104063,CUST-1019,2026-07-09,NP,NPR,Beauty,8893.12,1156.11,ESEWA,1,125,4,0,Mobile_App,0,0
DHAN-ORD-104064,CUST-1686,2026-08-30,NP,NPR,Toys,32083.26,4170.82,COD,7,82,5,0,Mobile_App,0,0
DHAN-ORD-104065,CUST-1002,2026-07-04,NP,NPR,Festive,387.25,50.34,KHALTI,9,92,0,0,Mobile_App,0,0
DHAN-ORD-104066,CUST-2346,2026-07-05,NP,NPR,Books,7099.44,922.93,COD,7,109,3,1,Mobile_App,0,0
DHAN-ORD-104067,CUST-1770,2026-07-27,NP,NPR,Electronics,6048.79,786.34,COD,9,357,5,1,Mobile_Web,0,1
DHAN-ORD-104068,CUST-2489,2026-08-03,NP,NPR,Fitness,4773.43,620.55,ESEWA,3,55,5,0,Desktop,0,0
DHAN-ORD-104069,CUST-1629,2026-08-26,NP,NPR,Electronics,1902.95,247.38,KHALTI,3,90,1,0,Mobile_App,0,0
DHAN-ORD-104070,CUST-1212,2026-07-12,IN,INR,Beauty,1748.76,314.78,COD,2,120,5,0,Mobile_Web,0,0
DHAN-ORD-104071,CUST-1420,2026-08-03,IN,INR,Electronics,831.95,149.75,COD,3,18,6,0,Mobile_App,0,0
DHAN-ORD-104072,CUST-2085,2026-07-28,NP,NPR,Kitchen,5908.46,768.1,KHALTI,4,173,1,0,Mobile_App,0,0
DHAN-ORD-104073,CUST-1487,2026-07-28,NP,NPR,Festive,5598.47,727.8,COD,9,138,4,1,Mobile_Web,0,1
DHAN-ORD-104074,CUST-1859,2026-08-04,NP,NPR,Computers,2844.52,369.79,ESEWA,9,117,5,1,Mobile_App,0,0
DHAN-ORD-104075,CUST-2007,2026-07-26,IN,INR,Apparel,2573.2,463.18,UPI,8,122,3,0,Mobile_Web,0,0
DHAN-ORD-104076,CUST-1122,2026-07-17,IN,INR,Apparel,5529.38,995.29,UPI,3,314,2,0,Desktop,0,0
DHAN-ORD-104077,CUST-1291,2026-07-10,IN,INR,Computers,3454.96,621.89,COD,7,113,6,0,Mobile_App,0,1
DHAN-ORD-104078,CUST-2457,2026-08-13,IN,INR,Electronics,893.76,160.88,RAZORPAY,2,117,4,0,Desktop,0,0
DHAN-ORD-104079,CUST-1573,2026-07-08,NP,NPR,Apparel,4920.09,639.61,ESEWA,6,119,5,0,Desktop,0,0
DHAN-ORD-104080,CUST-1190,2026-08-05,NP,NPR,Electronics,1381.54,179.6,ESEWA,4,84,3,0,Mobile_App,0,0
DHAN-ORD-104081,CUST-1089,2026-07-08,NP,NPR,Fitness,34037.06,4424.82,ESEWA,8,73,2,0,Mobile_App,0,0
DHAN-ORD-104082,CUST-1474,2026-07-30,NP,NPR,Books,11845.9,1539.97,KHALTI,1,156,6,1,Mobile_Web,0,0
DHAN-ORD-104083,CUST-2064,2026-08-11,IN,INR,Electronics,8383.04,1508.95,UPI,4,74,3,1,Mobile_App,0,0
DHAN-ORD-104084,CUST-1845,2026-07-08,NP,NPR,Electronics,24267.41,3154.76,COD,3,233,10,0,Mobile_App,0,1
DHAN-ORD-104085,CUST-2435,2026-07-02,NP,NPR,Beauty,6877.34,894.05,COD,1,133,2,0,Mobile_App,0,0
DHAN-ORD-104086,CUST-1762,2026-07-05,NP,NPR,Toys,2525.84,328.36,COD,5,238,2,0,Mobile_App,0,1
DHAN-ORD-104087,CUST-1938,2026-07-28,AE,AED,Electronics,150.0,7.5,APPLE_PAY,6,430,4,1,Mobile_Web,0,0
DHAN-ORD-104088,CUST-1173,2026-08-26,NP,NPR,Computers,11875.72,1543.84,COD,4,107,3,0,Mobile_Web,0,0
DHAN-ORD-104089,CUST-2189,2026-07-02,IN,INR,Beauty,4492.01,808.56,UPI,1,212,0,0,Mobile_App,0,0
DHAN-ORD-104090,CUST-1195,2026-08-09,NP,NPR,Books,8319.38,1081.52,KHALTI,3,106,4,0,Mobile_App,0,0
DHAN-ORD-104091,CUST-2035,2026-07-13,NP,NPR,Kitchen,4163.8,541.29,COD,5,91,4,0,Mobile_App,0,0
DHAN-ORD-104092,CUST-1273,2026-07-20,NP,NPR,Kitchen,4414.57,573.89,COD,4,124,0,0,Mobile_App,0,0
DHAN-ORD-104093,CUST-2305,2026-09-18,IN,INR,Books,3277.86,590.01,RAZORPAY,1,139,4,0,Mobile_App,1,0
DHAN-ORD-104094,CUST-1807,2026-07-13,NP,NPR,Apparel,2497.85,324.72,ESEWA,4,228,7,1,Mobile_App,0,0
DHAN-ORD-104095,CUST-1153,2026-07-19,IN,INR,Toys,4789.63,862.13,RAZORPAY,1,57,5,0,Mobile_Web,0,0
DHAN-ORD-104096,CUST-2212,2026-07-01,NP,NPR,Apparel,11656.04,1515.29,ESEWA,1,146,4,1,Mobile_App,0,0
DHAN-ORD-104097,CUST-2162,2026-07-03,NP,NPR,Books,11046.72,1436.07,KHALTI,3,252,7,1,Mobile_App,0,0
DHAN-ORD-104098,CUST-1127,2026-07-09,AE,AED,Apparel,371.51,18.58,APPLE_PAY,2,53,2,0,Mobile_App,0,0
DHAN-ORD-104099,CUST-1890,2026-07-01,NP,NPR,Festive,23128.02,3006.64,ESEWA,7,53,4,0,Mobile_App,0,0
DHAN-ORD-104100,CUST-2356,2026-07-30,IN,INR,Apparel,13739.38,2473.09,COD,5,10,7,1,Mobile_Web,0,0
DHAN-ORD-104101,CUST-1267,2026-07-17,IN,INR,Toys,3490.04,628.21,COD,7,107,5,0,Desktop,0,1
DHAN-ORD-104102,CUST-1484,2026-07-24,NP,NPR,Electronics,4161.44,540.99,ESEWA,3,47,3,0,Desktop,0,0
DHAN-ORD-104103,CUST-1597,2026-07-06,IN,INR,Electronics,8293.09,1492.76,UPI,4,83,6,0,Mobile_App,0,0
DHAN-ORD-104104,CUST-1534,2026-07-11,NP,NPR,Fitness,3539.24,460.1,CONNECT_IPS,2,97,6,0,Mobile_Web,0,0
DHAN-ORD-104105,CUST-1645,2026-08-02,NP,NPR,Electronics,2131.49,277.09,KHALTI,7,162,4,1,Mobile_App,0,0
DHAN-ORD-104106,CUST-1804,2026-07-11,NP,NPR,Apparel,408.14,53.06,ESEWA,3,37,4,1,Mobile_App,0,0
DHAN-ORD-104107,CUST-2435,2026-07-02,IN,INR,Electronics,2827.44,508.94,UPI,1,24,3,0,Mobile_App,0,0
DHAN-ORD-104108,CUST-1668,2026-09-05,NP,NPR,Fitness,1420.41,184.65,ESEWA,7,96,3,0,Desktop,1,0
DHAN-ORD-104109,CUST-1651,2026-07-26,IN,INR,Computers,541.77,97.52,UPI,1,20,3,0,Mobile_Web,0,0
DHAN-ORD-104110,CUST-1927,2026-07-25,AE,AED,Festive,150.0,7.5,CARD,6,41,4,0,Desktop,0,0
DHAN-ORD-104111,CUST-1556,2026-07-21,NP,NPR,Apparel,437.87,56.92,ESEWA,5,60,3,1,Desktop,0,0
DHAN-ORD-104112,CUST-1478,2026-07-03,NP,NPR,Electronics,2245.97,291.98,KHALTI,4,80,3,1,Mobile_Web,0,1
DHAN-ORD-104113,CUST-1152,2026-07-03,NP,NPR,Beauty,2847.62,370.19,ESEWA,3,199,1,1,Mobile_Web,0,0
DHAN-ORD-104114,CUST-1415,2026-07-28,NP,NPR,Electronics,1596.84,207.59,KHALTI,3,109,1,0,Mobile_App,0,0
DHAN-ORD-104115,CUST-1278,2026-07-13,NP,NPR,Electronics,24050.98,3126.63,COD,2,109,1,0,Mobile_App,0,0
DHAN-ORD-104116,CUST-2197,2026-09-13,IN,INR,Kitchen,1138.69,204.96,COD,4,91,2,1,Mobile_App,1,0
DHAN-ORD-104117,CUST-1223,2026-07-16,AE,AED,Computers,150.0,7.5,CARD,6,32,2,0,Mobile_App,0,0
DHAN-ORD-104118,CUST-1318,2026-07-05,AE,AED,Books,183.52,9.18,CARD,3,64,7,0,Mobile_App,0,0
DHAN-ORD-104119,CUST-1216,2026-08-07,IN,INR,Computers,1915.78,344.84,COD,7,9,3,0,Mobile_App,0,0
DHAN-ORD-104120,CUST-1336,2026-07-11,IN,INR,Apparel,510.68,91.92,COD,6,156,6,0,Mobile_App,0,0
DHAN-ORD-104121,CUST-1920,2026-07-23,NP,NPR,Kitchen,2342.09,304.47,ESEWA,2,15,4,0,Mobile_App,0,0
DHAN-ORD-104122,CUST-1954,2026-08-05,IN,INR,Apparel,602.18,108.39,CARD,8,201,4,0,Mobile_App,0,0
DHAN-ORD-104123,CUST-1643,2026-09-08,IN,INR,Kitchen,4449.67,800.94,COD,3,122,5,0,Mobile_App,1,1
DHAN-ORD-104124,CUST-1832,2026-08-17,NP,NPR,Apparel,4956.46,644.34,KHALTI,6,90,2,1,Mobile_App,0,1
DHAN-ORD-104125,CUST-1247,2026-08-03,AE,AED,Toys,150.0,7.5,CARD,6,17,2,0,Mobile_App,0,0
DHAN-ORD-104126,CUST-2097,2026-08-04,NP,NPR,Apparel,2139.84,278.18,KHALTI,6,198,1,0,Mobile_App,0,0
DHAN-ORD-104127,CUST-1733,2026-09-26,IN,INR,Computers,3517.09,633.08,RAZORPAY,7,57,5,1,Mobile_App,1,0
DHAN-ORD-104128,CUST-1425,2026-07-11,IN,INR,Apparel,2743.48,493.83,UPI,7,41,4,1,Mobile_App,0,0
DHAN-ORD-104129,CUST-1925,2026-07-01,AE,AED,Electronics,150.0,7.5,CARD,6,109,1,1,Mobile_Web,0,1
DHAN-ORD-104130,CUST-1631,2026-07-10,NP,NPR,Computers,7165.06,931.46,KHALTI,1,59,4,0,Mobile_Web,0,0
DHAN-ORD-104131,CUST-1948,2026-07-08,IN,INR,Kitchen,5551.47,999.26,RAZORPAY,7,51,5,0,Mobile_App,0,0
DHAN-ORD-104132,CUST-1542,2026-08-02,NP,NPR,Kitchen,3655.87,475.26,ESEWA,1,43,3,0,Mobile_App,0,0
DHAN-ORD-104133,CUST-1245,2026-07-31,NP,NPR,Beauty,1253.29,162.93,ESEWA,2,221,3,0,Mobile_App,0,0
DHAN-ORD-104134,CUST-1185,2026-07-28,IN,INR,Apparel,5369.79,966.56,UPI,5,130,3,0,Mobile_Web,0,0
DHAN-ORD-104135,CUST-1322,2026-07-01,IN,INR,Electronics,1887.9,339.82,CARD,6,24,1,0,Mobile_App,0,0
DHAN-ORD-104136,CUST-2405,2026-08-09,IN,INR,Electronics,565.21,101.74,RAZORPAY,7,192,3,0,Desktop,0,0
DHAN-ORD-104137,CUST-1623,2026-07-12,NP,NPR,Computers,2752.37,357.81,ESEWA,7,10,5,1,Mobile_App,0,0
DHAN-ORD-104138,CUST-2443,2026-08-02,NP,NPR,Apparel,722.96,93.98,ESEWA,2,225,0,0,Mobile_Web,0,0
DHAN-ORD-104139,CUST-2427,2026-07-25,IN,INR,Apparel,2768.79,498.38,UPI,5,66,0,0,Mobile_App,0,0
DHAN-ORD-104140,CUST-2235,2026-07-13,NP,NPR,Kitchen,1350.42,175.55,COD,9,146,2,0,Mobile_App,0,1
DHAN-ORD-104141,CUST-1082,2026-07-05,NP,NPR,Apparel,2686.79,349.28,KHALTI,4,27,1,0,Mobile_App,0,0
DHAN-ORD-104142,CUST-1440,2026-07-03,AE,AED,Beauty,188.45,9.42,CARD,8,237,4,0,Mobile_App,0,0
DHAN-ORD-104143,CUST-1671,2026-08-23,NP,NPR,Beauty,2091.58,271.91,ESEWA,3,37,4,0,Mobile_Web,0,0
DHAN-ORD-104144,CUST-1303,2026-09-14,IN,INR,Beauty,2056.79,370.22,UPI,4,23,3,0,Mobile_App,1,0
DHAN-ORD-104145,CUST-1186,2026-08-01,NP,NPR,Apparel,29277.22,3806.04,CONNECT_IPS,9,10,3,0,Mobile_App,0,0
DHAN-ORD-104146,CUST-2456,2026-07-04,NP,NPR,Apparel,2327.28,302.55,ESEWA,5,81,6,0,Mobile_App,0,0
DHAN-ORD-104147,CUST-1508,2026-07-16,NP,NPR,Electronics,8377.51,1089.08,ESEWA,7,201,7,1,Mobile_App,0,0
DHAN-ORD-104148,CUST-1728,2026-08-09,NP,NPR,Computers,5627.43,731.57,COD,2,65,5,1,Mobile_App,0,0
DHAN-ORD-104149,CUST-1811,2026-08-15,NP,NPR,Electronics,9596.07,1247.49,COD,2,167,1,0,Mobile_Web,0,1
DHAN-ORD-104150,CUST-2051,2026-07-04,NP,NPR,Apparel,3190.8,414.8,COD,4,82,3,0,Desktop,0,0
DHAN-ORD-104151,CUST-1100,2026-07-01,NP,NPR,Festive,1714.26,222.85,ESEWA,4,44,2,0,Mobile_Web,0,0
DHAN-ORD-104152,CUST-2386,2026-08-07,NP,NPR,Kitchen,861.69,112.02,ESEWA,6,197,3,0,Mobile_Web,0,0
DHAN-ORD-104153,CUST-1612,2026-07-14,NP,NPR,Electronics,2340.77,304.3,KHALTI,9,58,1,0,Mobile_App,0,0
DHAN-ORD-104154,CUST-1532,2026-07-09,NP,NPR,Toys,2237.73,290.9,ESEWA,5,271,3,0,Mobile_App,0,0
DHAN-ORD-104155,CUST-1356,2026-07-01,NP,NPR,Festive,5771.64,750.31,COD,2,62,3,0,Mobile_Web,0,0
DHAN-ORD-104156,CUST-1063,2026-07-24,AE,AED,Festive,188.55,9.43,COD,8,241,2,0,Mobile_App,0,1
DHAN-ORD-104157,CUST-1828,2026-08-27,IN,INR,Apparel,579.43,104.3,UPI,3,260,2,0,Mobile_App,0,0
DHAN-ORD-104158,CUST-1926,2026-07-05,IN,INR,Festive,925.64,166.62,UPI,7,70,5,0,Mobile_Web,0,0
DHAN-ORD-104159,CUST-2138,2026-07-26,NP,NPR,Computers,50855.41,6611.2,KHALTI,5,209,3,0,Mobile_Web,0,0
DHAN-ORD-104160,CUST-2126,2026-07-22,AE,AED,Computers,150.0,7.5,APPLE_PAY,6,88,2,0,Mobile_App,0,0
DHAN-ORD-104161,CUST-1511,2026-07-03,IN,INR,Computers,4274.59,769.43,RAZORPAY,8,41,4,1,Mobile_App,0,0
DHAN-ORD-104162,CUST-1193,2026-07-24,IN,INR,Toys,537.01,96.66,UPI,6,187,2,0,Mobile_App,0,0
DHAN-ORD-104163,CUST-1946,2026-07-15,NP,NPR,Computers,7644.36,993.77,ESEWA,3,50,7,0,Mobile_Web,0,0
DHAN-ORD-104164,CUST-1208,2026-07-29,AE,AED,Beauty,415.04,20.75,APPLE_PAY,1,140,7,1,Mobile_Web,0,0
DHAN-ORD-104165,CUST-1286,2026-07-15,IN,INR,Beauty,5882.7,1058.89,UPI,5,108,5,1,Mobile_App,0,0
DHAN-ORD-104166,CUST-1248,2026-07-09,IN,INR,Electronics,8416.55,1514.98,UPI,1,108,6,2,Mobile_App,0,1
DHAN-ORD-104167,CUST-1024,2026-07-03,NP,NPR,Festive,5212.09,677.57,ESEWA,1,68,2,0,Mobile_App,0,0
DHAN-ORD-104168,CUST-1126,2026-07-12,NP,NPR,Electronics,1915.65,249.03,KHALTI,7,75,4,0,Mobile_App,0,1
DHAN-ORD-104169,CUST-1455,2026-07-04,NP,NPR,Kitchen,9069.48,1179.03,ESEWA,6,113,5,1,Mobile_App,0,0
DHAN-ORD-104170,CUST-1267,2026-07-06,NP,NPR,Fitness,34100.57,4433.07,CONNECT_IPS,8,107,4,0,Mobile_App,0,0
DHAN-ORD-104171,CUST-1405,2026-08-11,IN,INR,Computers,2447.74,440.59,COD,8,121,1,0,Mobile_App,0,0
DHAN-ORD-104172,CUST-1820,2026-07-18,NP,NPR,Apparel,4020.83,522.71,COD,6,148,5,0,Mobile_App,0,1
DHAN-ORD-104173,CUST-1762,2026-07-23,NP,NPR,Fitness,22213.62,2887.77,COD,1,164,1,0,Desktop,0,0
DHAN-ORD-104174,CUST-2405,2026-09-01,NP,NPR,Festive,3710.66,482.39,COD,2,58,3,1,Desktop,1,1
DHAN-ORD-104175,CUST-2290,2026-09-11,NP,NPR,Festive,2227.3,289.55,ESEWA,4,29,5,0,Desktop,1,0
DHAN-ORD-104176,CUST-2320,2026-07-27,NP,NPR,Electronics,909.88,118.28,ESEWA,9,76,2,0,Mobile_Web,0,0
DHAN-ORD-104177,CUST-1172,2026-08-20,IN,INR,Apparel,454.82,81.87,UPI,4,69,3,0,Mobile_App,0,0
DHAN-ORD-104178,CUST-2192,2026-07-12,IN,INR,Computers,2610.66,469.92,COD,9,20,2,1,Mobile_App,0,1
DHAN-ORD-104179,CUST-2200,2026-07-11,NP,NPR,Electronics,11092.17,1441.98,KHALTI,4,202,6,0,Mobile_App,0,1
DHAN-ORD-104180,CUST-1530,2026-07-16,NP,NPR,Computers,9969.02,1295.97,ESEWA,6,88,4,0,Mobile_App,0,0
DHAN-ORD-104181,CUST-1153,2026-08-03,NP,NPR,Electronics,1561.79,203.03,COD,4,157,1,0,Mobile_App,0,0
DHAN-ORD-104182,CUST-1044,2026-08-04,NP,NPR,Festive,7113.21,924.72,COD,3,88,2,0,Mobile_App,0,1
DHAN-ORD-104183,CUST-1132,2026-07-12,IN,INR,Kitchen,1562.63,281.27,RAZORPAY,5,212,6,0,Mobile_App,0,0
DHAN-ORD-104184,CUST-1404,2026-07-05,IN,INR,Apparel,2286.83,411.63,COD,9,87,4,1,Desktop,0,0
DHAN-ORD-104185,CUST-2322,2026-07-31,IN,INR,Kitchen,9980.7,1796.53,RAZORPAY,8,138,1,0,Mobile_App,0,0
DHAN-ORD-104186,CUST-1908,2026-07-05,IN,INR,Beauty,359.74,64.75,UPI,8,115,2,0,Mobile_App,0,0
DHAN-ORD-104187,CUST-1263,2026-07-26,NP,NPR,Books,13058.48,1697.6,COD,8,229,2,0,Mobile_App,0,0
DHAN-ORD-104188,CUST-1188,2026-08-05,AE,AED,Electronics,321.83,16.09,APPLE_PAY,6,29,4,0,Mobile_App,0,0
DHAN-ORD-104189,CUST-1679,2026-08-06,IN,INR,Apparel,2629.06,473.23,CARD,1,104,3,0,Desktop,0,0
DHAN-ORD-104190,CUST-1250,2026-08-12,AE,AED,Kitchen,150.0,7.5,CARD,6,169,4,1,Mobile_Web,0,0
DHAN-ORD-104191,CUST-1087,2026-08-31,NP,NPR,Computers,14041.83,1825.44,COD,1,64,3,1,Mobile_Web,0,1
DHAN-ORD-104192,CUST-1944,2026-07-21,AE,AED,Beauty,150.0,7.5,CARD,6,18,5,0,Mobile_App,0,0
DHAN-ORD-104193,CUST-1103,2026-08-09,IN,INR,Fitness,758.63,136.55,UPI,2,47,5,0,Mobile_Web,0,1
DHAN-ORD-104194,CUST-1344,2026-07-29,IN,INR,Computers,2483.6,447.05,COD,8,101,2,0,Mobile_App,0,0
DHAN-ORD-104195,CUST-2175,2026-07-07,NP,NPR,Computers,28374.56,3688.69,ESEWA,6,89,6,2,Mobile_App,0,0
DHAN-ORD-104196,CUST-1887,2026-07-01,IN,INR,Electronics,1117.32,201.12,RAZORPAY,1,186,3,0,Mobile_App,0,0
DHAN-ORD-104197,CUST-2483,2026-07-11,AE,AED,Toys,150.0,7.5,CARD,6,64,4,0,Mobile_App,0,0
DHAN-ORD-104198,CUST-1808,2026-07-18,IN,INR,Toys,1471.16,264.81,UPI,4,144,4,0,Desktop,0,0
DHAN-ORD-104199,CUST-2016,2026-07-29,IN,INR,Apparel,4905.22,882.94,COD,9,162,3,0,Mobile_Web,0,1
DHAN-ORD-104200,CUST-1060,2026-08-26,AE,AED,Beauty,150.0,7.5,CARD,6,31,4,1,Mobile_App,0,0
DHAN-ORD-104201,CUST-1783,2026-07-07,NP,NPR,Festive,949.72,123.46,KHALTI,4,429,3,0,Mobile_Web,0,0
DHAN-ORD-104202,CUST-2399,2026-07-05,IN,INR,Toys,2483.47,447.02,COD,8,246,7,0,Mobile_Web,0,0
DHAN-ORD-104203,CUST-1873,2026-07-10,NP,NPR,Fitness,9444.85,1227.83,ESEWA,3,151,1,1,Mobile_Web,0,0
DHAN-ORD-104204,CUST-1353,2026-07-04,AE,AED,Fitness,208.12,10.41,APPLE_PAY,1,164,4,0,Mobile_App,0,0
DHAN-ORD-104205,CUST-1724,2026-07-20,NP,NPR,Apparel,30042.04,3905.47,KHALTI,9,181,2,0,Desktop,0,0
DHAN-ORD-104206,CUST-1439,2026-07-27,NP,NPR,Beauty,2579.65,335.35,COD,5,60,6,0,Mobile_Web,0,0
DHAN-ORD-104207,CUST-1383,2026-07-24,IN,INR,Festive,1057.04,190.27,RAZORPAY,4,78,2,0,Desktop,0,0
DHAN-ORD-104208,CUST-1563,2026-07-03,IN,INR,Festive,958.2,172.48,COD,4,117,3,2,Mobile_App,0,1
DHAN-ORD-104209,CUST-1573,2026-07-02,IN,INR,Computers,1662.09,299.18,UPI,6,8,1,1,Mobile_Web,0,0
DHAN-ORD-104210,CUST-1913,2026-07-04,AE,AED,Computers,411.33,20.57,CARD,6,82,5,2,Mobile_App,0,1
DHAN-ORD-104211,CUST-1304,2026-07-27,AE,AED,Books,150.0,7.5,CARD,6,198,3,0,Mobile_App,0,0
DHAN-ORD-104212,CUST-1070,2026-07-24,NP,NPR,Electronics,4941.97,642.46,ESEWA,9,163,5,1,Mobile_App,0,0
DHAN-ORD-104213,CUST-2257,2026-07-08,NP,NPR,Festive,8814.3,1145.86,COD,3,167,5,0,Mobile_App,0,1
DHAN-ORD-104214,CUST-2268,2026-07-31,NP,NPR,Kitchen,1466.02,190.58,COD,8,34,6,1,Mobile_App,0,0
DHAN-ORD-104215,CUST-2263,2026-08-21,NP,NPR,Computers,4295.48,558.41,CONNECT_IPS,2,114,3,1,Mobile_App,0,0
DHAN-ORD-104216,CUST-1503,2026-07-02,NP,NPR,Computers,2813.89,365.81,ESEWA,5,19,4,1,Mobile_Web,0,0
DHAN-ORD-104217,CUST-2325,2026-07-21,AE,AED,Electronics,150.0,7.5,APPLE_PAY,6,31,2,1,Mobile_Web,0,1
DHAN-ORD-104218,CUST-1604,2026-08-05,IN,INR,Electronics,3486.12,627.5,UPI,3,173,2,0,Mobile_App,0,0
DHAN-ORD-104219,CUST-2021,2026-07-09,NP,NPR,Beauty,7223.63,939.07,ESEWA,5,27,2,0,Mobile_App,0,0
DHAN-ORD-104220,CUST-1843,2026-07-12,NP,NPR,Apparel,8132.76,1057.26,KHALTI,5,19,3,2,Mobile_Web,0,0
DHAN-ORD-104221,CUST-2127,2026-07-29,IN,INR,Books,1440.38,259.27,UPI,9,27,4,0,Mobile_App,0,0
DHAN-ORD-104222,CUST-1981,2026-09-07,NP,NPR,Kitchen,508.55,66.11,ESEWA,4,155,4,0,Mobile_App,1,0
DHAN-ORD-104223,CUST-1124,2026-08-19,NP,NPR,Beauty,1715.48,223.01,KHALTI,5,72,4,0,Mobile_App,0,0
DHAN-ORD-104224,CUST-1179,2026-07-27,IN,INR,Beauty,8433.65,1518.06,RAZORPAY,9,219,3,0,Mobile_App,0,0
DHAN-ORD-104225,CUST-1572,2026-08-09,AE,AED,Beauty,474.89,23.74,CARD,6,40,5,1,Mobile_Web,0,0
DHAN-ORD-104226,CUST-1784,2026-07-14,NP,NPR,Beauty,5216.07,678.09,ESEWA,5,67,4,0,Mobile_App,0,0
DHAN-ORD-104227,CUST-1281,2026-07-31,IN,INR,Computers,21973.76,3955.28,COD,4,319,5,1,Desktop,0,0
DHAN-ORD-104228,CUST-1858,2026-07-19,NP,NPR,Computers,4688.15,609.46,KHALTI,8,212,5,0,Mobile_App,0,1
DHAN-ORD-104229,CUST-1408,2026-07-07,IN,INR,Computers,3018.64,543.36,RAZORPAY,3,121,2,1,Mobile_Web,0,1
DHAN-ORD-104230,CUST-2316,2026-08-06,NP,NPR,Computers,6942.09,902.47,ESEWA,3,30,2,1,Mobile_App,0,1
DHAN-ORD-104231,CUST-2076,2026-07-25,NP,NPR,Apparel,8280.21,1076.43,COD,9,228,8,0,Mobile_Web,0,1
DHAN-ORD-104232,CUST-1510,2026-07-14,AE,AED,Electronics,150.0,7.5,CARD,6,67,7,0,Mobile_App,0,0
DHAN-ORD-104233,CUST-2291,2026-09-11,NP,NPR,Festive,1278.5,166.21,COD,9,100,1,0,Mobile_Web,1,1
DHAN-ORD-104234,CUST-2113,2026-07-01,IN,INR,Festive,467.69,84.18,RAZORPAY,8,403,2,0,Mobile_Web,0,0
DHAN-ORD-104235,CUST-1039,2026-07-12,NP,NPR,Books,1785.04,232.06,KHALTI,3,52,5,0,Mobile_Web,0,1
DHAN-ORD-104236,CUST-1783,2026-07-02,NP,NPR,Festive,1388.49,180.5,CONNECT_IPS,2,42,2,1,Mobile_App,0,0
DHAN-ORD-104237,CUST-2460,2026-08-13,NP,NPR,Electronics,3841.49,499.39,ESEWA,7,89,4,0,Mobile_Web,0,0
DHAN-ORD-104238,CUST-1735,2026-08-06,NP,NPR,Beauty,5753.81,748.0,COD,2,157,7,0,Desktop,0,0
DHAN-ORD-104239,CUST-1982,2026-07-13,IN,INR,Electronics,2672.37,481.03,RAZORPAY,8,97,3,0,Mobile_Web,0,0
DHAN-ORD-104240,CUST-2115,2026-08-03,NP,NPR,Fitness,7507.82,976.02,CONNECT_IPS,1,36,2,0,Mobile_Web,0,0
DHAN-ORD-104241,CUST-1992,2026-07-16,IN,INR,Festive,13549.96,2438.99,UPI,4,97,1,0,Mobile_App,0,0
DHAN-ORD-104242,CUST-1704,2026-08-12,IN,INR,Festive,1877.74,337.99,COD,5,44,3,0,Mobile_Web,0,0
DHAN-ORD-104243,CUST-2158,2026-07-19,IN,INR,Kitchen,760.87,136.96,UPI,4,35,3,1,Desktop,0,0
DHAN-ORD-104244,CUST-2028,2026-07-16,NP,NPR,Toys,4172.94,542.48,ESEWA,5,119,4,1,Mobile_App,0,0
DHAN-ORD-104245,CUST-1658,2026-09-20,AE,AED,Computers,150.0,7.5,CARD,6,105,3,0,Mobile_App,1,0
DHAN-ORD-104246,CUST-1795,2026-07-09,NP,NPR,Computers,10231.86,1330.14,COD,7,166,4,0,Mobile_App,0,1
DHAN-ORD-104247,CUST-1553,2026-07-04,NP,NPR,Toys,7082.86,920.77,CONNECT_IPS,8,212,2,0,Mobile_App,0,0
DHAN-ORD-104248,CUST-1368,2026-07-27,NP,NPR,Kitchen,4350.8,565.6,CONNECT_IPS,3,184,4,2,Mobile_App,0,1
DHAN-ORD-104249,CUST-1053,2026-07-15,NP,NPR,Books,4956.5,644.35,KHALTI,6,76,4,0,Mobile_App,0,0
DHAN-ORD-104250,CUST-1653,2026-07-15,NP,NPR,Computers,1154.8,150.12,KHALTI,2,153,1,0,Mobile_App,0,0
DHAN-ORD-104251,CUST-2222,2026-07-02,IN,INR,Festive,919.5,165.51,CARD,1,63,3,0,Mobile_App,0,0
DHAN-ORD-104252,CUST-1448,2026-07-13,NP,NPR,Beauty,1271.89,165.35,COD,2,100,4,2,Mobile_App,0,0
DHAN-ORD-104253,CUST-1060,2026-07-22,NP,NPR,Festive,3801.25,494.16,ESEWA,3,93,5,0,Desktop,0,0
DHAN-ORD-104254,CUST-1575,2026-07-06,IN,INR,Fitness,4190.95,754.37,RAZORPAY,5,112,5,0,Mobile_App,0,0
DHAN-ORD-104255,CUST-1119,2026-08-02,NP,NPR,Festive,739.48,96.13,ESEWA,1,78,6,1,Mobile_App,0,0
DHAN-ORD-104256,CUST-1966,2026-07-03,NP,NPR,Electronics,1837.13,238.83,ESEWA,1,56,4,0,Mobile_Web,0,0
DHAN-ORD-104257,CUST-2084,2026-07-19,NP,NPR,Books,9894.48,1286.28,ESEWA,3,73,4,2,Mobile_App,0,0
DHAN-ORD-104258,CUST-1732,2026-07-14,IN,INR,Electronics,5694.67,1025.04,UPI,6,214,1,0,Mobile_App,0,0
DHAN-ORD-104259,CUST-2196,2026-07-16,NP,NPR,Computers,2761.67,359.02,COD,7,92,2,1,Mobile_Web,0,0
DHAN-ORD-104260,CUST-1476,2026-07-04,NP,NPR,Kitchen,8452.34,1098.8,KHALTI,1,16,4,0,Mobile_App,0,1
DHAN-ORD-104261,CUST-1326,2026-09-03,NP,NPR,Festive,4330.2,562.93,KHALTI,1,343,2,0,Mobile_App,1,1
DHAN-ORD-104262,CUST-1205,2026-07-17,IN,INR,Beauty,1530.64,275.52,RAZORPAY,9,92,4,0,Mobile_App,0,0
DHAN-ORD-104263,CUST-1507,2026-07-15,IN,INR,Festive,3453.01,621.54,UPI,6,135,2,0,Mobile_App,0,1
DHAN-ORD-104264,CUST-2345,2026-08-02,IN,INR,Toys,5257.79,946.4,UPI,1,186,1,0,Mobile_Web,0,0
DHAN-ORD-104265,CUST-1493,2026-07-18,NP,NPR,Electronics,27422.03,3564.86,ESEWA,8,104,4,0,Mobile_Web,0,0
DHAN-ORD-104266,CUST-1545,2026-08-01,NP,NPR,Books,1644.53,213.79,ESEWA,6,110,3,0,Mobile_App,0,0
DHAN-ORD-104267,CUST-2092,2026-07-02,NP,NPR,Computers,27020.92,3512.72,ESEWA,2,179,3,0,Mobile_App,0,0
DHAN-ORD-104268,CUST-1114,2026-08-20,NP,NPR,Festive,386.78,50.28,COD,8,168,4,1,Mobile_Web,0,0
DHAN-ORD-104269,CUST-1449,2026-09-23,NP,NPR,Electronics,965.68,125.54,COD,2,23,1,0,Mobile_App,1,0
DHAN-ORD-104270,CUST-2179,2026-08-01,NP,NPR,Beauty,6246.21,812.01,ESEWA,9,159,8,2,Mobile_Web,0,0
DHAN-ORD-104271,CUST-1795,2026-07-03,NP,NPR,Kitchen,1693.11,220.1,KHALTI,1,68,1,0,Mobile_Web,0,0
DHAN-ORD-104272,CUST-1726,2026-07-05,IN,INR,Electronics,1041.32,187.44,COD,6,74,3,1,Mobile_Web,0,1
DHAN-ORD-104273,CUST-1355,2026-07-20,NP,NPR,Kitchen,2464.22,320.35,ESEWA,7,128,1,1,Mobile_App,0,0
DHAN-ORD-104274,CUST-1360,2026-07-28,IN,INR,Electronics,150.0,27.0,COD,6,221,5,0,Mobile_App,0,0
DHAN-ORD-104275,CUST-1484,2026-07-27,NP,NPR,Electronics,869.14,112.99,ESEWA,5,69,1,1,Desktop,0,0
DHAN-ORD-104276,CUST-2213,2026-07-16,NP,NPR,Electronics,69260.74,9003.9,ESEWA,5,98,4,0,Desktop,0,0
DHAN-ORD-104277,CUST-1651,2026-07-13,NP,NPR,Beauty,8882.92,1154.78,ESEWA,8,263,4,1,Mobile_App,0,0
DHAN-ORD-104278,CUST-2428,2026-07-05,NP,NPR,Fitness,4636.39,602.73,ESEWA,1,19,2,0,Mobile_App,0,0
DHAN-ORD-104279,CUST-1734,2026-07-15,NP,NPR,Apparel,2860.74,371.9,CONNECT_IPS,7,103,4,0,Mobile_App,0,0
DHAN-ORD-104280,CUST-2211,2026-07-06,NP,NPR,Festive,21473.95,2791.61,KHALTI,8,53,5,1,Mobile_App,0,0
DHAN-ORD-104281,CUST-1057,2026-08-09,AE,AED,Apparel,150.0,7.5,CARD,6,209,3,0,Mobile_App,0,0
DHAN-ORD-104282,CUST-2440,2026-07-08,IN,INR,Apparel,2663.19,479.37,UPI,8,160,3,0,Mobile_Web,0,0
DHAN-ORD-104283,CUST-2434,2026-07-02,NP,NPR,Apparel,7524.95,978.24,ESEWA,9,76,6,0,Mobile_Web,0,0
DHAN-ORD-104284,CUST-1720,2026-07-25,IN,INR,Kitchen,4263.86,767.49,RAZORPAY,6,232,3,0,Mobile_App,0,0
DHAN-ORD-104285,CUST-2162,2026-07-28,IN,INR,Apparel,545.14,98.13,CARD,5,154,6,0,Mobile_App,0,0
DHAN-ORD-104286,CUST-2154,2026-08-31,IN,INR,Computers,3362.96,605.33,UPI,5,105,0,0,Mobile_App,0,0
DHAN-ORD-104287,CUST-1291,2026-07-26,IN,INR,Festive,9930.08,1787.41,COD,3,90,2,1,Mobile_Web,0,1
DHAN-ORD-104288,CUST-2153,2026-07-13,NP,NPR,Fitness,2141.68,278.42,CONNECT_IPS,8,96,4,0,Mobile_Web,0,0
DHAN-ORD-104289,CUST-1385,2026-08-18,NP,NPR,Electronics,26517.36,3447.26,ESEWA,3,187,2,0,Mobile_App,0,1
DHAN-ORD-104290,CUST-2008,2026-07-24,NP,NPR,Toys,1321.88,171.84,KHALTI,7,26,2,0,Mobile_Web,0,0
DHAN-ORD-104291,CUST-2110,2026-07-03,NP,NPR,Computers,524.34,68.16,ESEWA,2,100,6,1,Mobile_App,0,0
DHAN-ORD-104292,CUST-1632,2026-07-26,NP,NPR,Electronics,3789.64,492.65,KHALTI,9,61,5,0,Mobile_App,0,0
DHAN-ORD-104293,CUST-1359,2026-09-10,IN,INR,Computers,3822.88,688.12,UPI,6,55,6,2,Mobile_Web,1,1
DHAN-ORD-104294,CUST-2004,2026-07-16,AE,AED,Fitness,150.0,7.5,CARD,6,91,6,0,Mobile_App,0,1
DHAN-ORD-104295,CUST-1077,2026-07-11,AE,AED,Toys,428.77,21.44,COD,5,37,3,0,Mobile_App,0,0
DHAN-ORD-104296,CUST-1184,2026-07-05,IN,INR,Fitness,601.5,108.27,UPI,7,255,1,0,Mobile_App,0,0
DHAN-ORD-104297,CUST-1115,2026-07-05,IN,INR,Computers,5674.64,1021.44,RAZORPAY,4,209,2,0,Mobile_App,0,1
DHAN-ORD-104298,CUST-1476,2026-07-18,AE,AED,Beauty,382.46,19.12,APPLE_PAY,4,187,1,0,Mobile_App,0,0
DHAN-ORD-104299,CUST-2232,2026-07-28,NP,NPR,Apparel,4086.03,531.18,CONNECT_IPS,9,118,4,0,Mobile_App,0,0
DHAN-ORD-104300,CUST-1448,2026-07-03,NP,NPR,Electronics,402.33,52.3,ESEWA,6,19,6,1,Mobile_Web,0,0
DHAN-ORD-104301,CUST-1040,2026-09-23,NP,NPR,Apparel,1117.16,145.23,COD,1,219,3,0,Mobile_App,1,1
DHAN-ORD-104302,CUST-2078,2026-08-12,IN,INR,Computers,461.69,83.1,RAZORPAY,2,77,6,0,Mobile_Web,0,0
DHAN-ORD-104303,CUST-1978,2026-07-27,NP,NPR,Electronics,9112.35,1184.61,ESEWA,4,94,2,0,Mobile_App,0,0
DHAN-ORD-104304,CUST-1001,2026-08-22,IN,INR,Beauty,2133.39,384.01,UPI,9,194,3,0,Mobile_App,0,0
DHAN-ORD-104305,CUST-1679,2026-07-03,NP,NPR,Apparel,2706.58,351.86,KHALTI,6,154,3,0,Mobile_App,0,0
DHAN-ORD-104306,CUST-2257,2026-07-20,NP,NPR,Computers,1370.08,178.11,ESEWA,2,122,4,1,Mobile_Web,0,0
DHAN-ORD-104307,CUST-1412,2026-07-30,IN,INR,Electronics,4472.31,805.02,UPI,8,95,3,0,Mobile_App,0,0
DHAN-ORD-104308,CUST-1267,2026-08-22,NP,NPR,Electronics,4158.93,540.66,COD,9,32,5,0,Mobile_Web,0,1
DHAN-ORD-104309,CUST-1697,2026-08-15,NP,NPR,Electronics,3230.89,420.02,COD,8,168,1,1,Mobile_Web,0,0
DHAN-ORD-104310,CUST-2468,2026-07-10,NP,NPR,Electronics,14524.2,1888.15,KHALTI,7,266,1,0,Desktop,0,0
DHAN-ORD-104311,CUST-1363,2026-09-23,NP,NPR,Kitchen,2112.62,274.64,KHALTI,6,162,1,0,Mobile_App,1,0
DHAN-ORD-104312,CUST-1662,2026-07-04,IN,INR,Apparel,12961.84,2333.13,UPI,1,216,2,0,Mobile_App,0,0
DHAN-ORD-104313,CUST-1121,2026-09-01,NP,NPR,Kitchen,2155.59,280.23,ESEWA,4,50,5,0,Mobile_Web,1,0
DHAN-ORD-104314,CUST-1044,2026-07-17,IN,INR,Fitness,1654.29,297.77,RAZORPAY,7,250,5,0,Desktop,0,0
DHAN-ORD-104315,CUST-1302,2026-07-06,NP,NPR,Toys,964.43,125.38,ESEWA,1,25,1,0,Mobile_App,0,0
DHAN-ORD-104316,CUST-2201,2026-08-08,IN,INR,Computers,3499.51,629.91,RAZORPAY,7,106,1,0,Desktop,0,0
DHAN-ORD-104317,CUST-2443,2026-07-02,NP,NPR,Computers,1136.46,147.74,ESEWA,2,38,2,0,Mobile_App,0,0
DHAN-ORD-104318,CUST-1290,2026-07-16,IN,INR,Festive,1511.5,272.07,COD,8,104,3,0,Desktop,0,1
DHAN-ORD-104319,CUST-1227,2026-07-22,IN,INR,Computers,8877.08,1597.87,RAZORPAY,3,157,2,0,Mobile_App,0,0
DHAN-ORD-104320,CUST-2077,2026-07-27,NP,NPR,Computers,357.98,46.54,ESEWA,6,159,3,1,Mobile_Web,0,0
DHAN-ORD-104321,CUST-1747,2026-09-21,IN,INR,Computers,2663.15,479.37,UPI,8,165,4,0,Mobile_App,1,0
DHAN-ORD-104322,CUST-1148,2026-08-03,IN,INR,Apparel,7305.31,1314.96,UPI,6,99,0,0,Mobile_Web,0,0
DHAN-ORD-104323,CUST-1765,2026-07-20,NP,NPR,Apparel,5571.44,724.29,ESEWA,9,150,2,1,Mobile_Web,0,0
DHAN-ORD-104324,CUST-2442,2026-08-19,NP,NPR,Books,646.63,84.06,CONNECT_IPS,7,100,3,0,Mobile_App,0,0
DHAN-ORD-104325,CUST-2356,2026-07-01,AE,AED,Festive,213.3,10.67,CARD,6,67,6,1,Mobile_App,0,0
DHAN-ORD-104326,CUST-1810,2026-07-01,IN,INR,Kitchen,3404.44,612.8,UPI,2,190,2,0,Desktop,0,1
DHAN-ORD-104327,CUST-2200,2026-08-01,NP,NPR,Kitchen,2087.13,271.33,KHALTI,8,230,2,1,Mobile_App,0,0
DHAN-ORD-104328,CUST-1206,2026-07-03,NP,NPR,Electronics,738.9,96.06,KHALTI,9,309,1,0,Mobile_App,0,1
DHAN-ORD-104329,CUST-1689,2026-08-20,IN,INR,Electronics,3642.88,655.72,UPI,6,127,8,0,Mobile_App,0,0
DHAN-ORD-104330,CUST-1618,2026-07-10,IN,INR,Computers,2281.81,410.73,RAZORPAY,4,34,3,0,Mobile_App,0,0
DHAN-ORD-104331,CUST-1660,2026-07-05,IN,INR,Computers,940.47,169.28,RAZORPAY,4,189,2,0,Mobile_App,0,1
DHAN-ORD-104332,CUST-1279,2026-07-18,NP,NPR,Computers,10043.08,1305.6,ESEWA,8,115,2,0,Mobile_App,0,0
DHAN-ORD-104333,CUST-1322,2026-07-31,IN,INR,Electronics,229.49,41.31,CARD,4,92,7,1,Desktop,0,0
DHAN-ORD-104334,CUST-2499,2026-07-15,NP,NPR,Electronics,1949.31,253.41,KHALTI,5,146,2,0,Mobile_Web,0,0
DHAN-ORD-104335,CUST-1894,2026-07-02,NP,NPR,Books,2045.52,265.92,KHALTI,2,100,2,0,Mobile_App,0,0
DHAN-ORD-104336,CUST-2309,2026-07-28,IN,INR,Apparel,2513.18,452.37,RAZORPAY,2,93,1,0,Desktop,0,1
DHAN-ORD-104337,CUST-1997,2026-09-08,AE,AED,Books,150.0,7.5,CARD,6,80,4,0,Mobile_App,1,0
DHAN-ORD-104338,CUST-2329,2026-07-15,NP,NPR,Kitchen,6191.03,804.83,ESEWA,8,169,4,1,Mobile_App,0,0
DHAN-ORD-104339,CUST-1649,2026-07-08,NP,NPR,Beauty,1091.94,141.95,ESEWA,2,197,4,1,Mobile_Web,0,1
DHAN-ORD-104340,CUST-1356,2026-07-18,IN,INR,Electronics,4753.63,855.65,RAZORPAY,1,71,2,0,Mobile_Web,0,0
DHAN-ORD-104341,CUST-2448,2026-07-02,NP,NPR,Electronics,8755.1,1138.16,ESEWA,7,117,3,0,Mobile_Web,0,1
DHAN-ORD-104342,CUST-2150,2026-08-21,IN,INR,Computers,888.34,159.9,CARD,6,122,0,0,Mobile_App,0,0
DHAN-ORD-104343,CUST-2420,2026-08-22,IN,INR,Books,635.4,114.37,RAZORPAY,5,212,2,0,Mobile_App,0,0
DHAN-ORD-104344,CUST-2256,2026-07-27,NP,NPR,Books,9453.38,1228.94,COD,3,89,6,0,Desktop,0,0
DHAN-ORD-104345,CUST-1730,2026-07-14,AE,AED,Computers,150.0,7.5,CARD,6,181,4,0,Mobile_Web,0,0
DHAN-ORD-104346,CUST-1457,2026-08-18,IN,INR,Electronics,2909.37,523.69,RAZORPAY,2,148,6,1,Mobile_App,0,0
DHAN-ORD-104347,CUST-2363,2026-07-25,IN,INR,Kitchen,2364.56,425.62,UPI,6,46,3,0,Mobile_App,0,0
DHAN-ORD-104348,CUST-2206,2026-08-22,IN,INR,Electronics,1131.52,203.67,RAZORPAY,6,105,1,0,Mobile_App,0,0
DHAN-ORD-104349,CUST-1359,2026-07-30,IN,INR,Kitchen,8172.62,1471.07,UPI,9,111,2,0,Mobile_App,0,0
DHAN-ORD-104350,CUST-1774,2026-08-16,NP,NPR,Computers,9942.0,1292.46,ESEWA,6,129,3,0,Mobile_Web,0,0
DHAN-ORD-104351,CUST-1628,2026-07-28,NP,NPR,Beauty,2164.12,281.34,KHALTI,4,53,6,0,Mobile_App,0,0
DHAN-ORD-104352,CUST-2410,2026-07-17,IN,INR,Electronics,5576.37,1003.75,UPI,5,82,3,0,Mobile_Web,0,0
DHAN-ORD-104353,CUST-1603,2026-07-06,NP,NPR,Kitchen,300.1,39.01,ESEWA,3,152,5,0,Desktop,0,0
DHAN-ORD-104354,CUST-1260,2026-07-24,NP,NPR,Computers,2658.69,345.63,KHALTI,3,144,7,0,Mobile_Web,0,0
DHAN-ORD-104355,CUST-1363,2026-07-28,IN,INR,Kitchen,564.8,101.66,UPI,6,63,3,1,Mobile_App,0,1
DHAN-ORD-104356,CUST-2492,2026-07-08,IN,INR,Books,2196.42,395.36,RAZORPAY,9,25,2,1,Mobile_App,0,0
DHAN-ORD-104357,CUST-1003,2026-07-30,NP,NPR,Electronics,6951.6,903.71,ESEWA,3,86,7,2,Mobile_App,0,0
DHAN-ORD-104358,CUST-2437,2026-07-26,IN,INR,Festive,3870.95,696.77,COD,9,490,7,1,Mobile_Web,0,0
DHAN-ORD-104359,CUST-2173,2026-07-07,IN,INR,Festive,1316.06,236.89,COD,2,133,6,0,Mobile_App,0,0
DHAN-ORD-104360,CUST-1801,2026-07-02,NP,NPR,Books,5495.03,714.35,ESEWA,5,74,2,0,Desktop,0,0
DHAN-ORD-104361,CUST-2162,2026-07-28,IN,INR,Fitness,969.67,174.54,UPI,6,170,8,0,Mobile_Web,0,0
DHAN-ORD-104362,CUST-1066,2026-08-13,NP,NPR,Apparel,1030.15,133.92,CONNECT_IPS,4,94,2,1,Mobile_App,0,0
DHAN-ORD-104363,CUST-1372,2026-07-23,NP,NPR,Festive,223.38,29.04,COD,7,166,4,0,Mobile_Web,0,0
DHAN-ORD-104364,CUST-2233,2026-07-08,NP,NPR,Computers,4433.43,576.35,COD,5,23,2,0,Mobile_App,0,0
DHAN-ORD-104365,CUST-1651,2026-08-02,NP,NPR,Beauty,16232.32,2110.2,KHALTI,5,16,5,1,Mobile_Web,0,0
DHAN-ORD-104366,CUST-2252,2026-07-03,NP,NPR,Books,2052.45,266.82,ESEWA,9,48,4,2,Mobile_App,0,0
DHAN-ORD-104367,CUST-1452,2026-07-18,IN,INR,Toys,1443.64,259.86,RAZORPAY,3,21,1,0,Mobile_App,0,0
DHAN-ORD-104368,CUST-2309,2026-07-06,IN,INR,Books,3529.86,635.37,UPI,1,136,4,0,Mobile_Web,0,0
DHAN-ORD-104369,CUST-2158,2026-07-07,IN,INR,Fitness,1336.27,240.53,UPI,4,50,5,0,Desktop,0,0
DHAN-ORD-104370,CUST-1213,2026-07-07,IN,INR,Festive,38547.75,6938.59,RAZORPAY,9,142,1,0,Mobile_Web,0,0
DHAN-ORD-104371,CUST-2016,2026-07-15,NP,NPR,Apparel,1475.61,191.83,COD,8,88,6,1,Mobile_Web,0,0
DHAN-ORD-104372,CUST-1288,2026-07-02,NP,NPR,Toys,12373.8,1608.59,ESEWA,7,159,3,0,Mobile_Web,0,1
DHAN-ORD-104373,CUST-1678,2026-07-16,IN,INR,Beauty,1549.2,278.86,COD,1,137,4,1,Mobile_App,0,0
DHAN-ORD-104374,CUST-1159,2026-07-22,NP,NPR,Festive,933.29,121.33,ESEWA,6,157,3,1,Mobile_Web,0,0
DHAN-ORD-104375,CUST-1487,2026-07-20,NP,NPR,Festive,2022.53,262.93,COD,6,55,3,0,Mobile_App,0,0
DHAN-ORD-104376,CUST-1710,2026-07-15,IN,INR,Festive,1953.55,351.64,UPI,9,158,2,1,Desktop,0,1
DHAN-ORD-104377,CUST-1654,2026-08-24,NP,NPR,Apparel,6230.23,809.93,COD,2,116,5,1,Desktop,0,1
DHAN-ORD-104378,CUST-1343,2026-07-05,IN,INR,Electronics,1053.18,189.57,UPI,9,251,3,0,Desktop,0,0
DHAN-ORD-104379,CUST-2302,2026-07-22,NP,NPR,Computers,2323.59,302.07,COD,1,133,5,1,Mobile_Web,0,1
DHAN-ORD-104380,CUST-1181,2026-07-02,NP,NPR,Festive,3702.14,481.28,KHALTI,3,95,4,1,Mobile_App,0,0
DHAN-ORD-104381,CUST-2451,2026-07-03,NP,NPR,Apparel,5145.49,668.91,ESEWA,6,53,4,0,Desktop,0,0
DHAN-ORD-104382,CUST-2372,2026-07-26,IN,INR,Electronics,11698.11,2105.66,COD,7,95,7,0,Mobile_App,0,1
DHAN-ORD-104383,CUST-2308,2026-07-26,NP,NPR,Computers,9625.65,1251.33,ESEWA,4,74,7,0,Mobile_App,0,1
DHAN-ORD-104384,CUST-2493,2026-09-02,NP,NPR,Festive,7061.0,917.93,ESEWA,5,46,2,0,Mobile_Web,1,0
DHAN-ORD-104385,CUST-1687,2026-07-25,IN,INR,Festive,1504.36,270.78,RAZORPAY,1,135,4,0,Mobile_App,0,0
DHAN-ORD-104386,CUST-1914,2026-07-07,AE,AED,Fitness,204.5,10.23,COD,6,192,4,0,Mobile_App,0,0
DHAN-ORD-104387,CUST-1023,2026-07-02,NP,NPR,Apparel,1863.75,242.29,KHALTI,9,148,3,1,Mobile_App,0,0
DHAN-ORD-104388,CUST-1543,2026-07-04,NP,NPR,Kitchen,1083.65,140.87,ESEWA,3,68,4,0,Desktop,0,1
DHAN-ORD-104389,CUST-1429,2026-07-02,NP,NPR,Electronics,1919.13,249.49,ESEWA,2,167,4,0,Mobile_Web,0,0
DHAN-ORD-104390,CUST-1511,2026-07-07,AE,AED,Computers,685.2,34.26,CARD,1,223,3,0,Mobile_Web,0,0
DHAN-ORD-104391,CUST-2419,2026-07-24,AE,AED,Festive,439.1,21.96,CARD,7,120,1,0,Mobile_Web,0,1
DHAN-ORD-104392,CUST-1138,2026-08-01,NP,NPR,Computers,2575.17,334.77,KHALTI,1,236,5,0,Mobile_App,0,0
DHAN-ORD-104393,CUST-1717,2026-07-02,IN,INR,Apparel,3498.46,629.72,RAZORPAY,6,292,3,0,Mobile_App,0,0
DHAN-ORD-104394,CUST-1525,2026-09-26,NP,NPR,Beauty,5375.69,698.84,COD,2,241,1,0,Mobile_Web,1,0
DHAN-ORD-104395,CUST-1221,2026-08-25,NP,NPR,Beauty,6387.08,830.32,KHALTI,6,164,4,0,Mobile_App,0,0
DHAN-ORD-104396,CUST-2475,2026-07-11,NP,NPR,Festive,3924.56,510.19,ESEWA,9,212,1,0,Mobile_App,0,1
DHAN-ORD-104397,CUST-1002,2026-07-03,NP,NPR,Computers,7609.02,989.17,CONNECT_IPS,4,163,6,0,Mobile_Web,0,0
DHAN-ORD-104398,CUST-1098,2026-07-06,NP,NPR,Fitness,3368.13,437.86,ESEWA,2,29,3,0,Mobile_Web,0,0
DHAN-ORD-104399,CUST-1790,2026-07-05,NP,NPR,Computers,1247.77,162.21,ESEWA,5,112,1,0,Mobile_App,0,0
DHAN-ORD-104400,CUST-1897,2026-07-04,IN,INR,Computers,1774.52,319.41,UPI,1,28,4,0,Mobile_App,0,0
DHAN-ORD-104401,CUST-2500,2026-07-22,NP,NPR,Kitchen,6548.93,851.36,COD,5,59,2,0,Mobile_Web,0,0
DHAN-ORD-104402,CUST-1859,2026-07-09,IN,INR,Computers,1892.19,340.59,COD,2,90,3,0,Mobile_App,0,1
DHAN-ORD-104403,CUST-1340,2026-07-14,NP,NPR,Fitness,3447.87,448.22,ESEWA,9,24,2,1,Mobile_Web,0,0
DHAN-ORD-104404,CUST-1847,2026-08-16,NP,NPR,Beauty,6037.58,784.89,ESEWA,7,209,5,0,Mobile_App,0,0
DHAN-ORD-104405,CUST-2009,2026-08-04,NP,NPR,Computers,26472.29,3441.4,ESEWA,3,68,1,0,Mobile_App,0,1
DHAN-ORD-104406,CUST-1775,2026-09-28,NP,NPR,Computers,12399.55,1611.94,COD,6,89,5,0,Mobile_Web,1,0
DHAN-ORD-104407,CUST-1719,2026-07-05,NP,NPR,Apparel,2836.9,368.8,KHALTI,1,112,3,0,Desktop,0,1
DHAN-ORD-104408,CUST-2118,2026-07-15,NP,NPR,Fitness,9006.59,1170.86,KHALTI,6,124,1,0,Desktop,0,0
DHAN-ORD-104409,CUST-1768,2026-07-25,NP,NPR,Kitchen,1682.44,218.72,ESEWA,8,160,3,0,Mobile_App,0,0
DHAN-ORD-104410,CUST-1207,2026-07-03,NP,NPR,Apparel,9717.31,1263.25,KHALTI,6,322,3,0,Desktop,0,0
DHAN-ORD-104411,CUST-1981,2026-07-01,IN,INR,Fitness,3236.83,582.63,UPI,5,14,3,0,Mobile_App,0,0
DHAN-ORD-104412,CUST-2183,2026-08-03,IN,INR,Apparel,3539.41,637.09,RAZORPAY,2,77,4,0,Mobile_Web,0,0
DHAN-ORD-104413,CUST-2333,2026-07-31,NP,NPR,Electronics,1087.86,141.42,KHALTI,7,218,3,0,Mobile_App,0,0
DHAN-ORD-104414,CUST-2407,2026-07-16,NP,NPR,Apparel,1729.0,224.77,KHALTI,1,169,4,1,Mobile_App,0,0
DHAN-ORD-104415,CUST-1461,2026-07-21,NP,NPR,Apparel,4660.3,605.84,ESEWA,7,17,7,1,Mobile_App,0,0
DHAN-ORD-104416,CUST-1333,2026-07-17,IN,INR,Toys,2599.78,467.96,UPI,7,70,0,0,Mobile_Web,0,0
DHAN-ORD-104417,CUST-1924,2026-07-01,NP,NPR,Apparel,7236.54,940.75,ESEWA,9,21,5,1,Mobile_App,0,0
DHAN-ORD-104418,CUST-1150,2026-07-13,NP,NPR,Books,4066.52,528.65,KHALTI,7,150,1,0,Mobile_Web,0,0
DHAN-ORD-104419,CUST-1068,2026-07-06,NP,NPR,Electronics,1411.75,183.53,ESEWA,7,119,5,1,Mobile_App,0,0
DHAN-ORD-104420,CUST-1603,2026-07-04,AE,AED,Books,150.0,7.5,CARD,6,140,4,0,Mobile_Web,0,0
DHAN-ORD-104421,CUST-1041,2026-07-05,NP,NPR,Beauty,10860.14,1411.82,ESEWA,6,311,3,0,Mobile_Web,0,0
DHAN-ORD-104422,CUST-1652,2026-07-28,IN,INR,Apparel,1558.79,280.58,COD,1,141,4,0,Mobile_Web,0,1
DHAN-ORD-104423,CUST-1534,2026-08-09,NP,NPR,Computers,3643.44,473.65,COD,7,53,3,0,Mobile_Web,0,1
DHAN-ORD-104424,CUST-1214,2026-07-12,AE,AED,Kitchen,429.63,21.48,APPLE_PAY,6,71,3,2,Mobile_App,0,0
DHAN-ORD-104425,CUST-1151,2026-07-15,IN,INR,Toys,6922.91,1246.12,RAZORPAY,1,167,2,1,Mobile_App,0,0
DHAN-ORD-104426,CUST-1700,2026-07-09,NP,NPR,Apparel,7983.43,1037.85,ESEWA,9,182,2,0,Mobile_App,0,0
DHAN-ORD-104427,CUST-1348,2026-07-04,IN,INR,Computers,9184.2,1653.16,RAZORPAY,4,279,3,0,Mobile_App,0,1
DHAN-ORD-104428,CUST-1768,2026-07-06,NP,NPR,Beauty,2829.65,367.85,KHALTI,3,174,3,0,Mobile_App,0,0
DHAN-ORD-104429,CUST-1329,2026-08-17,IN,INR,Computers,54273.31,9769.2,RAZORPAY,3,23,1,0,Mobile_App,0,0
DHAN-ORD-104430,CUST-2499,2026-08-03,IN,INR,Books,6691.31,1204.44,CARD,4,83,3,0,Mobile_App,0,0
DHAN-ORD-104431,CUST-1153,2026-07-24,NP,NPR,Festive,8116.37,1055.13,COD,7,224,3,0,Mobile_App,0,1
DHAN-ORD-104432,CUST-2120,2026-07-20,IN,INR,Computers,2431.11,437.6,UPI,1,67,0,0,Mobile_App,0,0
DHAN-ORD-104433,CUST-1190,2026-09-15,NP,NPR,Festive,1165.31,151.49,COD,4,147,5,0,Mobile_App,1,0
DHAN-ORD-104434,CUST-1692,2026-07-03,NP,NPR,Festive,877.65,114.09,KHALTI,4,192,4,2,Desktop,0,1
DHAN-ORD-104435,CUST-2216,2026-07-10,NP,NPR,Kitchen,5831.24,758.06,COD,8,122,2,0,Mobile_Web,0,0
DHAN-ORD-104436,CUST-2256,2026-07-13,IN,INR,Toys,196.44,35.36,RAZORPAY,7,169,4,1,Mobile_App,0,0
DHAN-ORD-104437,CUST-1988,2026-08-15,NP,NPR,Kitchen,751.31,97.67,ESEWA,4,28,4,0,Mobile_Web,0,0
DHAN-ORD-104438,CUST-2442,2026-08-26,NP,NPR,Apparel,3291.67,427.92,ESEWA,6,94,8,2,Desktop,0,0
DHAN-ORD-104439,CUST-1063,2026-07-09,IN,INR,Kitchen,4627.65,832.98,RAZORPAY,1,62,2,1,Mobile_App,0,0
DHAN-ORD-104440,CUST-1883,2026-09-01,NP,NPR,Electronics,1548.61,201.32,ESEWA,9,131,2,0,Mobile_Web,1,0
DHAN-ORD-104441,CUST-2338,2026-08-23,NP,NPR,Kitchen,1179.81,153.38,ESEWA,9,42,1,0,Desktop,0,0
DHAN-ORD-104442,CUST-1337,2026-07-08,NP,NPR,Computers,9426.49,1225.44,COD,3,96,7,0,Desktop,0,0
DHAN-ORD-104443,CUST-2243,2026-07-16,NP,NPR,Festive,30702.39,3991.31,COD,3,115,6,0,Mobile_App,0,0
DHAN-ORD-104444,CUST-1889,2026-07-16,NP,NPR,Kitchen,1258.79,163.64,KHALTI,7,85,2,0,Mobile_Web,0,0
DHAN-ORD-104445,CUST-1321,2026-07-25,NP,NPR,Kitchen,9662.59,1256.14,CONNECT_IPS,5,60,1,0,Mobile_App,0,1
DHAN-ORD-104446,CUST-1109,2026-07-06,AE,AED,Festive,150.0,7.5,CARD,6,30,4,0,Mobile_App,0,0
DHAN-ORD-104447,CUST-1207,2026-08-18,IN,INR,Beauty,2570.18,462.63,RAZORPAY,5,75,2,0,Mobile_App,0,0
DHAN-ORD-104448,CUST-1678,2026-07-13,NP,NPR,Beauty,9970.94,1296.22,ESEWA,7,91,2,0,Mobile_App,0,0
DHAN-ORD-104449,CUST-1420,2026-08-09,NP,NPR,Books,34827.91,4527.63,COD,6,71,3,0,Mobile_Web,0,0
DHAN-ORD-104450,CUST-1389,2026-07-17,NP,NPR,Festive,1536.64,199.76,CONNECT_IPS,6,50,4,0,Mobile_Web,0,0
DHAN-ORD-104451,CUST-1838,2026-07-26,IN,INR,Electronics,413.37,74.41,UPI,8,178,1,0,Mobile_App,0,0
DHAN-ORD-104452,CUST-2427,2026-08-23,NP,NPR,Beauty,8421.57,1094.8,COD,6,101,2,0,Mobile_Web,0,0
DHAN-ORD-104453,CUST-2134,2026-08-18,NP,NPR,Books,4631.04,602.04,KHALTI,5,15,6,0,Mobile_App,0,0
DHAN-ORD-104454,CUST-2478,2026-08-30,IN,INR,Kitchen,16688.48,3003.93,COD,2,93,5,0,Mobile_App,0,0
DHAN-ORD-104455,CUST-2494,2026-07-02,NP,NPR,Kitchen,37277.55,4846.08,COD,8,142,1,0,Desktop,0,1
DHAN-ORD-104456,CUST-2106,2026-08-05,NP,NPR,Electronics,6893.49,896.15,CONNECT_IPS,8,48,2,0,Mobile_App,0,0
DHAN-ORD-104457,CUST-1543,2026-07-05,IN,INR,Computers,2196.89,395.44,UPI,9,422,5,0,Mobile_Web,0,0
DHAN-ORD-104458,CUST-2352,2026-07-17,IN,INR,Toys,7646.33,1376.34,CARD,5,176,4,2,Mobile_App,0,0
DHAN-ORD-104459,CUST-1576,2026-07-24,NP,NPR,Fitness,1557.43,202.47,ESEWA,9,157,1,0,Mobile_App,0,0
DHAN-ORD-104460,CUST-1609,2026-07-16,IN,INR,Books,3183.72,573.07,UPI,6,141,2,0,Mobile_App,0,0
DHAN-ORD-104461,CUST-1486,2026-07-22,NP,NPR,Fitness,2026.33,263.42,KHALTI,1,2,1,0,Mobile_App,0,1
DHAN-ORD-104462,CUST-1196,2026-09-18,IN,INR,Electronics,9578.88,1724.2,RAZORPAY,2,10,0,0,Mobile_Web,1,0
DHAN-ORD-104463,CUST-1101,2026-07-05,NP,NPR,Computers,10840.23,1409.23,KHALTI,4,223,0,0,Mobile_App,0,0
DHAN-ORD-104464,CUST-1804,2026-08-03,IN,INR,Books,2315.56,416.8,RAZORPAY,2,111,5,1,Mobile_App,0,0
DHAN-ORD-104465,CUST-2170,2026-07-16,AE,AED,Kitchen,185.75,9.29,CARD,5,183,4,0,Mobile_App,0,0
DHAN-ORD-104466,CUST-2125,2026-07-05,AE,AED,Electronics,221.67,11.08,CARD,5,55,3,0,Mobile_Web,0,0
DHAN-ORD-104467,CUST-2005,2026-07-06,AE,AED,Festive,150.0,7.5,CARD,6,29,1,0,Mobile_Web,0,0
DHAN-ORD-104468,CUST-1314,2026-09-28,NP,NPR,Apparel,9645.64,1253.93,KHALTI,6,35,4,1,Mobile_App,1,0
DHAN-ORD-104469,CUST-1111,2026-09-02,NP,NPR,Electronics,566.65,73.66,KHALTI,8,53,4,0,Mobile_App,1,0
DHAN-ORD-104470,CUST-1738,2026-09-10,NP,NPR,Festive,13145.18,1708.87,COD,5,86,4,0,Mobile_App,1,0
DHAN-ORD-104471,CUST-1007,2026-08-23,IN,INR,Books,7305.38,1314.97,RAZORPAY,6,88,1,0,Desktop,0,0
DHAN-ORD-104472,CUST-1875,2026-07-08,IN,INR,Computers,727.01,130.86,RAZORPAY,7,365,2,0,Mobile_Web,0,0
DHAN-ORD-104473,CUST-1179,2026-07-14,NP,NPR,Festive,3764.34,489.36,ESEWA,2,27,2,0,Mobile_App,0,0
DHAN-ORD-104474,CUST-1603,2026-08-03,AE,AED,Kitchen,150.0,7.5,APPLE_PAY,6,50,4,0,Mobile_Web,0,0
DHAN-ORD-104475,CUST-2355,2026-07-20,IN,INR,Beauty,1325.74,238.63,RAZORPAY,2,121,4,1,Mobile_App,0,0
DHAN-ORD-104476,CUST-2280,2026-07-17,AE,AED,Festive,233.92,11.7,CARD,8,132,3,0,Mobile_App,0,0
DHAN-ORD-104477,CUST-2229,2026-07-14,IN,INR,Books,5131.69,923.7,RAZORPAY,1,81,3,1,Mobile_Web,0,0
DHAN-ORD-104478,CUST-1983,2026-07-28,NP,NPR,Electronics,244.44,31.78,KHALTI,1,127,2,0,Mobile_App,0,0
DHAN-ORD-104479,CUST-1408,2026-07-26,NP,NPR,Electronics,4659.6,605.75,COD,6,26,4,0,Desktop,0,1
DHAN-ORD-104480,CUST-1198,2026-07-06,NP,NPR,Computers,6017.38,782.26,ESEWA,5,130,3,0,Mobile_Web,0,0
DHAN-ORD-104481,CUST-1052,2026-07-20,NP,NPR,Apparel,4994.96,649.34,CONNECT_IPS,8,137,5,0,Mobile_App,0,0
DHAN-ORD-104482,CUST-1423,2026-07-25,IN,INR,Computers,2870.3,516.65,UPI,8,330,2,0,Mobile_Web,0,0
DHAN-ORD-104483,CUST-1349,2026-07-26,IN,INR,Kitchen,3177.84,572.01,CARD,9,89,2,0,Desktop,0,0
DHAN-ORD-104484,CUST-2307,2026-07-08,IN,INR,Computers,2110.42,379.88,RAZORPAY,4,48,6,0,Mobile_Web,0,0
DHAN-ORD-104485,CUST-1597,2026-08-10,IN,INR,Kitchen,695.84,125.25,UPI,2,66,2,0,Mobile_App,0,0
DHAN-ORD-104486,CUST-1167,2026-07-01,NP,NPR,Computers,2789.68,362.66,KHALTI,8,38,1,0,Mobile_App,0,0
DHAN-ORD-104487,CUST-1969,2026-07-14,NP,NPR,Festive,10357.31,1346.45,KHALTI,7,72,3,0,Mobile_App,0,0
DHAN-ORD-104488,CUST-1236,2026-08-15,NP,NPR,Electronics,687.01,89.31,COD,3,77,3,0,Mobile_Web,0,1
DHAN-ORD-104489,CUST-1631,2026-07-25,NP,NPR,Electronics,1005.35,130.7,CONNECT_IPS,6,212,3,0,Mobile_Web,0,0
DHAN-ORD-104490,CUST-1814,2026-07-10,NP,NPR,Festive,1929.66,250.86,KHALTI,3,51,4,0,Mobile_App,0,0
DHAN-ORD-104491,CUST-1964,2026-08-05,NP,NPR,Toys,5115.94,665.07,ESEWA,3,126,4,1,Mobile_App,0,0
DHAN-ORD-104492,CUST-2001,2026-07-26,NP,NPR,Electronics,4759.79,618.77,COD,7,144,0,0,Mobile_App,0,0
DHAN-ORD-104493,CUST-2353,2026-08-17,NP,NPR,Computers,2058.43,267.6,ESEWA,6,114,4,2,Mobile_App,0,1
DHAN-ORD-104494,CUST-1542,2026-08-09,IN,INR,Toys,1240.56,223.3,UPI,7,97,5,0,Mobile_App,0,0
DHAN-ORD-104495,CUST-1186,2026-07-29,NP,NPR,Kitchen,1455.11,189.16,ESEWA,6,52,8,0,Mobile_Web,0,0
DHAN-ORD-104496,CUST-2314,2026-07-21,NP,NPR,Toys,5660.43,735.86,CONNECT_IPS,8,51,2,0,Desktop,0,0
DHAN-ORD-104497,CUST-2114,2026-07-05,NP,NPR,Kitchen,22294.39,2898.27,ESEWA,1,230,4,1,Mobile_App,0,0
DHAN-ORD-104498,CUST-1793,2026-07-10,AE,AED,Kitchen,150.0,7.5,COD,6,81,4,0,Desktop,0,0
DHAN-ORD-104499,CUST-1378,2026-07-17,NP,NPR,Beauty,2316.18,301.1,ESEWA,3,180,5,1,Mobile_Web,0,0
DHAN-ORD-104500,CUST-1759,2026-07-28,NP,NPR,Toys,1479.1,192.28,ESEWA,3,445,3,0,Mobile_Web,0,0
DHAN-ORD-104501,CUST-1781,2026-07-22,IN,INR,Festive,1292.27,232.61,RAZORPAY,5,185,4,0,Desktop,0,0
DHAN-ORD-104502,CUST-1756,2026-07-11,IN,INR,Computers,3745.43,674.18,UPI,1,121,3,0,Mobile_App,0,0
DHAN-ORD-104503,CUST-1382,2026-07-01,AE,AED,Beauty,150.0,7.5,APPLE_PAY,6,56,4,1,Mobile_App,0,0
DHAN-ORD-104504,CUST-1912,2026-07-21,NP,NPR,Computers,7829.3,1017.81,COD,8,91,4,0,Desktop,0,0
DHAN-ORD-104505,CUST-1091,2026-07-11,NP,NPR,Beauty,3280.04,426.41,KHALTI,4,187,1,1,Mobile_App,0,0
DHAN-ORD-104506,CUST-1539,2026-08-09,NP,NPR,Festive,9944.82,1292.83,CONNECT_IPS,8,85,3,2,Mobile_App,0,0
DHAN-ORD-104507,CUST-1900,2026-07-01,IN,INR,Kitchen,1370.27,246.65,RAZORPAY,2,197,2,0,Mobile_Web,0,0
DHAN-ORD-104508,CUST-1952,2026-07-27,NP,NPR,Festive,2978.58,387.22,ESEWA,8,52,2,0,Mobile_Web,0,0
DHAN-ORD-104509,CUST-1539,2026-09-24,NP,NPR,Apparel,1872.6,243.44,ESEWA,9,29,6,2,Mobile_App,1,1
DHAN-ORD-104510,CUST-1463,2026-07-06,NP,NPR,Festive,928.87,120.75,KHALTI,1,172,1,0,Mobile_App,0,0
DHAN-ORD-104511,CUST-1550,2026-07-20,NP,NPR,Toys,3384.82,440.03,KHALTI,9,261,3,0,Mobile_Web,0,0
DHAN-ORD-104512,CUST-2155,2026-07-03,NP,NPR,Computers,4247.41,552.16,ESEWA,8,17,3,0,Mobile_Web,0,0
DHAN-ORD-104513,CUST-1126,2026-07-30,IN,INR,Electronics,2787.48,501.75,CARD,6,358,0,0,Mobile_App,0,0
DHAN-ORD-104514,CUST-1309,2026-07-24,IN,INR,Kitchen,150.0,27.0,UPI,6,138,5,0,Mobile_App,0,0
DHAN-ORD-104515,CUST-2426,2026-07-16,NP,NPR,Electronics,1785.36,232.1,KHALTI,3,64,9,1,Mobile_App,0,0
DHAN-ORD-104516,CUST-2366,2026-07-23,NP,NPR,Beauty,7702.06,1001.27,CONNECT_IPS,7,124,3,1,Mobile_App,0,0
DHAN-ORD-104517,CUST-1198,2026-09-07,IN,INR,Beauty,3525.6,634.61,UPI,6,102,2,0,Mobile_App,1,0
DHAN-ORD-104518,CUST-1175,2026-07-07,NP,NPR,Books,867.01,112.71,KHALTI,3,117,4,0,Mobile_App,0,0
DHAN-ORD-104519,CUST-2368,2026-07-01,NP,NPR,Kitchen,14737.65,1915.89,CONNECT_IPS,4,141,2,0,Mobile_Web,0,0
DHAN-ORD-104520,CUST-1704,2026-08-29,NP,NPR,Fitness,10455.13,1359.17,COD,6,156,3,0,Mobile_App,0,0
DHAN-ORD-104521,CUST-2108,2026-07-26,IN,INR,Books,3260.36,586.86,COD,2,114,2,1,Desktop,0,1
DHAN-ORD-104522,CUST-1847,2026-09-05,AE,AED,Festive,1264.75,63.24,CARD,4,85,3,0,Mobile_App,1,0
DHAN-ORD-104523,CUST-2207,2026-07-28,IN,INR,Electronics,7073.25,1273.18,COD,8,129,5,0,Mobile_App,0,0
DHAN-ORD-104524,CUST-1465,2026-08-19,NP,NPR,Beauty,11319.93,1471.59,CONNECT_IPS,6,54,5,0,Mobile_App,0,0
DHAN-ORD-104525,CUST-2133,2026-07-17,NP,NPR,Kitchen,6538.29,849.98,ESEWA,4,140,2,1,Mobile_App,0,0
DHAN-ORD-104526,CUST-1124,2026-08-11,IN,INR,Kitchen,1984.64,357.24,COD,4,81,5,1,Mobile_App,0,1
DHAN-ORD-104527,CUST-1792,2026-09-12,NP,NPR,Kitchen,6936.46,901.74,COD,6,246,2,0,Desktop,1,1
DHAN-ORD-104528,CUST-2070,2026-07-26,AE,AED,Festive,254.87,12.74,APPLE_PAY,2,47,3,0,Desktop,0,1
DHAN-ORD-104529,CUST-1857,2026-07-06,AE,AED,Beauty,310.56,15.53,CARD,4,34,4,0,Mobile_Web,0,0
DHAN-ORD-104530,CUST-2096,2026-07-10,NP,NPR,Beauty,1578.14,205.16,COD,3,154,2,0,Mobile_App,0,0
DHAN-ORD-104531,CUST-2407,2026-07-07,AE,AED,Books,150.0,7.5,CARD,6,35,0,0,Mobile_App,0,0
DHAN-ORD-104532,CUST-1972,2026-07-09,NP,NPR,Computers,927.0,120.51,KHALTI,9,224,1,0,Mobile_App,0,0
DHAN-ORD-104533,CUST-2172,2026-07-11,IN,INR,Beauty,749.59,134.93,RAZORPAY,2,76,6,1,Mobile_App,0,0
DHAN-ORD-104534,CUST-1482,2026-07-25,NP,NPR,Fitness,4588.29,596.48,CONNECT_IPS,7,57,4,0,Mobile_App,0,0
DHAN-ORD-104535,CUST-1975,2026-07-27,NP,NPR,Electronics,4920.55,639.67,KHALTI,6,80,3,1,Mobile_App,0,0
DHAN-ORD-104536,CUST-1612,2026-07-17,IN,INR,Apparel,2672.49,481.05,UPI,8,40,5,0,Mobile_Web,0,0
DHAN-ORD-104537,CUST-1161,2026-07-29,IN,INR,Electronics,426.11,76.7,UPI,3,116,4,0,Mobile_App,0,0
DHAN-ORD-104538,CUST-1808,2026-07-03,NP,NPR,Festive,6156.11,800.29,ESEWA,9,35,7,0,Mobile_Web,0,0
DHAN-ORD-104539,CUST-2462,2026-07-03,IN,INR,Electronics,1493.56,268.84,RAZORPAY,8,71,1,0,Mobile_Web,0,0
DHAN-ORD-104540,CUST-1071,2026-07-06,NP,NPR,Electronics,3851.24,500.66,COD,8,166,3,0,Mobile_Web,0,1
DHAN-ORD-104541,CUST-2028,2026-07-22,NP,NPR,Apparel,2309.31,300.21,ESEWA,5,54,2,0,Mobile_App,0,0
DHAN-ORD-104542,CUST-2169,2026-07-08,NP,NPR,Electronics,4573.99,594.62,COD,1,64,5,1,Mobile_Web,0,0
DHAN-ORD-104543,CUST-2058,2026-07-10,NP,NPR,Electronics,5257.23,683.44,COD,1,39,4,0,Mobile_App,0,0
DHAN-ORD-104544,CUST-2170,2026-07-16,NP,NPR,Kitchen,1785.63,232.13,CONNECT_IPS,3,20,1,0,Mobile_App,0,1
DHAN-ORD-104545,CUST-2387,2026-08-20,NP,NPR,Kitchen,3106.73,403.87,ESEWA,1,23,0,0,Mobile_Web,0,0
DHAN-ORD-104546,CUST-2270,2026-07-01,NP,NPR,Beauty,10530.67,1368.99,ESEWA,9,87,1,0,Mobile_App,0,0
DHAN-ORD-104547,CUST-1301,2026-08-01,NP,NPR,Apparel,274.15,35.64,COD,4,74,3,0,Desktop,0,0
DHAN-ORD-104548,CUST-1246,2026-08-03,NP,NPR,Apparel,7550.3,981.54,CONNECT_IPS,8,32,4,0,Mobile_App,0,0
DHAN-ORD-104549,CUST-1919,2026-08-18,AE,AED,Apparel,150.0,7.5,CARD,6,85,2,0,Mobile_App,0,0
DHAN-ORD-104550,CUST-1354,2026-09-19,NP,NPR,Electronics,25933.91,3371.41,ESEWA,4,71,12,3,Mobile_App,1,1
DHAN-ORD-104551,CUST-1342,2026-07-01,AE,AED,Computers,150.0,7.5,COD,6,75,8,0,Desktop,0,0
DHAN-ORD-104552,CUST-1433,2026-07-06,IN,INR,Toys,3484.59,627.23,UPI,1,119,5,0,Mobile_App,0,0
DHAN-ORD-104553,CUST-1394,2026-09-04,IN,INR,Festive,2699.9,485.98,UPI,8,288,3,0,Mobile_App,1,0
DHAN-ORD-104554,CUST-1258,2026-07-19,IN,INR,Electronics,7140.44,1285.28,RAZORPAY,3,100,4,0,Desktop,0,0
DHAN-ORD-104555,CUST-1087,2026-07-25,IN,INR,Kitchen,996.73,179.41,CARD,6,75,7,0,Mobile_Web,0,0
DHAN-ORD-104556,CUST-1867,2026-08-02,NP,NPR,Beauty,1910.32,248.34,KHALTI,2,19,0,0,Mobile_App,0,0
DHAN-ORD-104557,CUST-1160,2026-08-04,NP,NPR,Beauty,17046.78,2216.08,KHALTI,9,182,1,0,Mobile_App,0,0
DHAN-ORD-104558,CUST-2399,2026-09-19,IN,INR,Apparel,1784.38,321.19,RAZORPAY,2,168,1,0,Desktop,1,0
DHAN-ORD-104559,CUST-1891,2026-09-22,IN,INR,Computers,4023.96,724.31,RAZORPAY,9,295,3,0,Mobile_App,1,0
DHAN-ORD-104560,CUST-1413,2026-08-08,IN,INR,Toys,7755.68,1396.02,COD,6,132,0,0,Mobile_App,0,0
DHAN-ORD-104561,CUST-2284,2026-07-11,NP,NPR,Computers,6154.88,800.13,ESEWA,7,311,2,0,Mobile_Web,0,0
DHAN-ORD-104562,CUST-1302,2026-09-02,IN,INR,Beauty,8496.13,1529.3,CARD,9,69,3,0,Mobile_App,1,0
DHAN-ORD-104563,CUST-2218,2026-07-02,NP,NPR,Festive,23653.54,3074.96,COD,1,142,5,1,Desktop,0,0
DHAN-ORD-104564,CUST-1528,2026-07-08,NP,NPR,Beauty,4844.48,629.78,KHALTI,2,125,2,0,Mobile_App,0,1
DHAN-ORD-104565,CUST-1654,2026-09-07,NP,NPR,Computers,6290.76,817.8,COD,8,52,4,1,Mobile_App,1,0
DHAN-ORD-104566,CUST-2489,2026-07-09,IN,INR,Books,150.0,27.0,RAZORPAY,6,9,4,1,Mobile_App,0,0
DHAN-ORD-104567,CUST-1137,2026-07-08,IN,INR,Festive,10415.75,1874.84,UPI,2,54,6,0,Desktop,0,0
DHAN-ORD-104568,CUST-1178,2026-07-05,NP,NPR,Fitness,34666.67,4506.67,CONNECT_IPS,7,15,3,0,Mobile_App,0,0
DHAN-ORD-104569,CUST-1794,2026-08-28,IN,INR,Kitchen,628.31,113.1,UPI,7,80,4,0,Mobile_Web,0,0
DHAN-ORD-104570,CUST-2139,2026-07-21,NP,NPR,Electronics,6885.31,895.09,ESEWA,9,135,5,0,Mobile_App,0,1
DHAN-ORD-104571,CUST-1813,2026-08-03,NP,NPR,Books,13863.49,1802.25,ESEWA,3,86,4,1,Mobile_App,0,0
DHAN-ORD-104572,CUST-2130,2026-07-09,NP,NPR,Beauty,2025.55,263.32,KHALTI,9,200,6,0,Mobile_App,0,0
DHAN-ORD-104573,CUST-1667,2026-08-12,NP,NPR,Festive,1752.68,227.85,KHALTI,6,116,4,0,Mobile_App,0,0
DHAN-ORD-104574,CUST-1565,2026-08-12,NP,NPR,Kitchen,1812.2,235.59,KHALTI,3,167,2,1,Mobile_Web,0,1
DHAN-ORD-104575,CUST-2064,2026-07-12,NP,NPR,Kitchen,19328.59,2512.72,KHALTI,5,226,5,0,Mobile_App,0,0
DHAN-ORD-104576,CUST-1938,2026-07-16,IN,INR,Books,2122.93,382.13,COD,7,181,5,1,Mobile_App,0,0
DHAN-ORD-104577,CUST-1025,2026-07-08,IN,INR,Beauty,5980.16,1076.43,COD,4,80,5,1,Mobile_App,0,0
DHAN-ORD-104578,CUST-2434,2026-07-23,NP,NPR,Computers,17353.51,2255.96,KHALTI,1,166,2,0,Mobile_Web,0,0
DHAN-ORD-104579,CUST-2276,2026-08-01,NP,NPR,Electronics,18770.57,2440.17,COD,5,161,4,1,Mobile_App,0,0
DHAN-ORD-104580,CUST-2203,2026-09-20,NP,NPR,Beauty,15768.89,2049.96,COD,9,467,7,0,Desktop,1,1
DHAN-ORD-104581,CUST-2070,2026-07-11,NP,NPR,Computers,1372.99,178.49,ESEWA,4,73,3,0,Mobile_App,0,0
DHAN-ORD-104582,CUST-1859,2026-08-15,NP,NPR,Beauty,4559.24,592.7,KHALTI,5,62,1,0,Mobile_Web,0,0
DHAN-ORD-104583,CUST-1230,2026-08-13,NP,NPR,Kitchen,3737.76,485.91,ESEWA,2,29,4,1,Mobile_App,0,0
DHAN-ORD-104584,CUST-1848,2026-08-05,AE,AED,Fitness,162.98,8.15,APPLE_PAY,9,84,3,0,Mobile_Web,0,0
DHAN-ORD-104585,CUST-1306,2026-07-12,IN,INR,Kitchen,3727.78,671.0,UPI,1,284,5,1,Mobile_App,0,0
DHAN-ORD-104586,CUST-1303,2026-07-16,NP,NPR,Books,12693.04,1650.1,COD,3,197,4,0,Mobile_App,0,0
DHAN-ORD-104587,CUST-2160,2026-07-05,NP,NPR,Electronics,4590.42,596.75,ESEWA,9,37,4,0,Mobile_Web,0,0
DHAN-ORD-104588,CUST-2204,2026-08-03,NP,NPR,Apparel,1207.46,156.97,COD,1,207,6,0,Mobile_App,0,1
DHAN-ORD-104589,CUST-2193,2026-08-09,IN,INR,Computers,2906.69,523.2,UPI,8,49,2,0,Mobile_App,0,0
DHAN-ORD-104590,CUST-1205,2026-07-26,NP,NPR,Toys,1052.01,136.76,CONNECT_IPS,8,61,4,0,Mobile_Web,0,0
DHAN-ORD-104591,CUST-1216,2026-07-07,NP,NPR,Books,9960.46,1294.86,ESEWA,6,41,2,0,Desktop,0,0
DHAN-ORD-104592,CUST-2152,2026-07-22,IN,INR,Fitness,269.8,48.56,RAZORPAY,8,281,2,0,Desktop,0,0
DHAN-ORD-104593,CUST-1206,2026-07-12,NP,NPR,Apparel,2175.49,282.81,ESEWA,6,63,6,0,Mobile_App,0,0
DHAN-ORD-104594,CUST-1585,2026-07-17,NP,NPR,Beauty,1458.45,189.6,ESEWA,9,131,8,0,Mobile_Web,0,0
DHAN-ORD-104595,CUST-2096,2026-08-01,NP,NPR,Festive,215.0,27.95,ESEWA,8,156,2,0,Mobile_Web,0,0
DHAN-ORD-104596,CUST-1704,2026-08-11,NP,NPR,Festive,3242.17,421.48,COD,2,54,1,0,Mobile_App,0,1
DHAN-ORD-104597,CUST-1841,2026-07-08,NP,NPR,Books,4363.13,567.21,ESEWA,7,182,1,0,Mobile_App,0,0
DHAN-ORD-104598,CUST-1540,2026-07-16,NP,NPR,Kitchen,7673.12,997.51,COD,5,38,2,1,Mobile_App,0,1
DHAN-ORD-104599,CUST-1784,2026-07-10,NP,NPR,Books,1384.6,180.0,KHALTI,7,97,4,0,Mobile_Web,0,0
DHAN-ORD-104600,CUST-2341,2026-07-07,NP,NPR,Electronics,1225.04,159.26,COD,1,194,5,1,Mobile_App,0,0
DHAN-ORD-104601,CUST-1994,2026-08-15,IN,INR,Electronics,2152.05,387.37,RAZORPAY,1,53,3,0,Desktop,0,0
DHAN-ORD-104602,CUST-2171,2026-09-10,NP,NPR,Computers,10292.1,1337.97,COD,5,130,4,0,Mobile_Web,1,0
DHAN-ORD-104603,CUST-2247,2026-07-14,NP,NPR,Electronics,1359.44,176.73,ESEWA,9,77,2,0,Mobile_App,0,0
DHAN-ORD-104604,CUST-1968,2026-08-11,IN,INR,Toys,2087.08,375.67,CARD,8,232,1,0,Mobile_App,0,0
DHAN-ORD-104605,CUST-1076,2026-09-07,IN,INR,Festive,5536.95,996.65,UPI,1,91,4,0,Mobile_App,1,0
DHAN-ORD-104606,CUST-1352,2026-08-26,IN,INR,Fitness,2415.01,434.7,COD,3,37,0,0,Mobile_App,0,0
DHAN-ORD-104607,CUST-1564,2026-07-07,NP,NPR,Apparel,4500.84,585.11,COD,9,16,3,1,Desktop,0,0
DHAN-ORD-104608,CUST-1825,2026-07-04,NP,NPR,Beauty,6746.98,877.11,ESEWA,5,226,3,0,Mobile_App,0,0
DHAN-ORD-104609,CUST-1294,2026-07-15,IN,INR,Apparel,2574.77,463.46,UPI,9,161,1,0,Mobile_App,0,0
DHAN-ORD-104610,CUST-2266,2026-07-13,IN,INR,Kitchen,3598.42,647.72,UPI,7,36,4,1,Mobile_App,0,0
DHAN-ORD-104611,CUST-2246,2026-07-02,NP,NPR,Festive,29894.31,3886.26,KHALTI,5,90,4,0,Mobile_App,0,0
DHAN-ORD-104612,CUST-2394,2026-07-20,AE,AED,Apparel,150.0,7.5,COD,6,53,1,0,Mobile_App,0,0
DHAN-ORD-104613,CUST-2420,2026-07-04,NP,NPR,Apparel,341.66,44.42,COD,8,131,1,0,Desktop,0,1
DHAN-ORD-104614,CUST-1822,2026-07-09,AE,AED,Beauty,195.13,9.76,CARD,6,468,1,0,Mobile_App,0,0
DHAN-ORD-104615,CUST-1079,2026-07-12,IN,INR,Festive,649.25,116.86,UPI,1,2,3,0,Desktop,0,0
DHAN-ORD-104616,CUST-1810,2026-08-19,IN,INR,Electronics,1144.34,205.98,RAZORPAY,1,13,3,1,Mobile_App,0,0
DHAN-ORD-104617,CUST-1678,2026-09-01,AE,AED,Kitchen,1256.31,62.82,CARD,5,46,6,0,Mobile_App,1,0
DHAN-ORD-104618,CUST-2414,2026-07-11,IN,INR,Fitness,3901.89,702.34,RAZORPAY,4,119,1,0,Mobile_Web,0,0
DHAN-ORD-104619,CUST-1486,2026-08-28,NP,NPR,Beauty,2602.36,338.31,COD,1,57,0,0,Mobile_App,0,0
DHAN-ORD-104620,CUST-1100,2026-08-28,NP,NPR,Festive,10278.81,1336.25,ESEWA,9,35,5,0,Mobile_App,0,0
DHAN-ORD-104621,CUST-1973,2026-08-13,NP,NPR,Kitchen,393.53,51.16,COD,6,104,3,0,Mobile_Web,0,0
DHAN-ORD-104622,CUST-1550,2026-07-05,NP,NPR,Kitchen,522.67,67.95,KHALTI,9,89,2,0,Desktop,0,0
DHAN-ORD-104623,CUST-1762,2026-08-05,IN,INR,Festive,2945.04,530.11,UPI,2,30,2,0,Mobile_App,0,1
DHAN-ORD-104624,CUST-1041,2026-09-26,NP,NPR,Beauty,5776.22,750.91,ESEWA,7,216,3,1,Desktop,1,1
DHAN-ORD-104625,CUST-1691,2026-08-04,NP,NPR,Beauty,3744.84,486.83,ESEWA,9,147,7,0,Mobile_Web,0,1
DHAN-ORD-104626,CUST-1620,2026-07-13,IN,INR,Kitchen,4904.74,882.85,UPI,8,122,1,0,Mobile_Web,0,0
DHAN-ORD-104627,CUST-1636,2026-07-21,IN,INR,Electronics,4925.81,886.65,UPI,2,51,5,0,Desktop,0,0
DHAN-ORD-104628,CUST-1574,2026-08-01,NP,NPR,Apparel,9977.2,1297.04,ESEWA,5,47,2,2,Mobile_App,0,0
DHAN-ORD-104629,CUST-2006,2026-07-22,NP,NPR,Computers,5596.54,727.55,ESEWA,7,133,2,0,Mobile_App,0,0
DHAN-ORD-104630,CUST-2425,2026-07-04,NP,NPR,Festive,4437.16,576.83,COD,9,179,3,1,Mobile_App,0,1
DHAN-ORD-104631,CUST-2402,2026-07-12,IN,INR,Fitness,1276.19,229.71,UPI,7,222,3,0,Mobile_App,0,0
DHAN-ORD-104632,CUST-1201,2026-08-18,NP,NPR,Electronics,10144.33,1318.76,ESEWA,1,173,4,0,Mobile_App,0,0
DHAN-ORD-104633,CUST-1466,2026-08-29,IN,INR,Apparel,1235.06,222.31,UPI,2,70,2,0,Mobile_App,0,0
DHAN-ORD-104634,CUST-1275,2026-07-05,NP,NPR,Apparel,382.42,49.71,ESEWA,4,215,5,0,Mobile_App,0,0
DHAN-ORD-104635,CUST-1615,2026-07-02,NP,NPR,Electronics,17506.0,2275.78,COD,1,182,0,0,Mobile_App,0,0
DHAN-ORD-104636,CUST-1907,2026-07-12,AE,AED,Electronics,263.43,13.17,CARD,2,176,2,0,Mobile_App,0,1
DHAN-ORD-104637,CUST-1657,2026-08-02,NP,NPR,Kitchen,1294.33,168.26,COD,7,112,2,0,Mobile_App,0,0
DHAN-ORD-104638,CUST-1551,2026-08-11,NP,NPR,Apparel,7404.43,962.58,ESEWA,6,92,3,0,Mobile_App,0,0
DHAN-ORD-104639,CUST-2492,2026-08-20,NP,NPR,Apparel,26912.89,3498.68,ESEWA,2,51,5,3,Mobile_App,0,0
DHAN-ORD-104640,CUST-1853,2026-09-26,NP,NPR,Beauty,10955.65,1424.23,KHALTI,2,107,3,0,Desktop,1,0
DHAN-ORD-104641,CUST-2238,2026-07-12,NP,NPR,Toys,3661.92,476.05,ESEWA,7,50,3,0,Mobile_App,0,0
DHAN-ORD-104642,CUST-2322,2026-08-28,NP,NPR,Toys,2940.21,382.23,ESEWA,6,185,1,0,Mobile_App,0,0
DHAN-ORD-104643,CUST-1182,2026-07-05,NP,NPR,Apparel,899.5,116.94,KHALTI,8,57,2,0,Mobile_App,0,0
DHAN-ORD-104644,CUST-1384,2026-08-06,NP,NPR,Fitness,1883.86,244.9,ESEWA,2,68,4,0,Mobile_App,0,0
DHAN-ORD-104645,CUST-1904,2026-08-10,IN,INR,Kitchen,8143.37,1465.81,COD,7,117,2,0,Desktop,0,1
DHAN-ORD-104646,CUST-1432,2026-08-03,IN,INR,Festive,6027.64,1084.98,CARD,6,24,8,1,Mobile_App,0,0
DHAN-ORD-104647,CUST-1833,2026-07-09,NP,NPR,Apparel,1179.19,153.29,ESEWA,9,77,3,0,Mobile_App,0,0
DHAN-ORD-104648,CUST-1992,2026-08-31,IN,INR,Festive,604.64,108.84,CARD,1,107,7,1,Mobile_App,0,0
DHAN-ORD-104649,CUST-2057,2026-07-06,NP,NPR,Beauty,2056.4,267.33,ESEWA,4,143,4,0,Desktop,0,0
DHAN-ORD-104650,CUST-1765,2026-07-02,NP,NPR,Electronics,636.85,82.79,COD,6,223,6,0,Mobile_Web,0,0
DHAN-ORD-104651,CUST-1115,2026-08-07,NP,NPR,Beauty,1174.88,152.73,KHALTI,4,116,4,0,Mobile_App,0,0
DHAN-ORD-104652,CUST-2055,2026-07-20,NP,NPR,Kitchen,2639.14,343.09,ESEWA,2,47,3,1,Mobile_App,0,0
DHAN-ORD-104653,CUST-1325,2026-08-26,NP,NPR,Apparel,1433.28,186.33,COD,2,33,3,1,Mobile_App,0,1
DHAN-ORD-104654,CUST-1134,2026-07-15,NP,NPR,Beauty,1350.1,175.51,COD,9,285,2,0,Mobile_App,0,0
DHAN-ORD-104655,CUST-1637,2026-07-06,IN,INR,Festive,2402.63,432.47,RAZORPAY,8,143,3,0,Mobile_App,0,1
DHAN-ORD-104656,CUST-2453,2026-08-24,AE,AED,Apparel,150.0,7.5,CARD,6,76,3,0,Mobile_App,0,0
DHAN-ORD-104657,CUST-2037,2026-07-24,NP,NPR,Apparel,13731.41,1785.08,ESEWA,6,182,4,0,Mobile_Web,0,0
DHAN-ORD-104658,CUST-1826,2026-07-07,IN,INR,Electronics,8816.31,1586.94,COD,5,151,3,0,Mobile_App,0,0
DHAN-ORD-104659,CUST-1277,2026-08-08,IN,INR,Books,1739.92,313.19,UPI,2,136,3,0,Mobile_Web,0,0
DHAN-ORD-104660,CUST-2073,2026-07-22,IN,INR,Festive,1653.91,297.7,RAZORPAY,6,51,5,1,Mobile_App,0,0
DHAN-ORD-104661,CUST-2164,2026-07-28,NP,NPR,Fitness,4257.25,553.44,ESEWA,9,57,4,0,Mobile_App,0,0
DHAN-ORD-104662,CUST-1059,2026-07-19,NP,NPR,Kitchen,28334.83,3683.53,CONNECT_IPS,2,149,1,1,Mobile_App,0,1
DHAN-ORD-104663,CUST-1355,2026-08-22,NP,NPR,Beauty,1272.22,165.39,KHALTI,3,49,3,0,Mobile_Web,0,0
DHAN-ORD-104664,CUST-1394,2026-08-23,NP,NPR,Computers,2070.94,269.22,ESEWA,9,22,3,0,Mobile_App,0,0
DHAN-ORD-104665,CUST-1411,2026-08-07,IN,INR,Beauty,1423.88,256.3,RAZORPAY,1,13,3,0,Mobile_App,0,0
DHAN-ORD-104666,CUST-1118,2026-07-04,NP,NPR,Computers,1725.6,224.33,KHALTI,6,61,5,1,Mobile_App,0,0
DHAN-ORD-104667,CUST-1510,2026-08-24,NP,NPR,Apparel,6393.28,831.13,KHALTI,3,117,3,0,Mobile_App,0,0
DHAN-ORD-104668,CUST-1067,2026-08-03,IN,INR,Apparel,1948.6,350.75,UPI,4,276,2,0,Mobile_App,0,0
DHAN-ORD-104669,CUST-1934,2026-08-05,IN,INR,Kitchen,1561.52,281.07,COD,4,189,2,0,Mobile_Web,0,1
DHAN-ORD-104670,CUST-1103,2026-07-14,NP,NPR,Beauty,3346.92,435.1,COD,7,61,3,0,Mobile_App,0,1
DHAN-ORD-104671,CUST-1738,2026-09-02,IN,INR,Festive,1981.49,356.67,UPI,1,27,4,0,Mobile_Web,1,0
DHAN-ORD-104672,CUST-2443,2026-08-08,NP,NPR,Computers,15104.87,1963.63,COD,2,89,4,1,Mobile_App,0,0
DHAN-ORD-104673,CUST-1407,2026-07-04,NP,NPR,Fitness,18757.3,2438.45,ESEWA,1,240,1,0,Mobile_Web,0,0
DHAN-ORD-104674,CUST-1561,2026-07-16,NP,NPR,Electronics,1575.04,204.76,KHALTI,9,72,6,1,Mobile_App,0,1
DHAN-ORD-104675,CUST-1754,2026-09-04,IN,INR,Computers,2075.01,373.5,UPI,5,364,5,1,Mobile_App,1,0
DHAN-ORD-104676,CUST-1950,2026-07-02,AE,AED,Electronics,874.94,43.75,APPLE_PAY,1,164,10,1,Mobile_App,0,0
DHAN-ORD-104677,CUST-2034,2026-07-08,NP,NPR,Toys,891.65,115.91,ESEWA,9,104,7,1,Mobile_App,0,0
DHAN-ORD-104678,CUST-1812,2026-08-04,NP,NPR,Kitchen,7780.19,1011.42,KHALTI,4,159,6,1,Mobile_App,0,0
DHAN-ORD-104679,CUST-2301,2026-07-30,NP,NPR,Festive,1865.78,242.55,ESEWA,2,87,2,0,Mobile_App,0,0
DHAN-ORD-104680,CUST-1253,2026-07-10,NP,NPR,Beauty,4596.46,597.54,COD,6,186,5,0,Desktop,0,1
DHAN-ORD-104681,CUST-2395,2026-07-09,NP,NPR,Computers,2038.45,265.0,ESEWA,4,69,8,0,Mobile_App,0,0
DHAN-ORD-104682,CUST-1062,2026-09-24,NP,NPR,Toys,1775.65,230.83,COD,2,27,2,1,Mobile_App,1,1
DHAN-ORD-104683,CUST-1495,2026-07-11,IN,INR,Computers,1763.31,317.4,UPI,8,40,7,0,Mobile_Web,0,0
DHAN-ORD-104684,CUST-1762,2026-08-14,IN,INR,Fitness,2364.52,425.61,RAZORPAY,6,45,5,0,Mobile_Web,0,0
DHAN-ORD-104685,CUST-2001,2026-07-15,NP,NPR,Electronics,5963.03,775.19,KHALTI,5,60,2,0,Desktop,0,0
DHAN-ORD-104686,CUST-2216,2026-07-05,NP,NPR,Kitchen,10790.4,1402.75,KHALTI,8,39,5,0,Mobile_App,0,0
DHAN-ORD-104687,CUST-1913,2026-07-01,NP,NPR,Toys,2568.14,333.86,COD,3,125,7,0,Mobile_App,0,1
DHAN-ORD-104688,CUST-1363,2026-07-24,NP,NPR,Books,4643.69,603.68,KHALTI,8,95,1,0,Mobile_Web,0,0
DHAN-ORD-104689,CUST-1971,2026-07-22,IN,INR,Kitchen,487.45,87.74,COD,1,54,5,1,Mobile_App,0,0
DHAN-ORD-104690,CUST-2201,2026-07-14,AE,AED,Festive,150.0,7.5,CARD,6,42,5,0,Mobile_Web,0,0
DHAN-ORD-104691,CUST-2129,2026-07-14,NP,NPR,Electronics,31187.41,4054.36,ESEWA,2,60,2,0,Mobile_App,0,0
DHAN-ORD-104692,CUST-1716,2026-07-13,NP,NPR,Fitness,2666.71,346.67,ESEWA,2,271,4,0,Mobile_Web,0,0
DHAN-ORD-104693,CUST-1705,2026-07-23,IN,INR,Apparel,4953.13,891.56,UPI,3,156,3,0,Mobile_App,0,1
DHAN-ORD-104694,CUST-1334,2026-07-18,NP,NPR,Electronics,945.44,122.91,COD,9,41,5,0,Mobile_App,0,0
DHAN-ORD-104695,CUST-1529,2026-09-02,IN,INR,Electronics,2117.72,381.19,COD,2,180,7,2,Mobile_Web,1,0
DHAN-ORD-104696,CUST-2410,2026-07-22,NP,NPR,Computers,3888.31,505.48,ESEWA,9,122,4,0,Mobile_App,0,0
DHAN-ORD-104697,CUST-1185,2026-07-22,IN,INR,Kitchen,9265.61,1667.81,RAZORPAY,4,99,3,0,Mobile_App,0,0
DHAN-ORD-104698,CUST-1583,2026-07-05,NP,NPR,Electronics,1186.28,154.22,KHALTI,7,97,5,0,Mobile_Web,0,0
DHAN-ORD-104699,CUST-1056,2026-08-01,IN,INR,Apparel,803.3,144.59,CARD,2,75,2,0,Mobile_App,0,0
DHAN-ORD-104700,CUST-1791,2026-07-09,IN,INR,Books,1250.1,225.02,UPI,8,108,2,0,Mobile_App,0,0
DHAN-ORD-104701,CUST-1101,2026-07-03,NP,NPR,Computers,13944.13,1812.74,KHALTI,3,32,4,1,Mobile_Web,0,0
DHAN-ORD-104702,CUST-1333,2026-08-02,IN,INR,Beauty,7327.77,1319.0,RAZORPAY,1,572,6,0,Mobile_App,0,0
DHAN-ORD-104703,CUST-2171,2026-07-28,IN,INR,Apparel,4303.99,774.72,COD,1,228,0,0,Mobile_Web,0,0
DHAN-ORD-104704,CUST-1438,2026-07-17,NP,NPR,Festive,698.93,90.86,COD,5,110,3,1,Mobile_App,0,0
DHAN-ORD-104705,CUST-1453,2026-07-17,NP,NPR,Beauty,656.64,85.36,KHALTI,8,45,9,1,Mobile_Web,0,0
DHAN-ORD-104706,CUST-2325,2026-08-16,NP,NPR,Beauty,4661.67,606.02,ESEWA,8,109,0,0,Mobile_App,0,0
DHAN-ORD-104707,CUST-1461,2026-07-07,NP,NPR,Beauty,1715.06,222.96,COD,5,303,4,0,Mobile_App,0,0
DHAN-ORD-104708,CUST-2387,2026-08-21,NP,NPR,Electronics,2739.1,356.08,ESEWA,3,22,4,0,Mobile_App,0,0
DHAN-ORD-104709,CUST-1423,2026-08-01,IN,INR,Computers,5688.6,1023.95,UPI,9,38,1,0,Mobile_App,0,0
DHAN-ORD-104710,CUST-1551,2026-07-17,NP,NPR,Kitchen,4917.02,639.21,KHALTI,3,96,4,0,Mobile_App,0,0
DHAN-ORD-104711,CUST-2334,2026-07-19,IN,INR,Computers,2165.03,389.71,UPI,5,200,5,0,Mobile_App,0,0
DHAN-ORD-104712,CUST-1838,2026-07-09,NP,NPR,Apparel,4516.03,587.08,ESEWA,7,452,4,1,Mobile_App,0,0
DHAN-ORD-104713,CUST-2051,2026-08-11,NP,NPR,Electronics,4348.67,565.33,KHALTI,1,164,0,0,Desktop,0,1
DHAN-ORD-104714,CUST-1041,2026-07-22,NP,NPR,Beauty,40479.38,5262.32,COD,6,152,5,0,Mobile_Web,0,1
DHAN-ORD-104715,CUST-2397,2026-07-12,NP,NPR,Computers,6400.99,832.13,KHALTI,1,103,2,0,Mobile_App,0,1
DHAN-ORD-104716,CUST-1018,2026-07-28,NP,NPR,Festive,37539.27,4880.11,ESEWA,9,29,3,0,Mobile_Web,0,1
DHAN-ORD-104717,CUST-1970,2026-09-12,NP,NPR,Festive,6977.65,907.09,KHALTI,2,160,5,0,Desktop,1,0
DHAN-ORD-104718,CUST-1270,2026-07-18,NP,NPR,Electronics,9203.97,1196.52,ESEWA,5,120,3,0,Mobile_Web,0,0
DHAN-ORD-104719,CUST-2325,2026-09-15,IN,INR,Kitchen,830.74,149.53,UPI,2,155,2,0,Mobile_App,1,0
DHAN-ORD-104720,CUST-1354,2026-07-13,IN,INR,Apparel,1746.24,314.32,RAZORPAY,9,96,2,0,Mobile_Web,0,0
DHAN-ORD-104721,CUST-2231,2026-07-02,NP,NPR,Computers,13812.78,1795.66,ESEWA,6,271,2,0,Mobile_Web,0,0
DHAN-ORD-104722,CUST-1017,2026-07-07,IN,INR,Kitchen,1841.61,331.49,UPI,5,36,5,0,Mobile_App,0,0
DHAN-ORD-104723,CUST-1458,2026-07-17,IN,INR,Electronics,4036.92,726.65,UPI,4,135,4,1,Mobile_App,0,0
DHAN-ORD-104724,CUST-1516,2026-07-08,NP,NPR,Festive,2152.66,279.85,COD,1,106,2,0,Mobile_App,0,1
DHAN-ORD-104725,CUST-2245,2026-07-01,AE,AED,Festive,202.54,10.13,CARD,4,45,4,0,Desktop,0,0
DHAN-ORD-104726,CUST-1625,2026-09-12,IN,INR,Apparel,3328.68,599.16,RAZORPAY,7,155,3,0,Mobile_App,1,0
DHAN-ORD-104727,CUST-2459,2026-08-25,NP,NPR,Beauty,3135.99,407.68,ESEWA,3,71,1,0,Mobile_App,0,0
DHAN-ORD-104728,CUST-2452,2026-08-10,NP,NPR,Festive,4161.86,541.04,ESEWA,3,59,2,1,Mobile_App,0,1
DHAN-ORD-104729,CUST-2316,2026-07-06,NP,NPR,Festive,9216.59,1198.16,COD,9,80,7,0,Mobile_App,0,0
DHAN-ORD-104730,CUST-1563,2026-07-04,NP,NPR,Books,1115.38,145.0,ESEWA,8,184,7,1,Mobile_App,0,0
DHAN-ORD-104731,CUST-1867,2026-07-03,IN,INR,Computers,939.26,169.07,RAZORPAY,3,38,5,0,Mobile_App,0,0
DHAN-ORD-104732,CUST-1771,2026-08-08,NP,NPR,Electronics,5053.51,656.96,ESEWA,4,83,5,2,Mobile_App,0,1
DHAN-ORD-104733,CUST-1714,2026-09-18,IN,INR,Apparel,1445.79,260.24,CARD,5,205,3,0,Mobile_App,1,0
DHAN-ORD-104734,CUST-1940,2026-07-17,IN,INR,Beauty,8411.44,1514.06,RAZORPAY,5,166,1,0,Mobile_App,0,0
DHAN-ORD-104735,CUST-1516,2026-07-04,IN,INR,Computers,2886.42,519.56,UPI,6,183,1,0,Mobile_App,0,0
DHAN-ORD-104736,CUST-1446,2026-07-22,IN,INR,Computers,392.92,70.73,RAZORPAY,5,135,7,0,Mobile_App,0,0
DHAN-ORD-104737,CUST-1955,2026-07-13,NP,NPR,Festive,1750.92,227.62,CONNECT_IPS,4,184,6,1,Mobile_App,0,0
DHAN-ORD-104738,CUST-1618,2026-07-15,NP,NPR,Festive,5602.01,728.26,ESEWA,4,311,1,0,Desktop,0,0
DHAN-ORD-104739,CUST-2386,2026-07-30,IN,INR,Kitchen,1397.27,251.51,UPI,2,190,5,0,Desktop,0,1
DHAN-ORD-104740,CUST-2066,2026-08-08,NP,NPR,Festive,14621.15,1900.75,ESEWA,5,148,6,1,Desktop,0,0
DHAN-ORD-104741,CUST-2277,2026-07-04,NP,NPR,Apparel,13470.83,1751.21,COD,6,121,4,0,Mobile_App,0,0
DHAN-ORD-104742,CUST-1813,2026-07-02,IN,INR,Fitness,5928.56,1067.14,RAZORPAY,6,67,4,0,Mobile_App,0,0
DHAN-ORD-104743,CUST-2197,2026-09-04,IN,INR,Kitchen,2020.11,363.62,RAZORPAY,4,147,6,1,Mobile_App,1,0
DHAN-ORD-104744,CUST-1209,2026-07-08,NP,NPR,Computers,954.99,124.15,ESEWA,9,157,5,1,Mobile_Web,0,0
DHAN-ORD-104745,CUST-1015,2026-07-02,IN,INR,Kitchen,1093.64,196.86,COD,4,87,5,0,Mobile_App,0,0
DHAN-ORD-104746,CUST-2047,2026-07-07,IN,INR,Beauty,1806.8,325.22,COD,6,310,2,0,Desktop,0,0
DHAN-ORD-104747,CUST-2356,2026-07-02,NP,NPR,Apparel,318.88,41.45,ESEWA,3,158,4,0,Mobile_App,0,0
DHAN-ORD-104748,CUST-1766,2026-07-15,NP,NPR,Computers,10863.25,1412.22,KHALTI,9,74,7,1,Mobile_Web,0,0
DHAN-ORD-104749,CUST-2149,2026-08-18,AE,AED,Books,285.96,14.3,CARD,6,137,1,1,Mobile_Web,0,1
DHAN-ORD-104750,CUST-2325,2026-07-13,NP,NPR,Electronics,13914.3,1808.86,COD,9,50,7,0,Mobile_App,0,0
DHAN-ORD-104751,CUST-2216,2026-07-18,NP,NPR,Electronics,822.7,106.95,ESEWA,3,166,5,1,Mobile_App,0,0
DHAN-ORD-104752,CUST-2247,2026-08-03,NP,NPR,Beauty,12616.34,1640.12,KHALTI,7,148,5,1,Mobile_App,0,0
DHAN-ORD-104753,CUST-1578,2026-07-22,IN,INR,Beauty,4199.07,755.83,UPI,5,201,5,0,Desktop,0,0
DHAN-ORD-104754,CUST-1611,2026-08-29,NP,NPR,Kitchen,3713.04,482.7,COD,5,67,1,0,Desktop,0,0
DHAN-ORD-104755,CUST-2401,2026-08-30,NP,NPR,Fitness,3223.54,419.06,ESEWA,1,36,3,0,Mobile_App,0,1
DHAN-ORD-104756,CUST-1221,2026-07-01,NP,NPR,Beauty,11736.04,1525.69,ESEWA,9,46,5,0,Mobile_App,0,0
DHAN-ORD-104757,CUST-1986,2026-08-15,AE,AED,Apparel,622.76,31.14,CARD,1,247,0,0,Desktop,0,0
DHAN-ORD-104758,CUST-1130,2026-07-19,NP,NPR,Toys,3748.03,487.24,KHALTI,4,187,5,1,Mobile_App,0,0
DHAN-ORD-104759,CUST-1688,2026-08-14,IN,INR,Computers,3462.17,623.19,RAZORPAY,6,99,0,0,Mobile_App,0,0
DHAN-ORD-104760,CUST-1566,2026-07-20,AE,AED,Apparel,150.0,7.5,CARD,6,103,5,2,Mobile_Web,0,0
DHAN-ORD-104761,CUST-2311,2026-08-10,NP,NPR,Festive,1607.55,208.98,COD,5,97,1,0,Mobile_App,0,0
DHAN-ORD-104762,CUST-1665,2026-08-12,AE,AED,Computers,150.0,7.5,CARD,6,63,5,0,Mobile_App,0,0
DHAN-ORD-104763,CUST-1567,2026-07-09,AE,AED,Kitchen,201.6,10.08,APPLE_PAY,3,195,4,2,Desktop,0,0
DHAN-ORD-104764,CUST-1534,2026-07-24,IN,INR,Festive,828.79,149.18,UPI,9,41,5,0,Mobile_App,0,0
DHAN-ORD-104765,CUST-2343,2026-08-25,NP,NPR,Kitchen,3107.15,403.93,COD,2,91,5,0,Mobile_App,0,1
DHAN-ORD-104766,CUST-2456,2026-08-28,IN,INR,Beauty,2512.8,452.3,UPI,1,33,6,0,Mobile_App,0,0
DHAN-ORD-104767,CUST-2334,2026-07-04,IN,INR,Books,1220.19,219.63,UPI,5,74,1,0,Mobile_App,0,0
DHAN-ORD-104768,CUST-1611,2026-08-06,AE,AED,Electronics,510.27,25.51,CARD,6,75,4,0,Mobile_Web,0,0
DHAN-ORD-104769,CUST-1385,2026-07-13,NP,NPR,Computers,10828.38,1407.69,COD,1,141,4,0,Mobile_App,0,1
DHAN-ORD-104770,CUST-1307,2026-07-01,IN,INR,Festive,4949.26,890.87,RAZORPAY,8,61,4,0,Mobile_App,0,1
DHAN-ORD-104771,CUST-2059,2026-07-16,NP,NPR,Festive,4537.28,589.85,KHALTI,1,99,5,1,Mobile_App,0,0
DHAN-ORD-104772,CUST-1492,2026-07-09,NP,NPR,Beauty,1810.96,235.42,ESEWA,1,69,5,0,Mobile_App,0,0
DHAN-ORD-104773,CUST-1116,2026-08-21,NP,NPR,Beauty,1638.01,212.94,KHALTI,9,421,4,0,Mobile_App,0,0
DHAN-ORD-104774,CUST-2228,2026-07-13,IN,INR,Festive,4155.95,748.07,UPI,6,89,6,0,Mobile_App,0,0
DHAN-ORD-104775,CUST-1827,2026-08-22,NP,NPR,Toys,20239.19,2631.09,KHALTI,7,258,3,0,Mobile_App,0,0
DHAN-ORD-104776,CUST-2352,2026-07-01,NP,NPR,Electronics,1219.67,158.56,ESEWA,4,89,6,0,Mobile_App,0,0
DHAN-ORD-104777,CUST-1654,2026-07-12,AE,AED,Computers,341.64,17.08,APPLE_PAY,8,64,2,0,Mobile_App,0,0
DHAN-ORD-104778,CUST-2394,2026-07-09,NP,NPR,Beauty,5165.5,671.51,CONNECT_IPS,8,66,3,0,Mobile_App,0,0
DHAN-ORD-104779,CUST-1286,2026-07-08,IN,INR,Festive,6853.04,1233.55,UPI,4,139,5,2,Mobile_Web,0,1
DHAN-ORD-104780,CUST-2477,2026-07-03,NP,NPR,Festive,4441.82,577.44,KHALTI,4,53,3,0,Mobile_App,0,0
DHAN-ORD-104781,CUST-1052,2026-07-07,NP,NPR,Books,1160.44,150.86,COD,8,29,2,0,Mobile_App,0,0
DHAN-ORD-104782,CUST-2342,2026-07-25,IN,INR,Festive,753.35,135.6,RAZORPAY,6,128,2,0,Mobile_App,0,0
DHAN-ORD-104783,CUST-2018,2026-07-11,AE,AED,Apparel,171.22,8.56,CARD,9,217,6,0,Mobile_App,0,0
DHAN-ORD-104784,CUST-1605,2026-07-17,NP,NPR,Kitchen,34029.92,4423.89,COD,9,168,4,1,Mobile_App,0,0
DHAN-ORD-104785,CUST-1531,2026-07-15,IN,INR,Fitness,1444.27,259.97,RAZORPAY,4,131,2,1,Mobile_App,0,1
DHAN-ORD-104786,CUST-1857,2026-09-01,NP,NPR,Toys,20709.7,2692.26,COD,9,102,1,0,Mobile_App,1,1
DHAN-ORD-104787,CUST-1828,2026-09-09,NP,NPR,Beauty,888.05,115.45,KHALTI,6,156,4,0,Mobile_Web,1,0
DHAN-ORD-104788,CUST-1795,2026-07-21,NP,NPR,Computers,2564.58,333.4,ESEWA,8,141,1,0,Mobile_Web,0,0
DHAN-ORD-104789,CUST-1072,2026-07-13,NP,NPR,Festive,733.94,95.41,KHALTI,4,220,3,0,Mobile_App,0,0
DHAN-ORD-104790,CUST-2194,2026-07-04,NP,NPR,Beauty,12541.51,1630.4,ESEWA,4,8,6,0,Mobile_App,0,0
DHAN-ORD-104791,CUST-2450,2026-07-02,NP,NPR,Kitchen,4304.48,559.58,KHALTI,2,241,4,1,Mobile_Web,0,0
DHAN-ORD-104792,CUST-2171,2026-07-02,NP,NPR,Apparel,2356.82,306.39,ESEWA,7,117,3,0,Mobile_App,0,0
DHAN-ORD-104793,CUST-1388,2026-07-11,NP,NPR,Apparel,3167.53,411.78,KHALTI,8,281,2,0,Mobile_App,0,0
DHAN-ORD-104794,CUST-1702,2026-07-11,NP,NPR,Electronics,7349.44,955.43,ESEWA,5,37,6,2,Mobile_App,0,0
DHAN-ORD-104795,CUST-2487,2026-07-12,IN,INR,Festive,8414.21,1514.56,CARD,8,165,4,0,Mobile_App,0,0
DHAN-ORD-104796,CUST-2460,2026-07-06,AE,AED,Electronics,150.0,7.5,COD,6,133,5,0,Mobile_Web,0,0
DHAN-ORD-104797,CUST-1455,2026-08-15,IN,INR,Electronics,3521.14,633.81,COD,2,83,4,1,Mobile_App,0,0
DHAN-ORD-104798,CUST-2405,2026-07-04,NP,NPR,Kitchen,13908.75,1808.14,KHALTI,3,181,2,0,Mobile_App,0,0
DHAN-ORD-104799,CUST-2094,2026-07-31,AE,AED,Toys,150.0,7.5,APPLE_PAY,6,121,3,0,Desktop,0,0
DHAN-ORD-104800,CUST-2307,2026-07-04,IN,INR,Books,7221.24,1299.82,RAZORPAY,3,124,4,0,Desktop,0,0
DHAN-ORD-104801,CUST-1974,2026-07-03,NP,NPR,Fitness,33762.54,4389.13,CONNECT_IPS,3,172,2,1,Mobile_App,0,0
DHAN-ORD-104802,CUST-2375,2026-09-11,NP,NPR,Books,8644.25,1123.75,ESEWA,4,86,5,1,Mobile_App,1,0
DHAN-ORD-104803,CUST-1734,2026-07-07,IN,INR,Computers,3226.77,580.82,RAZORPAY,4,78,6,1,Mobile_App,0,0
DHAN-ORD-104804,CUST-2038,2026-08-21,IN,INR,Computers,934.07,168.13,RAZORPAY,7,141,4,0,Mobile_App,0,0
DHAN-ORD-104805,CUST-1614,2026-07-24,IN,INR,Apparel,4690.34,844.26,COD,1,78,3,0,Mobile_App,0,0
DHAN-ORD-104806,CUST-1348,2026-07-03,IN,INR,Electronics,2889.9,520.18,UPI,9,22,4,1,Mobile_App,0,1
DHAN-ORD-104807,CUST-2346,2026-07-04,IN,INR,Festive,1005.43,180.98,RAZORPAY,6,90,3,0,Mobile_App,0,0
DHAN-ORD-104808,CUST-2143,2026-07-09,AE,AED,Apparel,150.0,7.5,CARD,6,133,7,1,Mobile_Web,0,0
DHAN-ORD-104809,CUST-1370,2026-08-28,NP,NPR,Books,5577.9,725.13,COD,6,115,3,0,Mobile_Web,0,0
DHAN-ORD-104810,CUST-1601,2026-07-06,NP,NPR,Electronics,9291.52,1207.9,ESEWA,3,43,3,0,Mobile_Web,0,1
DHAN-ORD-104811,CUST-1199,2026-08-27,IN,INR,Beauty,401.38,72.25,COD,5,50,4,0,Mobile_Web,0,1
DHAN-ORD-104812,CUST-1964,2026-07-01,NP,NPR,Beauty,3059.34,397.71,ESEWA,8,204,3,0,Desktop,0,1
DHAN-ORD-104813,CUST-1262,2026-07-22,IN,INR,Electronics,825.35,148.56,UPI,6,188,2,0,Mobile_Web,0,0
DHAN-ORD-104814,CUST-1529,2026-08-14,AE,AED,Apparel,417.0,20.85,APPLE_PAY,3,136,4,0,Desktop,0,0
DHAN-ORD-104815,CUST-2485,2026-09-20,IN,INR,Kitchen,639.31,115.08,UPI,9,111,5,0,Mobile_Web,1,0
DHAN-ORD-104816,CUST-2144,2026-09-10,IN,INR,Kitchen,8017.4,1443.13,COD,7,32,3,0,Mobile_App,1,0
DHAN-ORD-104817,CUST-1374,2026-08-21,NP,NPR,Kitchen,845.25,109.88,ESEWA,8,17,4,0,Mobile_Web,0,0
DHAN-ORD-104818,CUST-2392,2026-09-04,NP,NPR,Computers,3258.75,423.64,KHALTI,9,234,4,0,Mobile_Web,1,0
DHAN-ORD-104819,CUST-1687,2026-07-07,NP,NPR,Beauty,1565.81,203.56,CONNECT_IPS,8,55,5,1,Mobile_App,0,0
DHAN-ORD-104820,CUST-2340,2026-07-11,IN,INR,Kitchen,398.74,71.77,UPI,2,26,5,0,Mobile_App,0,0
DHAN-ORD-104821,CUST-1182,2026-07-11,IN,INR,Computers,5211.4,938.05,RAZORPAY,9,263,1,0,Mobile_App,0,0
DHAN-ORD-104822,CUST-1455,2026-07-15,IN,INR,Electronics,7087.53,1275.76,RAZORPAY,4,100,2,0,Mobile_App,0,0
DHAN-ORD-104823,CUST-1727,2026-07-15,NP,NPR,Electronics,652.98,84.89,ESEWA,4,119,2,0,Mobile_App,0,0
DHAN-ORD-104824,CUST-1457,2026-07-24,NP,NPR,Kitchen,6995.32,909.39,ESEWA,2,26,3,1,Mobile_App,0,1
DHAN-ORD-104825,CUST-1628,2026-07-06,IN,INR,Computers,1896.39,341.35,UPI,6,44,2,0,Desktop,0,0
DHAN-ORD-104826,CUST-1861,2026-08-05,NP,NPR,Beauty,2592.39,337.01,CONNECT_IPS,9,23,4,0,Mobile_App,0,0
DHAN-ORD-104827,CUST-1678,2026-07-06,NP,NPR,Apparel,12043.09,1565.6,KHALTI,1,162,5,0,Mobile_App,0,0
DHAN-ORD-104828,CUST-1761,2026-07-12,IN,INR,Apparel,982.31,176.82,COD,1,145,5,0,Mobile_Web,0,0
DHAN-ORD-104829,CUST-1533,2026-07-21,IN,INR,Fitness,3796.26,683.33,COD,7,67,5,2,Mobile_App,0,0
DHAN-ORD-104830,CUST-2199,2026-08-17,NP,NPR,Beauty,1870.58,243.18,ESEWA,7,7,5,1,Mobile_App,0,0
DHAN-ORD-104831,CUST-1602,2026-08-10,IN,INR,Beauty,1448.08,260.65,UPI,8,85,3,0,Mobile_App,0,0
DHAN-ORD-104832,CUST-1949,2026-08-01,NP,NPR,Fitness,4267.33,554.75,COD,1,181,3,0,Mobile_App,0,1
DHAN-ORD-104833,CUST-1241,2026-07-06,AE,AED,Kitchen,442.02,22.1,COD,1,15,2,0,Mobile_App,0,0
DHAN-ORD-104834,CUST-1963,2026-07-24,NP,NPR,Apparel,13111.35,1704.48,COD,7,51,3,0,Mobile_Web,0,0
DHAN-ORD-104835,CUST-1109,2026-07-03,NP,NPR,Kitchen,6161.63,801.01,CONNECT_IPS,5,220,3,0,Mobile_App,0,0
DHAN-ORD-104836,CUST-2299,2026-07-15,IN,INR,Kitchen,3144.79,566.06,UPI,3,112,1,0,Mobile_App,0,1
DHAN-ORD-104837,CUST-2195,2026-07-17,NP,NPR,Toys,4287.3,557.35,KHALTI,3,15,2,1,Mobile_App,0,1
DHAN-ORD-104838,CUST-2188,2026-07-02,IN,INR,Electronics,2813.66,506.46,COD,5,43,3,1,Mobile_App,0,1
DHAN-ORD-104839,CUST-2271,2026-07-10,IN,INR,Kitchen,2146.8,386.42,RAZORPAY,4,5,7,0,Mobile_App,0,1
DHAN-ORD-104840,CUST-1145,2026-07-04,IN,INR,Electronics,2103.89,378.7,UPI,6,150,5,0,Mobile_App,0,0
DHAN-ORD-104841,CUST-1967,2026-07-03,AE,AED,Kitchen,159.96,8.0,COD,6,173,3,0,Mobile_App,0,0
DHAN-ORD-104842,CUST-1398,2026-07-14,NP,NPR,Electronics,4488.02,583.44,COD,6,90,5,1,Mobile_App,0,1
DHAN-ORD-104843,CUST-2024,2026-07-02,IN,INR,Apparel,1533.62,276.05,RAZORPAY,3,120,1,0,Mobile_App,0,0
DHAN-ORD-104844,CUST-1245,2026-07-06,NP,NPR,Fitness,6686.19,869.2,ESEWA,8,51,4,0,Mobile_Web,0,1
DHAN-ORD-104845,CUST-2394,2026-07-15,NP,NPR,Fitness,1882.72,244.75,ESEWA,1,17,3,0,Mobile_Web,0,0
DHAN-ORD-104846,CUST-1781,2026-09-27,IN,INR,Kitchen,331.56,59.68,RAZORPAY,7,31,4,0,Mobile_App,1,0
DHAN-ORD-104847,CUST-2085,2026-07-05,NP,NPR,Books,1407.02,182.91,KHALTI,3,8,0,0,Mobile_App,0,0
DHAN-ORD-104848,CUST-1611,2026-08-13,IN,INR,Apparel,957.91,172.42,UPI,3,191,5,0,Desktop,0,0
DHAN-ORD-104849,CUST-1846,2026-07-04,NP,NPR,Kitchen,16544.55,2150.79,KHALTI,2,160,3,0,Mobile_App,0,0
DHAN-ORD-104850,CUST-1110,2026-07-30,IN,INR,Festive,3994.0,718.92,RAZORPAY,7,103,6,2,Mobile_App,0,1
DHAN-ORD-104851,CUST-1308,2026-07-15,AE,AED,Toys,375.07,18.75,COD,6,252,1,0,Mobile_App,0,0
DHAN-ORD-104852,CUST-1281,2026-08-14,NP,NPR,Toys,2419.93,314.59,CONNECT_IPS,7,215,2,1,Mobile_Web,0,0
DHAN-ORD-104853,CUST-1410,2026-07-13,IN,INR,Electronics,491.54,88.48,UPI,5,65,5,1,Mobile_Web,0,0
DHAN-ORD-104854,CUST-1701,2026-07-30,IN,INR,Beauty,169.35,30.48,UPI,7,9,1,0,Mobile_App,0,0
DHAN-ORD-104855,CUST-1838,2026-07-07,NP,NPR,Festive,3836.52,498.75,ESEWA,2,72,3,0,Mobile_App,0,0
DHAN-ORD-104856,CUST-2166,2026-07-05,NP,NPR,Beauty,2037.32,264.85,ESEWA,3,58,6,1,Mobile_Web,0,0
DHAN-ORD-104857,CUST-1937,2026-09-22,IN,INR,Apparel,347.65,62.58,UPI,5,155,0,0,Mobile_App,1,0
DHAN-ORD-104858,CUST-1293,2026-09-13,NP,NPR,Apparel,2106.06,273.79,KHALTI,9,431,5,0,Mobile_App,1,1
DHAN-ORD-104859,CUST-1647,2026-09-04,NP,NPR,Festive,1777.99,231.14,KHALTI,4,18,2,1,Mobile_App,1,1
DHAN-ORD-104860,CUST-2465,2026-07-30,IN,INR,Electronics,4026.35,724.74,RAZORPAY,3,78,3,1,Mobile_Web,0,0
DHAN-ORD-104861,CUST-1369,2026-08-19,NP,NPR,Apparel,5786.04,752.19,ESEWA,8,28,6,0,Desktop,0,0
DHAN-ORD-104862,CUST-1165,2026-07-03,AE,AED,Computers,292.33,14.62,CARD,4,108,5,0,Mobile_App,0,0
DHAN-ORD-104863,CUST-1998,2026-07-13,IN,INR,Apparel,4136.57,744.58,UPI,5,28,4,0,Mobile_App,0,0
DHAN-ORD-104864,CUST-1681,2026-07-12,IN,INR,Toys,1855.1,333.92,CARD,1,214,4,0,Mobile_App,0,0
DHAN-ORD-104865,CUST-2292,2026-07-31,NP,NPR,Computers,2110.8,274.4,CONNECT_IPS,4,142,4,0,Desktop,0,0
DHAN-ORD-104866,CUST-1362,2026-07-14,NP,NPR,Apparel,9809.85,1275.28,COD,8,41,2,1,Mobile_Web,0,1
DHAN-ORD-104867,CUST-1641,2026-07-05,NP,NPR,Kitchen,2577.44,335.07,ESEWA,3,137,5,1,Mobile_App,0,0
DHAN-ORD-104868,CUST-2299,2026-07-28,AE,AED,Computers,150.0,7.5,CARD,6,105,2,0,Mobile_App,0,0
DHAN-ORD-104869,CUST-1118,2026-08-20,NP,NPR,Kitchen,612.2,79.59,KHALTI,9,177,3,0,Desktop,0,0
DHAN-ORD-104870,CUST-1009,2026-07-15,NP,NPR,Electronics,1597.06,207.62,COD,4,20,3,1,Mobile_App,0,1
DHAN-ORD-104871,CUST-1925,2026-07-05,NP,NPR,Kitchen,6745.73,876.94,ESEWA,4,69,3,1,Mobile_App,0,0
DHAN-ORD-104872,CUST-1560,2026-07-07,NP,NPR,Kitchen,2239.29,291.11,KHALTI,7,264,3,0,Mobile_App,0,0
DHAN-ORD-104873,CUST-1428,2026-07-09,NP,NPR,Toys,13870.3,1803.14,CONNECT_IPS,1,132,2,0,Mobile_App,0,0
DHAN-ORD-104874,CUST-1345,2026-07-11,IN,INR,Fitness,2533.82,456.09,UPI,4,71,4,0,Desktop,0,0
DHAN-ORD-104875,CUST-2180,2026-07-31,NP,NPR,Apparel,5025.22,653.28,COD,3,83,3,1,Mobile_App,0,1
DHAN-ORD-104876,CUST-1324,2026-07-28,NP,NPR,Computers,6432.07,836.17,KHALTI,6,245,1,0,Mobile_App,0,0
DHAN-ORD-104877,CUST-2002,2026-08-05,NP,NPR,Festive,2277.1,296.02,ESEWA,9,272,2,0,Mobile_App,0,0
DHAN-ORD-104878,CUST-1180,2026-07-14,IN,INR,Apparel,2631.09,473.6,UPI,3,148,2,0,Mobile_Web,0,0
DHAN-ORD-104879,CUST-1265,2026-08-22,IN,INR,Computers,4431.73,797.71,CARD,3,107,3,0,Mobile_Web,0,0
DHAN-ORD-104880,CUST-2258,2026-07-07,NP,NPR,Fitness,467.41,60.76,COD,8,85,3,0,Mobile_App,0,0
DHAN-ORD-104881,CUST-1888,2026-07-19,IN,INR,Electronics,8284.81,1491.27,RAZORPAY,4,47,3,0,Mobile_App,0,0
DHAN-ORD-104882,CUST-2297,2026-08-18,NP,NPR,Apparel,9335.47,1213.61,ESEWA,2,152,5,0,Mobile_App,0,1
DHAN-ORD-104883,CUST-1879,2026-07-06,AE,AED,Beauty,150.0,7.5,CARD,6,45,6,1,Mobile_App,0,0
DHAN-ORD-104884,CUST-1826,2026-07-04,NP,NPR,Kitchen,5517.84,717.32,KHALTI,9,26,4,0,Mobile_Web,0,0
DHAN-ORD-104885,CUST-1878,2026-09-03,IN,INR,Festive,317.96,57.23,COD,2,89,4,1,Mobile_App,1,1
DHAN-ORD-104886,CUST-1977,2026-07-13,IN,INR,Kitchen,825.67,148.62,RAZORPAY,6,472,5,1,Mobile_App,0,0
DHAN-ORD-104887,CUST-1785,2026-08-04,IN,INR,Computers,18161.56,3269.08,COD,8,191,5,1,Mobile_App,0,0
DHAN-ORD-104888,CUST-1009,2026-07-01,NP,NPR,Books,2694.05,350.23,KHALTI,3,100,5,0,Mobile_App,0,0
DHAN-ORD-104889,CUST-1077,2026-08-05,NP,NPR,Festive,10025.45,1303.31,ESEWA,8,35,4,0,Mobile_App,0,1
DHAN-ORD-104890,CUST-2093,2026-07-12,IN,INR,Apparel,788.96,142.01,RAZORPAY,5,214,4,0,Mobile_App,0,0
DHAN-ORD-104891,CUST-1408,2026-07-02,NP,NPR,Beauty,7488.62,973.52,ESEWA,9,39,3,0,Desktop,0,0
DHAN-ORD-104892,CUST-2496,2026-07-29,IN,INR,Computers,1074.48,193.41,UPI,3,212,3,1,Mobile_Web,0,0
DHAN-ORD-104893,CUST-1764,2026-07-09,IN,INR,Fitness,3724.79,670.46,COD,7,31,3,0,Mobile_App,0,1
DHAN-ORD-104894,CUST-1028,2026-07-15,IN,INR,Computers,957.72,172.39,UPI,3,52,1,0,Desktop,0,0
DHAN-ORD-104895,CUST-1659,2026-07-03,NP,NPR,Computers,861.24,111.96,ESEWA,6,88,2,0,Mobile_Web,0,0
DHAN-ORD-104896,CUST-2087,2026-07-05,IN,INR,Beauty,2132.25,383.81,UPI,8,98,3,0,Mobile_App,0,0
DHAN-ORD-104897,CUST-1390,2026-07-11,IN,INR,Electronics,4329.41,779.29,UPI,9,114,2,0,Mobile_App,0,1
DHAN-ORD-104898,CUST-1036,2026-07-03,IN,INR,Computers,294.05,52.93,COD,6,56,6,1,Mobile_App,0,1
DHAN-ORD-104899,CUST-2385,2026-09-11,NP,NPR,Kitchen,2306.18,299.8,COD,2,150,3,0,Mobile_App,1,1
DHAN-ORD-104900,CUST-1008,2026-07-01,NP,NPR,Computers,4205.88,546.76,ESEWA,2,207,4,1,Mobile_App,0,0
DHAN-ORD-104901,CUST-2283,2026-07-20,NP,NPR,Electronics,7516.33,977.12,KHALTI,1,65,6,0,Mobile_Web,0,0
DHAN-ORD-104902,CUST-1509,2026-07-04,NP,NPR,Computers,5039.06,655.08,ESEWA,8,71,5,1,Mobile_App,0,0
DHAN-ORD-104903,CUST-1463,2026-07-12,IN,INR,Electronics,2757.66,496.38,COD,3,125,1,0,Mobile_App,0,0
DHAN-ORD-104904,CUST-2420,2026-09-17,AE,AED,Toys,253.84,12.69,APPLE_PAY,1,24,3,0,Desktop,1,0
DHAN-ORD-104905,CUST-1705,2026-07-06,NP,NPR,Fitness,17521.78,2277.83,ESEWA,7,113,5,1,Mobile_App,0,0
DHAN-ORD-104906,CUST-1639,2026-07-12,IN,INR,Beauty,808.61,145.55,UPI,7,111,6,0,Desktop,0,0
DHAN-ORD-104907,CUST-1264,2026-07-07,NP,NPR,Beauty,43557.42,5662.46,ESEWA,6,37,3,0,Mobile_App,0,0
DHAN-ORD-104908,CUST-1210,2026-08-10,NP,NPR,Computers,4693.05,610.1,KHALTI,4,37,3,0,Desktop,0,0
DHAN-ORD-104909,CUST-1785,2026-07-24,NP,NPR,Computers,2017.48,262.27,COD,1,383,3,0,Desktop,0,0
DHAN-ORD-104910,CUST-2030,2026-09-03,NP,NPR,Electronics,10739.51,1396.14,ESEWA,2,74,1,0,Mobile_App,1,0
DHAN-ORD-104911,CUST-2205,2026-07-25,AE,AED,Beauty,150.0,7.5,APPLE_PAY,6,33,5,0,Mobile_App,0,0
DHAN-ORD-104912,CUST-1626,2026-07-23,NP,NPR,Toys,2075.62,269.83,COD,5,85,5,0,Mobile_App,0,0
DHAN-ORD-104913,CUST-1342,2026-07-07,IN,INR,Apparel,3282.99,590.94,RAZORPAY,6,89,5,0,Mobile_Web,0,0
DHAN-ORD-104914,CUST-1133,2026-07-06,NP,NPR,Kitchen,4631.37,602.08,COD,5,83,5,0,Mobile_Web,0,1
DHAN-ORD-104915,CUST-1093,2026-09-13,AE,AED,Computers,265.31,13.27,CARD,4,71,3,0,Mobile_Web,1,0
DHAN-ORD-104916,CUST-1610,2026-07-12,NP,NPR,Fitness,8100.08,1053.01,ESEWA,9,118,1,0,Mobile_App,0,0
DHAN-ORD-104917,CUST-1595,2026-07-14,NP,NPR,Kitchen,2969.58,386.05,ESEWA,8,15,1,0,Mobile_App,0,0
DHAN-ORD-104918,CUST-1933,2026-08-12,NP,NPR,Toys,2035.29,264.59,CONNECT_IPS,1,84,3,0,Mobile_Web,0,0
DHAN-ORD-104919,CUST-2490,2026-07-13,NP,NPR,Beauty,776.27,100.92,ESEWA,2,146,5,0,Mobile_App,0,0
DHAN-ORD-104920,CUST-2065,2026-07-02,NP,NPR,Toys,1536.21,199.71,COD,6,75,7,1,Mobile_Web,0,0
DHAN-ORD-104921,CUST-2221,2026-08-10,IN,INR,Festive,745.69,134.22,UPI,7,92,5,0,Mobile_App,0,0
DHAN-ORD-104922,CUST-2073,2026-07-28,IN,INR,Festive,4371.66,786.9,COD,6,79,0,0,Mobile_App,0,0
DHAN-ORD-104923,CUST-1691,2026-09-02,IN,INR,Beauty,12452.33,2241.42,RAZORPAY,5,257,6,0,Mobile_App,1,0
DHAN-ORD-104924,CUST-1888,2026-07-02,NP,NPR,Beauty,20634.52,2682.49,ESEWA,6,79,3,0,Mobile_App,0,0
DHAN-ORD-104925,CUST-2406,2026-07-09,NP,NPR,Electronics,3736.02,485.68,COD,1,175,6,0,Mobile_Web,0,0
DHAN-ORD-104926,CUST-1274,2026-07-19,NP,NPR,Festive,5762.72,749.15,CONNECT_IPS,2,68,3,0,Desktop,0,0
DHAN-ORD-104927,CUST-1701,2026-07-08,AE,AED,Beauty,150.0,7.5,CARD,6,181,4,0,Desktop,0,0
DHAN-ORD-104928,CUST-2003,2026-08-10,IN,INR,Computers,767.16,138.09,COD,2,23,3,1,Desktop,0,0
DHAN-ORD-104929,CUST-1735,2026-09-14,IN,INR,Kitchen,991.41,178.45,UPI,1,92,4,1,Mobile_App,1,1
DHAN-ORD-104930,CUST-1385,2026-07-17,IN,INR,Computers,758.59,136.55,RAZORPAY,2,129,6,2,Mobile_Web,0,1
DHAN-ORD-104931,CUST-1337,2026-07-13,NP,NPR,Beauty,1105.23,143.68,ESEWA,7,142,0,0,Mobile_App,0,0
DHAN-ORD-104932,CUST-1826,2026-07-08,NP,NPR,Apparel,1406.59,182.86,ESEWA,2,305,5,0,Mobile_Web,0,0
DHAN-ORD-104933,CUST-1039,2026-07-18,NP,NPR,Kitchen,7050.02,916.5,ESEWA,3,90,5,1,Mobile_App,0,1
DHAN-ORD-104934,CUST-1467,2026-07-21,NP,NPR,Computers,437.9,56.93,ESEWA,5,101,2,0,Desktop,0,0
DHAN-ORD-104935,CUST-1459,2026-07-13,NP,NPR,Books,1024.85,133.23,COD,7,237,5,0,Mobile_Web,0,1
DHAN-ORD-104936,CUST-2489,2026-09-11,NP,NPR,Fitness,13751.6,1787.71,ESEWA,8,38,4,0,Mobile_App,1,0
DHAN-ORD-104937,CUST-1268,2026-07-26,IN,INR,Festive,9727.19,1750.89,UPI,7,173,2,0,Mobile_App,0,0
DHAN-ORD-104938,CUST-1432,2026-08-13,IN,INR,Kitchen,945.21,170.14,RAZORPAY,9,63,4,1,Mobile_Web,0,0
DHAN-ORD-104939,CUST-1044,2026-08-20,IN,INR,Toys,1912.12,344.18,RAZORPAY,4,139,5,0,Mobile_Web,0,0
DHAN-ORD-104940,CUST-2207,2026-07-13,AE,AED,Beauty,486.77,24.34,APPLE_PAY,9,109,2,0,Mobile_App,0,0
DHAN-ORD-104941,CUST-2033,2026-07-18,NP,NPR,Electronics,6909.41,898.22,ESEWA,6,42,3,0,Mobile_App,0,0
DHAN-ORD-104942,CUST-1346,2026-08-26,NP,NPR,Computers,9043.12,1175.61,KHALTI,7,101,2,0,Mobile_Web,0,1
DHAN-ORD-104943,CUST-1252,2026-07-14,IN,INR,Kitchen,1980.99,356.58,COD,9,65,1,0,Mobile_App,0,0
DHAN-ORD-104944,CUST-1750,2026-08-17,NP,NPR,Computers,4993.27,649.13,KHALTI,7,109,2,0,Mobile_App,0,0
DHAN-ORD-104945,CUST-2456,2026-09-23,NP,NPR,Books,1318.32,171.38,ESEWA,4,86,6,1,Mobile_App,1,0
DHAN-ORD-104946,CUST-2332,2026-07-30,NP,NPR,Computers,1423.78,185.09,KHALTI,1,255,4,0,Mobile_App,0,0
DHAN-ORD-104947,CUST-1076,2026-08-10,NP,NPR,Kitchen,3425.43,445.31,COD,5,89,3,0,Mobile_App,0,0
DHAN-ORD-104948,CUST-1768,2026-08-19,NP,NPR,Beauty,34388.55,4470.51,KHALTI,8,255,3,0,Mobile_App,0,1
DHAN-ORD-104949,CUST-2311,2026-08-25,NP,NPR,Electronics,49117.63,6385.29,KHALTI,4,321,5,1,Mobile_App,0,0
DHAN-ORD-104950,CUST-1523,2026-07-16,NP,NPR,Apparel,598.93,77.86,COD,4,121,5,1,Mobile_Web,0,0
DHAN-ORD-104951,CUST-2095,2026-07-02,IN,INR,Computers,2904.49,522.81,UPI,6,61,2,0,Mobile_App,0,0
DHAN-ORD-104952,CUST-2276,2026-07-16,NP,NPR,Fitness,2050.63,266.58,ESEWA,7,67,1,0,Mobile_App,0,0
DHAN-ORD-104953,CUST-1099,2026-08-03,NP,NPR,Kitchen,4932.29,641.2,COD,9,84,3,0,Mobile_App,0,1
DHAN-ORD-104954,CUST-2216,2026-07-18,NP,NPR,Apparel,2083.72,270.88,ESEWA,4,70,3,0,Mobile_Web,0,0
DHAN-ORD-104955,CUST-1098,2026-08-11,NP,NPR,Toys,1544.86,200.83,ESEWA,5,89,0,0,Mobile_App,0,0
DHAN-ORD-104956,CUST-2355,2026-07-14,IN,INR,Festive,1298.75,233.77,COD,2,129,4,0,Mobile_Web,0,1
DHAN-ORD-104957,CUST-1221,2026-07-31,IN,INR,Festive,845.45,152.18,UPI,8,171,7,0,Mobile_App,0,0
DHAN-ORD-104958,CUST-2338,2026-07-07,IN,INR,Apparel,8456.38,1522.15,CARD,5,13,3,0,Mobile_App,0,0
DHAN-ORD-104959,CUST-1040,2026-08-11,NP,NPR,Kitchen,2260.1,293.81,COD,1,186,4,0,Desktop,0,1
DHAN-ORD-104960,CUST-1098,2026-07-24,IN,INR,Beauty,1344.8,242.06,RAZORPAY,3,126,4,0,Mobile_App,0,0
DHAN-ORD-104961,CUST-2412,2026-07-07,IN,INR,Toys,2100.51,378.09,UPI,3,92,4,2,Desktop,0,0
DHAN-ORD-104962,CUST-1237,2026-07-11,NP,NPR,Festive,10673.73,1387.58,COD,8,188,3,0,Desktop,0,1
DHAN-ORD-104963,CUST-1853,2026-08-11,NP,NPR,Computers,2481.25,322.56,CONNECT_IPS,6,168,3,0,Mobile_App,0,0
DHAN-ORD-104964,CUST-1909,2026-07-20,NP,NPR,Kitchen,4273.97,555.62,KHALTI,7,111,3,0,Mobile_App,0,0
DHAN-ORD-104965,CUST-1778,2026-07-08,IN,INR,Fitness,6295.05,1133.11,RAZORPAY,4,45,4,0,Mobile_App,0,0
DHAN-ORD-104966,CUST-1253,2026-07-13,IN,INR,Kitchen,587.48,105.75,COD,2,220,3,1,Mobile_App,0,1
DHAN-ORD-104967,CUST-2120,2026-08-07,NP,NPR,Kitchen,11679.57,1518.34,ESEWA,6,398,1,0,Mobile_App,0,0
DHAN-ORD-104968,CUST-1517,2026-07-05,IN,INR,Kitchen,800.08,144.01,UPI,8,176,2,0,Mobile_App,0,0
DHAN-ORD-104969,CUST-1971,2026-07-17,NP,NPR,Apparel,2721.03,353.73,ESEWA,3,174,7,1,Mobile_Web,0,0
DHAN-ORD-104970,CUST-2437,2026-07-20,NP,NPR,Books,12391.22,1610.86,ESEWA,7,23,1,0,Mobile_Web,0,0
DHAN-ORD-104971,CUST-1313,2026-09-07,AE,AED,Beauty,331.03,16.55,CARD,7,107,6,0,Mobile_Web,1,0
DHAN-ORD-104972,CUST-1420,2026-07-23,AE,AED,Electronics,155.34,7.77,CARD,2,208,6,2,Mobile_App,0,0
DHAN-ORD-104973,CUST-2423,2026-08-06,NP,NPR,Electronics,413.96,53.81,ESEWA,8,186,5,0,Mobile_App,0,0
DHAN-ORD-104974,CUST-2404,2026-07-09,NP,NPR,Computers,3909.93,508.29,ESEWA,3,36,2,0,Mobile_Web,0,0
DHAN-ORD-104975,CUST-2290,2026-07-18,NP,NPR,Apparel,4915.24,638.98,ESEWA,1,11,7,1,Mobile_Web,0,0
DHAN-ORD-104976,CUST-1019,2026-07-04,NP,NPR,Beauty,11517.93,1497.33,ESEWA,6,66,4,0,Mobile_App,0,0
DHAN-ORD-104977,CUST-1616,2026-07-07,IN,INR,Electronics,1072.74,193.09,COD,1,111,5,0,Mobile_Web,0,0
DHAN-ORD-104978,CUST-1861,2026-07-01,AE,AED,Apparel,150.0,7.5,CARD,6,72,4,1,Mobile_App,0,0
DHAN-ORD-104979,CUST-2355,2026-07-02,IN,INR,Toys,2081.39,374.65,CARD,2,60,3,0,Mobile_App,0,0
DHAN-ORD-104980,CUST-1206,2026-07-24,NP,NPR,Electronics,3228.27,419.68,KHALTI,6,148,5,0,Mobile_App,0,0
DHAN-ORD-104981,CUST-2356,2026-07-09,IN,INR,Kitchen,458.61,82.55,UPI,8,78,5,0,Desktop,0,0
DHAN-ORD-104982,CUST-2065,2026-08-02,NP,NPR,Books,3959.61,514.75,KHALTI,8,110,3,0,Mobile_Web,0,0
DHAN-ORD-104983,CUST-1552,2026-08-24,AE,AED,Kitchen,421.34,21.07,APPLE_PAY,7,234,1,0,Mobile_App,0,0
DHAN-ORD-104984,CUST-2275,2026-07-24,IN,INR,Toys,971.34,174.84,RAZORPAY,8,161,3,0,Mobile_Web,0,0
DHAN-ORD-104985,CUST-2240,2026-07-05,IN,INR,Beauty,8231.98,1481.76,COD,5,134,2,0,Mobile_App,0,0
DHAN-ORD-104986,CUST-2435,2026-08-09,NP,NPR,Fitness,1323.72,172.08,ESEWA,9,102,1,0,Mobile_App,0,0
DHAN-ORD-104987,CUST-1280,2026-07-28,NP,NPR,Toys,4480.53,582.47,ESEWA,7,91,0,0,Desktop,0,0
DHAN-ORD-104988,CUST-1857,2026-08-09,NP,NPR,Apparel,807.32,104.95,ESEWA,6,567,4,0,Desktop,0,0
DHAN-ORD-104989,CUST-1214,2026-08-14,IN,INR,Festive,3385.99,609.48,UPI,1,127,4,1,Mobile_App,0,0
DHAN-ORD-104990,CUST-2047,2026-07-22,NP,NPR,Festive,2201.26,286.16,ESEWA,5,39,7,0,Mobile_Web,0,0
DHAN-ORD-104991,CUST-2472,2026-07-26,NP,NPR,Apparel,3416.38,444.13,COD,5,508,3,2,Mobile_Web,0,0
DHAN-ORD-104992,CUST-2265,2026-07-13,NP,NPR,Electronics,2872.2,373.39,ESEWA,1,23,2,0,Mobile_Web,0,0
DHAN-ORD-104993,CUST-1241,2026-08-01,IN,INR,Kitchen,4219.39,759.49,RAZORPAY,7,152,6,0,Mobile_App,0,0
DHAN-ORD-104994,CUST-1578,2026-07-03,NP,NPR,Toys,4494.89,584.34,KHALTI,3,316,7,0,Desktop,0,0
DHAN-ORD-104995,CUST-1233,2026-09-07,IN,INR,Apparel,1732.12,311.78,RAZORPAY,4,28,5,1,Mobile_App,1,0
DHAN-ORD-104996,CUST-1217,2026-07-04,IN,INR,Electronics,7384.73,1329.25,RAZORPAY,4,116,6,1,Mobile_Web,0,1
DHAN-ORD-104997,CUST-2019,2026-07-12,AE,AED,Computers,150.0,7.5,APPLE_PAY,6,194,6,1,Desktop,0,0
DHAN-ORD-104998,CUST-1406,2026-08-20,NP,NPR,Apparel,797.1,103.62,KHALTI,5,17,5,0,Mobile_App,0,0
DHAN-ORD-104999,CUST-2247,2026-07-28,NP,NPR,Electronics,3001.77,390.23,COD,4,60,0,0,Desktop,0,0
